{
  "results": [
    {
      "command": "python3 ../ibis-renoir-compiler test.test_operators.TestNullableOperators.test_nullable_inner_join_select --backend flink --path_suffix _100000000",
      "mean": 8.78427461532,
      "stddev": 0.3580585828141345,
      "median": 8.681185427519999,
      "user": 29.850720299999995,
      "system": 4.16511742,
      "min": 8.552141369520001,
      "max": 9.74373280852,
      "times": [
        8.96242264052,
        8.75636385252,
        8.552141369520001,
        8.55870930552,
        9.74373280852,
        8.70260881852,
        8.60046893852,
        8.65976203652,
        8.706792270520001,
        8.59974411252
      ],
      "exit_codes": [
        0,
        0,
        0,
        0,
        0,
        0,
        0,
        0,
        0,
        0
      ]
    }
  ]
}
