{
  "results": [
    {
      "command": "python3 ../ibis-renoir-compiler test.test_nexmark.TestNexmark.test_nexmark_query_4 --backend duckdb --path_suffix _100000000",
      "mean": 17.74375006748,
      "stddev": 0.13371020736667846,
      "median": 17.70560373648,
      "user": 41.758395300000004,
      "system": 13.52772826,
      "min": 17.578883246980002,
      "max": 18.02207578798,
      "times": [
        18.02207578798,
        17.597750635980002,
        17.578883246980002,
        17.705105607980002,
        17.706101864980003,
        17.885500775980002,
        17.81549747898,
        17.69012065498,
        17.75438134398,
        17.682083276980002
      ],
      "exit_codes": [
        0,
        0,
        0,
        0,
        0,
        0,
        0,
        0,
        0,
        0
      ]
    }
  ]
}
