{
  "results": [
    {
      "command": "python3 ../ibis-renoir-compiler test.test_nexmark.TestNexmark.test_nexmark_query_6 --backend flink --path_suffix _100000000",
      "mean": 23.975091797479998,
      "stddev": 0.36437523923074105,
      "median": 24.05231986018,
      "user": 44.5074567,
      "system": 15.355940219999999,
      "min": 23.50419253168,
      "max": 24.66097440568,
      "times": [
        24.09579193168,
        23.50419253168,
        24.038590460680002,
        23.66783752968,
        23.60445233668,
        24.06604925968,
        24.14735635968,
        24.66097440568,
        23.65550260368,
        24.31017055568
      ],
      "exit_codes": [
        0,
        0,
        0,
        0,
        0,
        0,
        0,
        0,
        0,
        0
      ]
    }
  ]
}
