{
  "results": [
    {
      "command": "python3 ../ibis-renoir-compiler test.test_nexmark.TestNexmark.test_nexmark_query_2 --backend renoir --path_suffix _100000000",
      "mean": 15.362549959859999,
      "stddev": 0.4160891404077637,
      "median": 15.258604359060001,
      "user": 79.58294914,
      "system": 8.17191574,
      "min": 14.91477156406,
      "max": 16.03594779406,
      "times": [
        14.95498937406,
        15.34088327006,
        15.75801204806,
        14.94189792306,
        15.723870937060001,
        15.17632544806,
        15.73408425106,
        14.91477156406,
        16.03594779406,
        15.04471698906
      ],
      "exit_codes": [
        0,
        0,
        0,
        0,
        0,
        0,
        0,
        0,
        0,
        0
      ]
    }
  ]
}
