{
  "results": [
    {
      "command": "python3 ../ibis-renoir-compiler test.test_nexmark.TestNexmark.test_nexmark_query_6 --backend polars --path_suffix _100000000",
      "mean": 21.01870588048,
      "stddev": 0.05769383258022525,
      "median": 21.016374203079998,
      "user": 43.364589439999996,
      "system": 14.924522579999996,
      "min": 20.93237326308,
      "max": 21.09908419908,
      "times": [
        21.03339874708,
        20.94183295308,
        21.05384008508,
        20.99509592108,
        20.93237326308,
        20.98324709508,
        21.06245448408,
        21.09908419908,
        21.086382398079998,
        20.99934965908
      ],
      "exit_codes": [
        0,
        0,
        0,
        0,
        0,
        0,
        0,
        0,
        0,
        0
      ]
    }
  ]
}
