{
  "results": [
    {
      "command": "python3 ../ibis-renoir-compiler test.test_operators.TestNullableOperators.test_nullable_inner_join_select --backend duckdb --path_suffix _100000000",
      "mean": 5.928585200420001,
      "stddev": 0.07697140943148999,
      "median": 5.89571634452,
      "user": 28.80804797999999,
      "system": 4.15728662,
      "min": 5.86301538152,
      "max": 6.09242615252,
      "times": [
        5.88516599152,
        5.92880058252,
        5.86301538152,
        6.09242615252,
        5.90217930152,
        5.87531015452,
        5.88925338752,
        5.93804819452,
        6.038399539519999,
        5.87325331852
      ],
      "exit_codes": [
        0,
        0,
        0,
        0,
        0,
        0,
        0,
        0,
        0,
        0
      ]
    }
  ]
}
