{
  "results": [
    {
      "command": "python3 ../ibis-renoir-compiler test.test_operators.TestNullableOperators.test_nullable_join_group_reduce --backend flink --path_suffix _100000000",
      "mean": 27.531798628980006,
      "stddev": 1.7865346918801466,
      "median": 27.93934533358,
      "user": 78.60229647999999,
      "system": 11.2275942,
      "min": 24.808537693580003,
      "max": 30.205786646580002,
      "times": [
        28.762283788580003,
        28.017014880580003,
        27.86167578658,
        27.735596205580002,
        30.205786646580002,
        28.63030457158,
        28.65083884358,
        25.17748592058,
        25.46846195258,
        24.808537693580003
      ],
      "exit_codes": [
        0,
        0,
        0,
        0,
        0,
        0,
        0,
        0,
        0,
        0
      ]
    }
  ]
}
