{
  "results": [
    {
      "command": "python3 ../ibis-renoir-compiler test.test_nexmark.TestNexmark.test_nexmark_query_4 --backend flink --path_suffix _100000000",
      "mean": 20.32366702264,
      "stddev": 0.3536092768023934,
      "median": 20.131195250239998,
      "user": 43.05876406,
      "system": 13.833479539999999,
      "min": 19.966823759740002,
      "max": 21.06830333674,
      "times": [
        20.14848157074,
        20.57032668874,
        20.04569358674,
        20.66035101174,
        19.966823759740002,
        20.10296461674,
        21.06830333674,
        20.45996586474,
        20.11390892974,
        20.099850860740002
      ],
      "exit_codes": [
        0,
        0,
        0,
        0,
        0,
        0,
        0,
        0,
        0,
        0
      ]
    }
  ]
}
