{
  "results": [
    {
      "command": "python3 ../ibis-renoir-compiler test.test_nexmark.TestNexmark.test_nexmark_query_3 --backend flink --path_suffix _100000000",
      "mean": 3.4991226465799996,
      "stddev": 0.04055331929621076,
      "median": 3.48866674608,
      "user": 2.30968224,
      "system": 1.0600490999999999,
      "min": 3.44652882758,
      "max": 3.56768287458,
      "times": [
        3.5237186065799997,
        3.54746443558,
        3.48619542858,
        3.45933817258,
        3.49113806358,
        3.45777149058,
        3.44652882758,
        3.48591197958,
        3.56768287458,
        3.52547658658
      ],
      "exit_codes": [
        0,
        0,
        0,
        0,
        0,
        0,
        0,
        0,
        0,
        0
      ]
    }
  ]
}
