{
  "results": [
    {
      "command": "python3 ../ibis-renoir-compiler test.test_operators.TestNullableOperators.test_nullable_filter_group_select --backend duckdb --path_suffix _100000000",
      "mean": 3.1230298633199998,
      "stddev": 0.07106602444110491,
      "median": 3.1055896594199996,
      "user": 12.941750719999998,
      "system": 2.3987574,
      "min": 3.06167518092,
      "max": 3.3115356769199997,
      "times": [
        3.1321627849199998,
        3.12012524192,
        3.09456109292,
        3.06167518092,
        3.3115356769199997,
        3.08306857292,
        3.0985817509199998,
        3.0726630829199997,
        3.11259756792,
        3.1433276809199997
      ],
      "exit_codes": [
        0,
        0,
        0,
        0,
        0,
        0,
        0,
        0,
        0,
        0
      ]
    }
  ]
}
