{
  "results": [
    {
      "command": "python3 ../ibis-renoir-compiler test.test_operators.TestNullableOperators.test_nullable_filter_group_mutate --backend duckdb --path_suffix _100000000",
      "mean": 3.11108752198,
      "stddev": 0.07638660977619703,
      "median": 3.08897675828,
      "user": 12.76715798,
      "system": 2.3952860799999995,
      "min": 3.07341027928,
      "max": 3.3263651302799997,
      "times": [
        3.0939308352799997,
        3.07926126528,
        3.1068563442799997,
        3.08406829728,
        3.0938852192799997,
        3.07341079828,
        3.07341027928,
        3.09604557028,
        3.08364148028,
        3.3263651302799997
      ],
      "exit_codes": [
        0,
        0,
        0,
        0,
        0,
        0,
        0,
        0,
        0,
        0
      ]
    }
  ]
}
