{
  "results": [
    {
      "command": "python3 ../ibis-renoir-compiler test.test_nexmark.TestNexmark.test_nexmark_query_3 --backend polars --path_suffix _100000000",
      "mean": 1.5137502603800002,
      "stddev": 0.012860953360525932,
      "median": 1.51062651098,
      "user": 1.8343142999999997,
      "system": 0.99810214,
      "min": 1.4990163674800001,
      "max": 1.53225477748,
      "times": [
        1.4990163674800001,
        1.52336853948,
        1.52236037048,
        1.50065266448,
        1.51101776348,
        1.49907238548,
        1.53166581948,
        1.5078586574800001,
        1.51023525848,
        1.53225477748
      ],
      "exit_codes": [
        0,
        0,
        0,
        0,
        0,
        0,
        0,
        0,
        0,
        0
      ]
    }
  ]
}
