{
  "results": [
    {
      "command": "python3 ../ibis-renoir-compiler test.test_operators.TestNullableOperators.test_nullable_filter_filter_select_select --backend renoir --path_suffix _100000000",
      "mean": 6.445609467740001,
      "stddev": 0.17954740551674636,
      "median": 6.469012682440001,
      "user": 33.95492155999999,
      "system": 1.6894247199999999,
      "min": 5.999934378440001,
      "max": 6.64787143944,
      "times": [
        6.47799171944,
        5.999934378440001,
        6.521148287440001,
        6.47955847444,
        6.46003364544,
        6.64787143944,
        6.44569228744,
        6.420681437440001,
        6.36818509244,
        6.6349979154400005
      ],
      "exit_codes": [
        0,
        0,
        0,
        0,
        0,
        0,
        0,
        0,
        0,
        0
      ]
    }
  ]
}
