{
  "results": [
    {
      "command": "python3 ../ibis-renoir-compiler test.test_operators.TestNullableOperators.test_nullable_filter_select --backend polars --path_suffix _100000000",
      "mean": 8.516866858700002,
      "stddev": 0.09568915623339297,
      "median": 8.4997965154,
      "user": 8.80194588,
      "system": 1.9783177000000003,
      "min": 8.390922516400002,
      "max": 8.6636549844,
      "times": [
        8.526052189400001,
        8.5725297404,
        8.605768905400002,
        8.407401618400002,
        8.6636549844,
        8.4347845374,
        8.4735408414,
        8.622830760400001,
        8.4711824934,
        8.390922516400002
      ],
      "exit_codes": [
        0,
        0,
        0,
        0,
        0,
        0,
        0,
        0,
        0,
        0
      ]
    }
  ]
}
