{
  "results": [
    {
      "command": "python3 ../ibis-renoir-compiler test.test_operators.TestNullableOperators.test_nullable_inner_join_select --backend polars --path_suffix _100000000",
      "mean": 6.05728522098,
      "stddev": 0.3674413617518019,
      "median": 5.93433994828,
      "user": 28.669065220000004,
      "system": 4.222070659999999,
      "min": 5.86340311628,
      "max": 7.0854901222799995,
      "times": [
        5.896991390279999,
        5.86340311628,
        5.98775198028,
        6.03252875928,
        5.909583532279999,
        7.0854901222799995,
        5.865444366279999,
        5.94656146728,
        6.06297904628,
        5.922118429279999
      ],
      "exit_codes": [
        0,
        0,
        0,
        0,
        0,
        0,
        0,
        0,
        0,
        0
      ]
    }
  ]
}
