{
  "results": [
    {
      "command": "python3 ../ibis-renoir-compiler test.test_operators.TestNullableOperators.test_nullable_filter_group_select --backend flink --path_suffix _100000000",
      "mean": 5.89336521932,
      "stddev": 0.1684845795481118,
      "median": 5.83157111242,
      "user": 14.127384199999998,
      "system": 2.6116294399999997,
      "min": 5.731915411919999,
      "max": 6.25371107192,
      "times": [
        6.110973878919999,
        5.95769755892,
        5.83575994192,
        5.731915411919999,
        5.87454421192,
        6.25371107192,
        5.81585857092,
        5.8273822829199995,
        5.76403886892,
        5.76177039492
      ],
      "exit_codes": [
        0,
        0,
        0,
        0,
        0,
        0,
        0,
        0,
        0,
        0
      ]
    }
  ]
}
