{
  "results": [
    {
      "command": "python3 ../ibis-renoir-compiler test.test_operators.TestNullableOperators.test_nullable_filter_group_select --backend polars --path_suffix _100000000",
      "mean": 3.1499755215,
      "stddev": 0.0442146600152138,
      "median": 3.1437946012999998,
      "user": 12.8737181,
      "system": 2.4037930199999997,
      "min": 3.0934386403,
      "max": 3.2603255013,
      "times": [
        3.1300112262999997,
        3.2603255013,
        3.1451155223,
        3.1678872433,
        3.1154245493,
        3.1548657783,
        3.1539521592999997,
        3.1424736802999997,
        3.1362609142999998,
        3.0934386403
      ],
      "exit_codes": [
        0,
        0,
        0,
        0,
        0,
        0,
        0,
        0,
        0,
        0
      ]
    }
  ]
}
