{
  "results": [
    {
      "command": "python3 ../ibis-renoir-compiler test.test_operators.TestNonNullableOperators.test_non_nullable_group_reduce_group_reduce_join --backend renoir --path_suffix _10000000",
      "mean": 12.686212246980002,
      "stddev": 0.08650692898561313,
      "median": 12.700850821980001,
      "user": 101.06766958,
      "system": 7.5740827600000005,
      "min": 12.533453983480001,
      "max": 12.826531967480001,
      "times": [
        12.59775759448,
        12.69338155348,
        12.72093417748,
        12.656715895480001,
        12.76562150648,
        12.533453983480001,
        12.618483064480001,
        12.70832009048,
        12.826531967480001,
        12.74092263648
      ],
      "exit_codes": [
        0,
        0,
        0,
        0,
        0,
        0,
        0,
        0,
        0,
        0
      ]
    }
  ]
}
