{
  "results": [
    {
      "command": "python3 ../ibis-renoir-compiler test.test_operators.TestNonNullableOperators.test_non_nullable_filter_reduce --backend renoir --path_suffix _10000000",
      "mean": 2.5819424952199994,
      "stddev": 0.02057413962580972,
      "median": 2.5724734947199996,
      "user": 12.157284039999999,
      "system": 1.04361486,
      "min": 2.55750683772,
      "max": 2.62073390772,
      "times": [
        2.56806246672,
        2.5948003217199997,
        2.57082740872,
        2.59513566472,
        2.55750683772,
        2.60472553872,
        2.62073390772,
        2.5741195807199997,
        2.56907081572,
        2.56444240972
      ],
      "exit_codes": [
        0,
        0,
        0,
        0,
        0,
        0,
        0,
        0,
        0,
        0
      ]
    }
  ]
}
