{
  "results": [
    {
      "command": "python3 ../ibis-renoir-compiler test.test_operators.TestNullableOperators.test_nullable_inner_join_select --backend duckdb --path_suffix _100000000",
      "mean": 3.57092694758,
      "stddev": 0.025173676854323677,
      "median": 3.57069732858,
      "user": 29.407421020000005,
      "system": 2.1115185199999997,
      "min": 3.54029623558,
      "max": 3.6256016785800003,
      "times": [
        3.57487489458,
        3.54861953758,
        3.56271062858,
        3.5701287385800002,
        3.54380529658,
        3.57126591858,
        3.6256016785800003,
        3.5876298925800003,
        3.54029623558,
        3.58433665458
      ],
      "exit_codes": [
        0,
        0,
        0,
        0,
        0,
        0,
        0,
        0,
        0,
        0
      ]
    }
  ]
}
