{
  "results": [
    {
      "command": "python3 ../ibis-renoir-compiler test.test_operators.TestNullableOperators.test_nullable_inner_join_select --backend polars --path_suffix _100000000",
      "mean": 3.6274202319399995,
      "stddev": 0.01574205739449462,
      "median": 3.62175564214,
      "user": 29.431483859999993,
      "system": 2.14018526,
      "min": 3.61202663914,
      "max": 3.6586611331400003,
      "times": [
        3.6586611331400003,
        3.6495436421400003,
        3.61202663914,
        3.61716129214,
        3.6130122191400003,
        3.62852966114,
        3.6343280581400004,
        3.61742839014,
        3.6227832171400003,
        3.62072806714
      ],
      "exit_codes": [
        0,
        0,
        0,
        0,
        0,
        0,
        0,
        0,
        0,
        0
      ]
    }
  ]
}
