{
  "results": [
    {
      "command": "python3 ../ibis-renoir-compiler test.test_operators.TestNullableOperators.test_nullable_inner_join_select --backend renoir --path_suffix _100000000",
      "mean": 12.14026231914,
      "stddev": 0.612568997362083,
      "median": 12.34240008804,
      "user": 112.14239555999998,
      "system": 6.210058319999999,
      "min": 10.77772564904,
      "max": 12.65316312104,
      "times": [
        10.77772564904,
        11.36169867004,
        12.52730525204,
        12.22500881504,
        12.305100403039999,
        12.50356825604,
        12.37969977304,
        12.01658773504,
        12.65316312104,
        12.65276551704
      ],
      "exit_codes": [
        0,
        0,
        0,
        0,
        0,
        0,
        0,
        0,
        0,
        0
      ]
    }
  ]
}
