{
  "results": [
    {
      "command": "python3 ../ibis-renoir-compiler test.test_operators.TestNullableOperators.test_nullable_inner_join_select --backend flink --path_suffix _100000000",
      "mean": 5.17096565638,
      "stddev": 0.11276997850372371,
      "median": 5.1763098776800005,
      "user": 27.71582482,
      "system": 2.0639901999999997,
      "min": 4.99513186568,
      "max": 5.305648172680001,
      "times": [
        5.10683802868,
        4.99513186568,
        4.99588380568,
        5.165844203680001,
        5.143038031680001,
        5.305648172680001,
        5.270955804680001,
        5.2748560836800005,
        5.2646850156800005,
        5.18677555168
      ],
      "exit_codes": [
        0,
        0,
        0,
        0,
        0,
        0,
        0,
        0,
        0,
        0
      ]
    }
  ]
}
