{
  "results": [
    {
      "command": "python ../ibis-renoir-compiler test.test_nexmark.TestNexmark.test_nexmark_query_1 --backend renoir --path_suffix _10000000",
      "mean": 3.07074403248,
      "stddev": 0.04400574474879132,
      "median": 3.05382063268,
      "user": 10.78234204,
      "system": 1.2923427799999998,
      "min": 3.02854451268,
      "max": 3.15067473168,
      "times": [
        3.09559537368,
        3.13910639568,
        3.03891591468,
        3.02854451268,
        3.04228341368,
        3.0312026316800003,
        3.05453014368,
        3.07347608568,
        3.05311112168,
        3.15067473168
      ],
      "exit_codes": [
        0,
        0,
        0,
        0,
        0,
        0,
        0,
        0,
        0,
        0
      ]
    },
    {
      "command": "python ../ibis-renoir-compiler test.test_nexmark.TestNexmark.test_nexmark_query_1 --backend polars --path_suffix _10000000",
      "mean": 4.266976444280001,
      "stddev": 0.07237551760956062,
      "median": 4.28482714768,
      "user": 3.85651814,
      "system": 1.7872809799999998,
      "min": 4.13619176368,
      "max": 4.34407486868,
      "times": [
        4.34407486868,
        4.28325323368,
        4.26938907768,
        4.13619176368,
        4.14357436268,
        4.25247316868,
        4.3112001836800005,
        4.31509521968,
        4.28640106168,
        4.32811150268
      ],
      "exit_codes": [
        0,
        0,
        0,
        0,
        0,
        0,
        0,
        0,
        0,
        0
      ]
    }
  ]
}
