{
  "results": [
    {
      "command": "python3 ../ibis-renoir-compiler test.test_operators.TestNullableOperators.test_nullable_filter_group_select --backend flink --path_suffix _100000000",
      "mean": 6.198869105079999,
      "stddev": 0.35613494304665394,
      "median": 6.10931252288,
      "user": 14.10185122,
      "system": 2.5881084800000003,
      "min": 5.7796429493799995,
      "max": 6.99381921438,
      "times": [
        6.570626220379999,
        6.99381921438,
        6.12001520038,
        6.02303133338,
        6.11203001338,
        6.10659503238,
        6.36461779438,
        5.95889784638,
        5.7796429493799995,
        5.9594154463799995
      ],
      "exit_codes": [
        0,
        0,
        0,
        0,
        0,
        0,
        0,
        0,
        0,
        0
      ]
    }
  ]
}
