{
  "results": [
    {
      "command": "python3 ../ibis-renoir-compiler test.test_operators.TestNullableOperators.test_nullable_filter_reduce --backend duckdb --path_suffix _100000000",
      "mean": 3.1669873776199995,
      "stddev": 0.14611740312042373,
      "median": 3.16123590802,
      "user": 12.806535019999998,
      "system": 2.46133288,
      "min": 2.99824274552,
      "max": 3.4706606815199996,
      "times": [
        3.25034446452,
        3.13577685852,
        3.2686382905199998,
        3.0681279195199997,
        3.4706606815199996,
        3.18669495752,
        3.03728437852,
        3.2343617235199997,
        3.0197417565199998,
        2.99824274552
      ],
      "exit_codes": [
        0,
        0,
        0,
        0,
        0,
        0,
        0,
        0,
        0,
        0
      ]
    }
  ]
}
