{
  "results": [
    {
      "command": "python ../ibis-quickstart test.test_nexmark.TestNexmark.test_nexmark_query_2 --backend renoir --path_suffix _1000",
      "mean": 3.4337649188600006,
      "stddev": 0.07699573648235898,
      "median": 3.41038121086,
      "user": 11.73185144,
      "system": 0.9742322,
      "min": 3.36572942686,
      "max": 3.6184919738600003,
      "times": [
        3.4343552278600002,
        3.40798983386,
        3.36908780786,
        3.36572942686,
        3.39517218386,
        3.51510487786,
        3.4057410468600002,
        3.6184919738600003,
        3.41277258786,
        3.41320422186
      ],
      "exit_codes": [
        0,
        0,
        0,
        0,
        0,
        0,
        0,
        0,
        0,
        0
      ]
    },
    {
      "command": "python ../ibis-quickstart test.test_nexmark.TestNexmark.test_nexmark_query_2 --backend duckdb --path_suffix _1000",
      "mean": 0.8680826341600001,
      "stddev": 0.05090971541562596,
      "median": 0.8440232413600001,
      "user": 0.9457514399999999,
      "system": 0.6217961,
      "min": 0.8274051238600001,
      "max": 0.9689021428600001,
      "times": [
        0.8481712198600001,
        0.83987526286,
        0.8274051238600001,
        0.83462388486,
        0.83398659086,
        0.8393863398600001,
        0.9513249398600001,
        0.9689021428600001,
        0.8803984088600001,
        0.85675242786
      ],
      "exit_codes": [
        0,
        0,
        0,
        0,
        0,
        0,
        0,
        0,
        0,
        0
      ]
    }
  ]
}
