{
  "results": [
    {
      "command": "python ../ibis-quickstart test.test_nexmark.TestNexmark.test_nexmark_query_2 --backend renoir --path_suffix _100000000",
      "mean": 19.333416309540002,
      "stddev": 0.39708671357065095,
      "median": 19.33572257534,
      "user": 91.01104306,
      "system": 11.724229499999998,
      "min": 18.629135792840003,
      "max": 19.973837511840003,
      "times": [
        18.629135792840003,
        19.272379575840002,
        19.47306219084,
        19.428903559840002,
        19.176609813840003,
        18.98603941884,
        19.973837511840003,
        19.39906557484,
        19.86981998984,
        19.12530966684
      ],
      "exit_codes": [
        0,
        0,
        0,
        0,
        0,
        0,
        0,
        0,
        0,
        0
      ]
    },
    {
      "command": "python ../ibis-quickstart test.test_nexmark.TestNexmark.test_nexmark_query_2 --backend duckdb --path_suffix _100000000",
      "mean": 32.42611300084,
      "stddev": 0.5109641188554611,
      "median": 32.137491947840005,
      "user": 17.567583659999997,
      "system": 10.611730699999999,
      "min": 32.06280579084,
      "max": 33.35955220484,
      "times": [
        32.06280579084,
        32.13360016584,
        32.14138372984,
        32.16184536184,
        32.10885549084,
        32.10406967584,
        32.09906679684,
        33.17280618384,
        32.91714460784,
        33.35955220484
      ],
      "exit_codes": [
        0,
        0,
        0,
        0,
        0,
        0,
        0,
        0,
        0,
        0
      ]
    }
  ]
}
