{
  "results": [
    {
      "command": "python3 ../ibis-renoir-compiler test.test_operators.TestNullableOperators.test_nullable_group_reduce_group_reduce_join --backend renoir --path_suffix _100000000",
      "mean": 780.7326731457599,
      "stddev": 471.9888054185423,
      "median": 750.47576574536,
      "user": 579.65827814,
      "system": 184.65075002000003,
      "min": 222.37714370686,
      "max": 1649.39388153486,
      "times": [
        497.71630721786005,
        991.23667270186,
        1048.14899235286,
        509.71485878886,
        360.91346113586,
        1201.69909914686,
        1042.6038183748599,
        283.52249649686,
        1649.39388153486,
        222.37714370686
      ],
      "exit_codes": [
        0,
        0,
        0,
        0,
        0,
        0,
        0,
        0,
        0,
        0
      ]
    }
  ]
}
