{
  "results": [
    {
      "command": "python3 ../ibis-renoir-compiler test.test_operators.TestNullableOperators.test_nullable_group_reduce_join_mutate --backend duckdb --path_suffix _100000000",
      "mean": 18.19391672518,
      "stddev": 0.06779849499835161,
      "median": 18.18325838928,
      "user": 90.25952523999999,
      "system": 8.366951499999999,
      "min": 18.10504367278,
      "max": 18.30811182778,
      "times": [
        18.15365054378,
        18.30811182778,
        18.268838785779998,
        18.26421613078,
        18.19518798078,
        18.10504367278,
        18.20081533278,
        18.15815676278,
        18.17132879778,
        18.113817416779998
      ],
      "exit_codes": [
        0,
        0,
        0,
        0,
        0,
        0,
        0,
        0,
        0,
        0
      ]
    }
  ]
}
