{
  "results": [
    {
      "command": "python3 ../ibis-renoir-compiler test.test_operators.TestNullableOperators.test_nullable_filter_group_select --backend flink --path_suffix _100000000",
      "mean": 3.7539240218000005,
      "stddev": 0.036918508153232436,
      "median": 3.7417834519,
      "user": 12.532066079999998,
      "system": 1.3718094399999998,
      "min": 3.7197482904,
      "max": 3.8349470744,
      "times": [
        3.7445163064,
        3.7197482904,
        3.7499773984,
        3.7329619004000003,
        3.7390505974000003,
        3.8349470744,
        3.7965460384000003,
        3.7307416284,
        3.7705662234000004,
        3.7201847604
      ],
      "exit_codes": [
        0,
        0,
        0,
        0,
        0,
        0,
        0,
        0,
        0,
        0
      ]
    }
  ]
}
