{
  "results": [
    {
      "command": "python3 ../ibis-renoir-compiler test.test_operators.TestNullableOperators.test_nullable_group_reduce_join_mutate --backend flink --path_suffix _100000000",
      "mean": 20.121794442340004,
      "stddev": 0.0925497197804095,
      "median": 20.08852759394,
      "user": 91.18419187999999,
      "system": 8.511672540000001,
      "min": 19.983093125440003,
      "max": 20.255160341440003,
      "times": [
        20.102194880440003,
        20.255160341440003,
        20.23315634644,
        20.067172174440003,
        19.983093125440003,
        20.070518853440003,
        20.07486030744,
        20.191407271440003,
        20.205666402440002,
        20.03471472044
      ],
      "exit_codes": [
        0,
        0,
        0,
        0,
        0,
        0,
        0,
        0,
        0,
        0
      ]
    }
  ]
}
