{
  "results": [
    {
      "command": "python3 ../ibis-renoir-compiler test.test_operators.TestNullableOperators.test_nullable_filter_reduce --backend duckdb --path_suffix _100000000",
      "mean": 1.9970502587000003,
      "stddev": 0.015412782635283723,
      "median": 1.9923584177000002,
      "user": 13.383063960000001,
      "system": 1.3606622800000001,
      "min": 1.9749734777,
      "max": 2.0299500516999998,
      "times": [
        1.9918196277000002,
        2.0035110167,
        2.0098086227,
        2.0043935236999997,
        1.9883893047000003,
        1.9861326047,
        2.0299500516999998,
        1.9928972077000002,
        1.9886271497000003,
        1.9749734777
      ],
      "exit_codes": [
        0,
        0,
        0,
        0,
        0,
        0,
        0,
        0,
        0,
        0
      ]
    }
  ]
}
