{
  "results": [
    {
      "command": "python3 ../ibis-renoir-compiler test.test_operators.TestNullableOperators.test_nullable_filter_group_mutate_reduce --backend polars --path_suffix _100000000",
      "mean": 71.73337296692,
      "stddev": 1.0528275158856097,
      "median": 71.85509990951999,
      "user": 107.52523534000002,
      "system": 13.636306299999998,
      "min": 69.59366550301999,
      "max": 73.40735169202,
      "times": [
        73.40735169202,
        72.15206845902,
        72.16800671802,
        71.86901838802,
        71.84118143101999,
        72.65427583302,
        71.65872979401999,
        71.35273987801999,
        69.59366550301999,
        70.63669197301999
      ],
      "exit_codes": [
        0,
        0,
        0,
        0,
        0,
        0,
        0,
        0,
        0,
        0
      ]
    }
  ]
}
