{
  "results": [
    {
      "command": "python3 ../ibis-renoir-compiler test.test_operators.TestNullableOperators.test_nullable_filter_reduce --backend renoir --path_suffix _100000000",
      "mean": 5.808552877240001,
      "stddev": 0.02538550925025903,
      "median": 5.80801252364,
      "user": 47.57407109999999,
      "system": 1.5218619199999996,
      "min": 5.76913436164,
      "max": 5.84441216164,
      "times": [
        5.76913436164,
        5.776762107640001,
        5.7917674346400005,
        5.797951713640001,
        5.84441216164,
        5.799236634640001,
        5.81678841264,
        5.8277735466400005,
        5.82655938364,
        5.835143015640001
      ],
      "exit_codes": [
        0,
        0,
        0,
        0,
        0,
        0,
        0,
        0,
        0,
        0
      ]
    }
  ]
}
