{
  "results": [
    {
      "command": "python3 ../ibis-renoir-compiler test.test_operators.TestNullableOperators.test_nullable_filter_group_select --backend duckdb --path_suffix _100000000",
      "mean": 2.00344655906,
      "stddev": 0.028365055184568368,
      "median": 1.99891800466,
      "user": 13.440920219999999,
      "system": 1.35599942,
      "min": 1.96523601166,
      "max": 2.07741438166,
      "times": [
        1.96523601166,
        1.99578344166,
        1.9976657336599999,
        2.00017027566,
        2.00257976266,
        1.9965716256600001,
        1.99102751266,
        2.0025684566599997,
        2.07741438166,
        2.00544838866
      ],
      "exit_codes": [
        0,
        0,
        0,
        0,
        0,
        0,
        0,
        0,
        0,
        0
      ]
    }
  ]
}
