{
  "results": [
    {
      "command": "python3 ../ibis-renoir-compiler test.test_operators.TestNullableOperators.test_nullable_filter_group_mutate --backend flink --path_suffix _100000000",
      "mean": 3.63527028948,
      "stddev": 0.05146411488070941,
      "median": 3.62976614968,
      "user": 12.52902394,
      "system": 1.3710004799999997,
      "min": 3.55399812568,
      "max": 3.71088807668,
      "times": [
        3.55399812568,
        3.61576444268,
        3.58541242868,
        3.71088807668,
        3.60400447568,
        3.6437678566800002,
        3.6004667566800004,
        3.6940466236800003,
        3.68236468668,
        3.66198942168
      ],
      "exit_codes": [
        0,
        0,
        0,
        0,
        0,
        0,
        0,
        0,
        0,
        0
      ]
    }
  ]
}
