{
  "results": [
    {
      "command": "python3 ../ibis-renoir-compiler test.test_operators.TestNullableOperators.test_nullable_filter_group_mutate --backend duckdb --path_suffix _100000000",
      "mean": 1.9933433386800001,
      "stddev": 0.014283672978221406,
      "median": 1.99347710228,
      "user": 13.416130659999999,
      "system": 1.3709248400000003,
      "min": 1.96871270878,
      "max": 2.02428130678,
      "times": [
        1.96871270878,
        2.02428130678,
        1.99215797478,
        1.9903576947800001,
        1.99479622978,
        1.99495353778,
        1.9875952727800001,
        1.9822627477800001,
        1.99503958878,
        2.00327632478
      ],
      "exit_codes": [
        0,
        0,
        0,
        0,
        0,
        0,
        0,
        0,
        0,
        0
      ]
    }
  ]
}
