{
  "results": [
    {
      "command": "python3 ../ibis-renoir-compiler test.test_operators.TestNullableOperators.test_nullable_filter_select --backend polars --path_suffix _100000000",
      "mean": 7.318761184779999,
      "stddev": 0.1198536966678822,
      "median": 7.26533505918,
      "user": 6.9790423599999984,
      "system": 1.2607430999999998,
      "min": 7.25019445268,
      "max": 7.62850173468,
      "times": [
        7.26511053568,
        7.31559704268,
        7.26032209268,
        7.26305504768,
        7.41713949568,
        7.25019445268,
        7.25512117268,
        7.26555958268,
        7.62850173468,
        7.26701069068
      ],
      "exit_codes": [
        0,
        0,
        0,
        0,
        0,
        0,
        0,
        0,
        0,
        0
      ]
    }
  ]
}
