{
  "results": [
    {
      "command": "python3 ../ibis-renoir-compiler test.test_operators.TestNullableOperators.test_nullable_filter_group_mutate --backend polars --path_suffix _100000000",
      "mean": 2.04814991234,
      "stddev": 0.027157739848233213,
      "median": 2.04086560964,
      "user": 13.486294560000001,
      "system": 1.3802723,
      "min": 2.0306631011399996,
      "max": 2.1228847421399997,
      "times": [
        2.0372829581399996,
        2.0332276651399996,
        2.03738875514,
        2.03190207714,
        2.1228847421399997,
        2.0306631011399996,
        2.0464911671399997,
        2.0443424641399996,
        2.0507170701399997,
        2.04659912314
      ],
      "exit_codes": [
        0,
        0,
        0,
        0,
        0,
        0,
        0,
        0,
        0,
        0
      ]
    }
  ]
}
