{
  "results": [
    {
      "command": "python3 ../ibis-renoir-compiler test.test_nexmark.TestNexmark.test_nexmark_query_1 --backend duckdb --path_suffix _10000000",
      "mean": 3.7857975757799998,
      "stddev": 0.01354477629785348,
      "median": 3.7840105255800003,
      "user": 3.54277272,
      "system": 1.2151695,
      "min": 3.75505689358,
      "max": 3.80375452958,
      "times": [
        3.75505689358,
        3.80211263258,
        3.78655567658,
        3.78292442958,
        3.78450430158,
        3.79464454358,
        3.78322119858,
        3.7835167495800004,
        3.78168480258,
        3.80375452958
      ],
      "exit_codes": [
        0,
        0,
        0,
        0,
        0,
        0,
        0,
        0,
        0,
        0
      ]
    }
  ]
}
