{
  "results": [
    {
      "command": "python3 ../ibis-renoir-compiler test.test_operators.TestNullableOperators.test_nullable_group_reduce_group_reduce_join --backend duckdb --path_suffix _10000000",
      "mean": 2.8130578263000006,
      "stddev": 0.012779923888118721,
      "median": 2.8101682915,
      "user": 13.569883260000001,
      "system": 1.7078879399999998,
      "min": 2.7978544595000003,
      "max": 2.8402889075,
      "times": [
        2.8082687355,
        2.8069213935,
        2.8148773365,
        2.8003815635000002,
        2.8194793665,
        2.7978544595000003,
        2.8120678475000003,
        2.8402889075,
        2.8047047155000002,
        2.8257339375000003
      ],
      "exit_codes": [
        0,
        0,
        0,
        0,
        0,
        0,
        0,
        0,
        0,
        0
      ]
    }
  ]
}
