{
  "results": [
    {
      "command": "python3 ../ibis-renoir-compiler test.test_nexmark.TestNexmark.test_nexmark_query_3 --backend renoir --path_suffix _10000000",
      "mean": 3.6305631998399996,
      "stddev": 0.03005809235213829,
      "median": 3.63560119924,
      "user": 18.686546840000002,
      "system": 1.45059934,
      "min": 3.56911657224,
      "max": 3.6703236762399998,
      "times": [
        3.59311564024,
        3.64662986424,
        3.65962876724,
        3.6703236762399998,
        3.62528510924,
        3.63035216624,
        3.56911657224,
        3.64200141024,
        3.64085023224,
        3.62832856024
      ],
      "exit_codes": [
        0,
        0,
        0,
        0,
        0,
        0,
        0,
        0,
        0,
        0
      ]
    }
  ]
}
