{
  "results": [
    {
      "command": "python3 ../ibis-renoir-compiler test.test_operators.TestNullableOperators.test_nullable_windowing_implicit_mean --backend renoir --path_suffix _10000000",
      "mean": 6.3596364422,
      "stddev": 0.08865314502261035,
      "median": 6.3839656262,
      "user": 43.90265161999999,
      "system": 4.54541418,
      "min": 6.211898140700001,
      "max": 6.4584970287,
      "times": [
        6.211898140700001,
        6.294063313700001,
        6.3193393467000005,
        6.2390019457,
        6.4354492907,
        6.4584970287,
        6.3952097707,
        6.4285094607,
        6.441674642700001,
        6.3727214817
      ],
      "exit_codes": [
        0,
        0,
        0,
        0,
        0,
        0,
        0,
        0,
        0,
        0
      ]
    }
  ]
}
