{
  "results": [
    {
      "command": "python3 ../ibis-renoir-compiler test.test_nexmark.TestNexmark.test_nexmark_query_1 --backend renoir --path_suffix _10000000",
      "mean": 2.49078217684,
      "stddev": 0.012275240527832652,
      "median": 2.49276210294,
      "user": 11.0940538,
      "system": 1.2336770999999997,
      "min": 2.47295053994,
      "max": 2.50556247994,
      "times": [
        2.49303764594,
        2.49248655994,
        2.47295053994,
        2.50556247994,
        2.48054987394,
        2.50234463394,
        2.48009136494,
        2.50315906294,
        2.4766102979399998,
        2.5010293089399998
      ],
      "exit_codes": [
        0,
        0,
        0,
        0,
        0,
        0,
        0,
        0,
        0,
        0
      ]
    }
  ]
}
