{
  "results": [
    {
      "command": "python3 ../ibis-renoir-compiler test.test_nexmark.TestNexmark.test_nexmark_query_2 --backend duckdb --path_suffix _10000000",
      "mean": 2.9488317729199993,
      "stddev": 0.012907810186245018,
      "median": 2.94668120642,
      "user": 2.80215588,
      "system": 1.06644126,
      "min": 2.93541898492,
      "max": 2.97882674692,
      "times": [
        2.9376220249199996,
        2.9606846119199997,
        2.93541898492,
        2.94268032292,
        2.95297830192,
        2.93952421192,
        2.94722011092,
        2.97882674692,
        2.94702936292,
        2.94633304992
      ],
      "exit_codes": [
        0,
        0,
        0,
        0,
        0,
        0,
        0,
        0,
        0,
        0
      ]
    }
  ]
}
