{
  "results": [
    {
      "command": "python3 ../ibis-renoir-compiler test.test_operators.TestNullableOperators.test_nullable_inner_join_select --backend renoir --path_suffix _10000000",
      "mean": 4.2084343614,
      "stddev": 0.03880193148240389,
      "median": 4.2135653806,
      "user": 26.766244459999996,
      "system": 1.7864558,
      "min": 4.1454546776,
      "max": 4.264944782600001,
      "times": [
        4.1454546776,
        4.2227380146,
        4.264944782600001,
        4.152097670600001,
        4.204392746600001,
        4.203697073600001,
        4.2296948176,
        4.183699407600001,
        4.2331644496,
        4.244459973600001
      ],
      "exit_codes": [
        0,
        0,
        0,
        0,
        0,
        0,
        0,
        0,
        0,
        0
      ]
    }
  ]
}
