{
  "results": [
    {
      "command": "python3 ../ibis-renoir-compiler test.test_operators.TestNullableOperators.test_nullable_left_join --backend renoir --path_suffix _10000000",
      "mean": 5.68217536082,
      "stddev": 0.07924941122190747,
      "median": 5.72997024062,
      "user": 41.81228425999999,
      "system": 3.15820918,
      "min": 5.56460920112,
      "max": 5.76909992212,
      "times": [
        5.66665419612,
        5.57852813212,
        5.73399695912,
        5.57689990112,
        5.56460920112,
        5.73166894612,
        5.76909992212,
        5.73260955412,
        5.73941526112,
        5.72827153512
      ],
      "exit_codes": [
        0,
        0,
        0,
        0,
        0,
        0,
        0,
        0,
        0,
        0
      ]
    }
  ]
}
