{
  "results": [
    {
      "command": "python3 ../ibis-renoir-compiler test.test_operators.TestNullableOperators.test_nullable_filter_reduce --backend duckdb --path_suffix _10000000",
      "mean": 0.9853765962200001,
      "stddev": 0.008201971111604225,
      "median": 0.9831299429200001,
      "user": 2.5582178399999997,
      "system": 0.85473406,
      "min": 0.9739370904200001,
      "max": 1.00269867442,
      "times": [
        0.9831597354200001,
        1.00269867442,
        0.9938561514200001,
        0.97733461342,
        0.9739370904200001,
        0.98237228342,
        0.9876127234200001,
        0.9874235784200001,
        0.98227096142,
        0.9831001504200001
      ],
      "exit_codes": [
        0,
        0,
        0,
        0,
        0,
        0,
        0,
        0,
        0,
        0
      ]
    }
  ]
}
