{
  "results": [
    {
      "command": "python3 ../ibis-renoir-compiler test.test_operators.TestNullableOperators.test_nullable_windowing_explicit_window_far --backend duckdb --path_suffix _10000000",
      "mean": 5.173775260339999,
      "stddev": 0.035691675798719256,
      "median": 5.165082114739999,
      "user": 6.983651919999998,
      "system": 4.1812738,
      "min": 5.141191235739999,
      "max": 5.251132537739999,
      "times": [
        5.17802686974,
        5.21041470574,
        5.173953505739999,
        5.251132537739999,
        5.191125866739999,
        5.156210723739999,
        5.14381917274,
        5.141191235739999,
        5.14493941974,
        5.146938565739999
      ],
      "exit_codes": [
        0,
        0,
        0,
        0,
        0,
        0,
        0,
        0,
        0,
        0
      ]
    }
  ]
}
