{
  "results": [
    {
      "command": "python3 ../ibis-renoir-compiler test.test_nexmark.TestNexmark.test_nexmark_query_6 --backend renoir --path_suffix _10000000",
      "mean": 8.707138674700001,
      "stddev": 0.06740235993276927,
      "median": 8.7115411503,
      "user": 68.14399804,
      "system": 4.6876991199999996,
      "min": 8.6097938358,
      "max": 8.7964578278,
      "times": [
        8.6508994908,
        8.7473327988,
        8.6579309498,
        8.7840321268,
        8.6097938358,
        8.7688240708,
        8.7964578278,
        8.7337436988,
        8.6330333458,
        8.6893386018
      ],
      "exit_codes": [
        0,
        0,
        0,
        0,
        0,
        0,
        0,
        0,
        0,
        0
      ]
    }
  ]
}
