{
  "results": [
    {
      "command": "python3 ../ibis-renoir-compiler test.test_operators.TestNullableOperators.test_nullable_join_group_reduce --backend duckdb --path_suffix _10000000",
      "mean": 2.2653962846800004,
      "stddev": 0.020351325764106948,
      "median": 2.26662131628,
      "user": 10.14316356,
      "system": 1.4314300599999998,
      "min": 2.2284287862800003,
      "max": 2.30033456228,
      "times": [
        2.2726084432800002,
        2.27831762028,
        2.2630408882800004,
        2.2565737822800003,
        2.2284287862800003,
        2.27020174428,
        2.28385682628,
        2.24727730328,
        2.30033456228,
        2.25332289028
      ],
      "exit_codes": [
        0,
        0,
        0,
        0,
        0,
        0,
        0,
        0,
        0,
        0
      ]
    }
  ]
}
