{
  "results": [
    {
      "command": "python3 ../ibis-renoir-compiler test.test_operators.TestNullableOperators.test_nullable_group_reduce_join_mutate --backend renoir --path_suffix _10000000",
      "mean": 6.973730197120001,
      "stddev": 0.06306351170888602,
      "median": 6.9782575187199996,
      "user": 50.91734021999999,
      "system": 3.5909036399999996,
      "min": 6.82467789672,
      "max": 7.07511597572,
      "times": [
        6.82467789672,
        7.07511597572,
        6.9677708567200005,
        6.99199196472,
        6.9604329617200005,
        6.97806085772,
        6.97845417972,
        7.01347352272,
        6.94988205472,
        6.9974417007200005
      ],
      "exit_codes": [
        0,
        0,
        0,
        0,
        0,
        0,
        0,
        0,
        0,
        0
      ]
    }
  ]
}
