{
  "results": [
    {
      "command": "python3 ../ibis-renoir-compiler test.test_nexmark.TestNexmark.test_nexmark_query_4 --backend duckdb --path_suffix _10000000",
      "mean": 1.6825303887799996,
      "stddev": 0.012583748565310124,
      "median": 1.6785909268800001,
      "user": 5.6619696,
      "system": 1.2532211800000002,
      "min": 1.66757116188,
      "max": 1.70477652088,
      "times": [
        1.69801783788,
        1.66757116188,
        1.68203477088,
        1.67194199588,
        1.67290976588,
        1.67773733488,
        1.6957389008800001,
        1.67513107988,
        1.70477652088,
        1.67944451888
      ],
      "exit_codes": [
        0,
        0,
        0,
        0,
        0,
        0,
        0,
        0,
        0,
        0
      ]
    }
  ]
}
