{
  "results": [
    {
      "command": "python3 ../ibis-renoir-compiler test.test_nexmark.TestNexmark.test_nexmark_query_3 --backend duckdb --path_suffix _10000000",
      "mean": 1.17924008198,
      "stddev": 0.005814186977388298,
      "median": 1.1786419503799999,
      "user": 1.30509718,
      "system": 0.8760628,
      "min": 1.1690213568799999,
      "max": 1.1903872658799999,
      "times": [
        1.17958176988,
        1.1771529078799998,
        1.17412041688,
        1.18333274988,
        1.18229050788,
        1.17770213088,
        1.1903872658799999,
        1.1822695588799998,
        1.1690213568799999,
        1.17654215488
      ],
      "exit_codes": [
        0,
        0,
        0,
        0,
        0,
        0,
        0,
        0,
        0,
        0
      ]
    }
  ]
}
