{
  "results": [
    {
      "command": "python ../ibis-renoir-compiler test.test_nexmark.TestNexmark.test_nexmark_query_6 --backend renoir --path_suffix _10000000",
      "mean": 18.4452927883,
      "stddev": 0.1152288537275015,
      "median": 18.4304729917,
      "user": 95.01463508,
      "system": 5.71850612,
      "min": 18.2622887432,
      "max": 18.641277794199997,
      "times": [
        18.4541665912,
        18.406779392199997,
        18.3803985992,
        18.3802607242,
        18.4802667952,
        18.559056941199998,
        18.2622887432,
        18.641277794199997,
        18.5524482222,
        18.3359840802
      ],
      "exit_codes": [
        0,
        0,
        0,
        0,
        0,
        0,
        0,
        0,
        0,
        0
      ]
    },
    {
      "command": "python ../ibis-renoir-compiler test.test_nexmark.TestNexmark.test_nexmark_query_6 --backend polars --path_suffix _10000000",
      "mean": 3.0223371985,
      "stddev": 0.1471788785884603,
      "median": 2.9582829676999998,
      "user": 7.991088479999999,
      "system": 2.7863566200000003,
      "min": 2.9145333432,
      "max": 3.3879564352,
      "times": [
        3.1468049802,
        2.9455529682,
        2.9207439452,
        2.9710129672,
        3.3879564352,
        2.9381064422,
        2.9339863862,
        2.9145333432,
        3.0426183572,
        3.0220561602
      ],
      "exit_codes": [
        0,
        0,
        0,
        0,
        0,
        0,
        0,
        0,
        0,
        0
      ]
    }
  ]
}
