{
  "results": [
    {
      "command": "python ../ibis-renoir-compiler test.test_nexmark.TestNexmark.test_nexmark_query_2 --backend renoir --path_suffix _10000000",
      "mean": 3.08987542668,
      "stddev": 0.05223189212517247,
      "median": 3.08250081728,
      "user": 10.451270079999999,
      "system": 1.3075638,
      "min": 3.02797740528,
      "max": 3.2174937362800002,
      "times": [
        3.03710741128,
        3.2174937362800002,
        3.1091746922800003,
        3.0829202652800003,
        3.06864023928,
        3.08208136928,
        3.06931456028,
        3.1026987262800003,
        3.10134586128,
        3.02797740528
      ],
      "exit_codes": [
        0,
        0,
        0,
        0,
        0,
        0,
        0,
        0,
        0,
        0
      ]
    },
    {
      "command": "python ../ibis-renoir-compiler test.test_nexmark.TestNexmark.test_nexmark_query_2 --backend polars --path_suffix _10000000",
      "mean": 3.4353671495800007,
      "stddev": 0.021435074936804903,
      "median": 3.43333619578,
      "user": 2.7493395799999996,
      "system": 1.4277986999999999,
      "min": 3.40969690928,
      "max": 3.48508942128,
      "times": [
        3.40969690928,
        3.4259394822800004,
        3.43786362128,
        3.43823439328,
        3.4288087702800003,
        3.48508942128,
        3.4133748722800004,
        3.44996041128,
        3.4407999302800003,
        3.4239036842800004
      ],
      "exit_codes": [
        0,
        0,
        0,
        0,
        0,
        0,
        0,
        0,
        0,
        0
      ]
    }
  ]
}
