{
  "results": [
    {
      "command": "python ../ibis-renoir-compiler test.test_nexmark.TestNexmark.test_nexmark_query_3 --backend renoir --path_suffix _10000000",
      "mean": 5.99402512712,
      "stddev": 0.09781876227032518,
      "median": 5.99555909612,
      "user": 24.361503200000005,
      "system": 1.72096038,
      "min": 5.77984496762,
      "max": 6.16505507862,
      "times": [
        5.77984496762,
        5.94070978462,
        6.16505507862,
        6.02197610262,
        5.99448412862,
        5.9729942216200005,
        6.00415111462,
        5.98803195262,
        6.07636985662,
        5.99663406362
      ],
      "exit_codes": [
        0,
        0,
        0,
        0,
        0,
        0,
        0,
        0,
        0,
        0
      ]
    },
    {
      "command": "python ../ibis-renoir-compiler test.test_nexmark.TestNexmark.test_nexmark_query_3 --backend duckdb --path_suffix _10000000",
      "mean": 1.30401695252,
      "stddev": 0.009226618598695027,
      "median": 1.3012878526199998,
      "user": 1.2762091999999998,
      "system": 0.8526098799999999,
      "min": 1.29516093562,
      "max": 1.32509646262,
      "times": [
        1.3004900826199999,
        1.29516093562,
        1.2971555636199998,
        1.29622232262,
        1.30208562262,
        1.30814399162,
        1.30881146362,
        1.2972228146199998,
        1.30978026562,
        1.32509646262
      ],
      "exit_codes": [
        0,
        0,
        0,
        0,
        0,
        0,
        0,
        0,
        0,
        0
      ]
    }
  ]
}
