{
  "results": [
    {
      "command": "python ../ibis-renoir-compiler test.test_nexmark.TestNexmark.test_nexmark_query_4 --backend renoir --path_suffix _10000000",
      "mean": 16.2855988686,
      "stddev": 0.3545339322181396,
      "median": 16.2633793996,
      "user": 79.88818459999999,
      "system": 4.764934,
      "min": 15.8314103571,
      "max": 16.8600151921,
      "times": [
        16.064936323100003,
        16.8289812071,
        16.0044617201,
        15.8314103571,
        16.252417930100002,
        16.2743408691,
        16.8600151921,
        15.9140996531,
        16.397118963100002,
        16.4282064711
      ],
      "exit_codes": [
        0,
        0,
        0,
        0,
        0,
        0,
        0,
        0,
        0,
        0
      ]
    },
    {
      "command": "python ../ibis-renoir-compiler test.test_nexmark.TestNexmark.test_nexmark_query_4 --backend polars --path_suffix _10000000",
      "mean": 2.3719241797,
      "stddev": 0.048119202236270524,
      "median": 2.3692140151,
      "user": 5.132929099999999,
      "system": 1.7720710999999998,
      "min": 2.3217117131,
      "max": 2.4871116831,
      "times": [
        2.3743099591,
        2.4871116831,
        2.3876105491,
        2.3438098991,
        2.3342337951,
        2.3217117131,
        2.3299164981000002,
        2.3989548001,
        2.3774648291,
        2.3641180711
      ],
      "exit_codes": [
        0,
        0,
        0,
        0,
        0,
        0,
        0,
        0,
        0,
        0
      ]
    }
  ]
}
