{
  "results": [
    {
      "command": "python3 ../ibis-renoir-compiler test.test_operators.TestNullableOperators.test_nullable_filter_reduce --backend flink --path_suffix _100000000",
      "mean": 3.75345918668,
      "stddev": 0.03507577019366748,
      "median": 3.74072885818,
      "user": 12.564552119999998,
      "system": 1.3577529599999996,
      "min": 3.71038722218,
      "max": 3.81792038718,
      "times": [
        3.71038722218,
        3.73052837618,
        3.72536619518,
        3.73008503118,
        3.73767020018,
        3.81792038718,
        3.77772074018,
        3.76055989218,
        3.80056630618,
        3.74378751618
      ],
      "exit_codes": [
        0,
        0,
        0,
        0,
        0,
        0,
        0,
        0,
        0,
        0
      ]
    }
  ]
}
