{
  "results": [
    {
      "command": "python3 ../ibis-renoir-compiler test.test_operators.TestNullableOperators.test_nullable_filter_select --backend flink --path_suffix _100000000",
      "mean": 9.091667387520001,
      "stddev": 0.038857504604443906,
      "median": 9.08320279772,
      "user": 7.3891367799999985,
      "system": 1.2673394999999998,
      "min": 9.044403860220001,
      "max": 9.18696751122,
      "times": [
        9.054919015220001,
        9.18696751122,
        9.07997537222,
        9.102441389220001,
        9.08643022322,
        9.07928680322,
        9.10000002322,
        9.10560314822,
        9.07664652922,
        9.044403860220001
      ],
      "exit_codes": [
        0,
        0,
        0,
        0,
        0,
        0,
        0,
        0,
        0,
        0
      ]
    }
  ]
}
