{
  "results": [
    {
      "command": "python3 ../ibis-renoir-compiler test.test_operators.TestNullableOperators.test_nullable_filter_group_select --backend renoir --path_suffix _100000000",
      "mean": 5.968344568300001,
      "stddev": 0.014766897195872253,
      "median": 5.966848579400001,
      "user": 48.604825919999996,
      "system": 1.4909336,
      "min": 5.9460524409,
      "max": 5.995957033900001,
      "times": [
        5.9666436969,
        5.9460524409,
        5.9569782569,
        5.9662334049000005,
        5.9759484579,
        5.995957033900001,
        5.9670534619,
        5.9804010639000005,
        5.9768473619,
        5.9513305039
      ],
      "exit_codes": [
        0,
        0,
        0,
        0,
        0,
        0,
        0,
        0,
        0,
        0
      ]
    }
  ]
}
