{
  "results": [
    {
      "command": "python3 ../ibis-renoir-compiler test.test_operators.TestNullableOperators.test_nullable_filter_filter_select_select --backend duckdb --path_suffix _100000000",
      "mean": 7.211910342479999,
      "stddev": 0.0827120421915341,
      "median": 7.1742923980799995,
      "user": 6.871098900000002,
      "system": 1.2595589,
      "min": 7.12495517108,
      "max": 7.366334205079999,
      "times": [
        7.366334205079999,
        7.169441604079999,
        7.15579846008,
        7.12495517108,
        7.16136975508,
        7.17914319208,
        7.328237865079999,
        7.15359818308,
        7.2792296820799995,
        7.2009953070799995
      ],
      "exit_codes": [
        0,
        0,
        0,
        0,
        0,
        0,
        0,
        0,
        0,
        0
      ]
    }
  ]
}
