{
  "results": [
    {
      "command": "python3 ../ibis-renoir-compiler test.test_operators.TestNullableOperators.test_nullable_filter_group_mutate_reduce --backend renoir --path_suffix _100000000",
      "mean": 24.25989661654,
      "stddev": 0.6253313488025192,
      "median": 24.04556320474,
      "user": 225.47568423999996,
      "system": 15.100758619999999,
      "min": 23.56531141924,
      "max": 25.43591751524,
      "times": [
        23.56531141924,
        24.00519062024,
        24.04682157624,
        24.04430483324,
        24.08030795324,
        25.43591751524,
        23.991694290239998,
        25.38951231024,
        23.990273381239998,
        24.04963226624
      ],
      "exit_codes": [
        0,
        0,
        0,
        0,
        0,
        0,
        0,
        0,
        0,
        0
      ]
    }
  ]
}
