{
  "results": [
    {
      "command": "python3 ../ibis-renoir-compiler test.test_operators.TestNullableOperators.test_nullable_group_reduce_join_mutate --backend polars --path_suffix _100000000",
      "mean": 18.3399271608,
      "stddev": 0.05787109535247892,
      "median": 18.3388577749,
      "user": 90.34777106,
      "system": 8.43404302,
      "min": 18.2579998079,
      "max": 18.4554330699,
      "times": [
        18.374748634899998,
        18.281392412899997,
        18.384536064899997,
        18.306851438899997,
        18.3013713079,
        18.2579998079,
        18.3547303089,
        18.3592233209,
        18.4554330699,
        18.3229852409
      ],
      "exit_codes": [
        0,
        0,
        0,
        0,
        0,
        0,
        0,
        0,
        0,
        0
      ]
    }
  ]
}
