{
  "results": [
    {
      "command": "python3 ../ibis-renoir-compiler test.test_operators.TestNullableOperators.test_nullable_filter_group_mutate_reduce --backend duckdb --path_suffix _100000000",
      "mean": 71.19263823288,
      "stddev": 0.8498466808423227,
      "median": 71.01489838488001,
      "user": 106.78542913999999,
      "system": 13.65817284,
      "min": 70.24835447988,
      "max": 72.76352538888001,
      "times": [
        72.03467412088001,
        71.26440807988001,
        70.26412818888001,
        70.24835447988,
        70.99213598888001,
        70.41795472588001,
        70.83296604688,
        71.03766078088,
        72.76352538888001,
        72.07057452788001
      ],
      "exit_codes": [
        0,
        0,
        0,
        0,
        0,
        0,
        0,
        0,
        0,
        0
      ]
    }
  ]
}
