{
  "results": [
    {
      "command": "python3 ../ibis-renoir-compiler test.test_operators.TestNullableOperators.test_nullable_filter_select --backend duckdb --path_suffix _100000000",
      "mean": 7.225489276579999,
      "stddev": 0.06443424128693087,
      "median": 7.19426923448,
      "user": 6.929292399999999,
      "system": 1.2174149,
      "min": 7.17305499748,
      "max": 7.3427479384800005,
      "times": [
        7.3427479384800005,
        7.18128540548,
        7.19944496648,
        7.18855723448,
        7.27484341548,
        7.19355067348,
        7.17922506948,
        7.32719526948,
        7.19498779548,
        7.17305499748
      ],
      "exit_codes": [
        0,
        0,
        0,
        0,
        0,
        0,
        0,
        0,
        0,
        0
      ]
    }
  ]
}
