{
  "results": [
    {
      "command": "python3 ../ibis-renoir-compiler test.test_operators.TestNullableOperators.test_nullable_group_reduce_group_reduce_join --backend polars --path_suffix _100000000",
      "mean": 23.303352635720003,
      "stddev": 0.4057157558494338,
      "median": 23.22416195272,
      "user": 124.93991314000002,
      "system": 11.486367719999999,
      "min": 22.99749616372,
      "max": 24.41025388072,
      "times": [
        24.41025388072,
        23.25869615772,
        23.26821099672,
        23.177365303720002,
        22.99749616372,
        23.33221265172,
        23.18962774772,
        23.02316620572,
        23.29960037972,
        23.076896869720002
      ],
      "exit_codes": [
        0,
        0,
        0,
        0,
        0,
        0,
        0,
        0,
        0,
        0
      ]
    }
  ]
}
