{
  "results": [
    {
      "command": "python3 ../ibis-renoir-compiler test.test_operators.TestNonNullableOperators.test_non_nullable_filter_filter_select_select --backend renoir --path_suffix _10000000",
      "mean": 2517.7717508055403,
      "stddev": 4914.822513719853,
      "median": 3.6229485547399998,
      "user": 154.18422048,
      "system": 82.76267133999998,
      "min": 1.8925186217400003,
      "max": 12169.56279121274,
      "times": [
        5.08080408474,
        2.16509302474,
        2.1434822967400002,
        11412.503151845742,
        16.141999192740002,
        12169.56279121274,
        1564.37706028974,
        1.9460941957400002,
        1.9045132907400002,
        1.8925186217400003
      ],
      "exit_codes": [
        0,
        0,
        0,
        0,
        0,
        0,
        0,
        0,
        0,
        0
      ]
    }
  ]
}
