{
  "results": [
    {
      "command": "python3 ../ibis-renoir-compiler test.test_operators.TestNonNullableOperators.test_non_nullable_left_join --backend renoir --path_suffix _10000000",
      "mean": 9.90462490594,
      "stddev": 0.1917703627085439,
      "median": 9.876756722140001,
      "user": 79.40460161999998,
      "system": 6.15727856,
      "min": 9.61931293964,
      "max": 10.23339013764,
      "times": [
        10.17655859964,
        9.826646396640001,
        9.93167149264,
        9.85918642564,
        10.23339013764,
        9.76654185264,
        10.00532350564,
        9.89432701864,
        9.73329069064,
        9.61931293964
      ],
      "exit_codes": [
        0,
        0,
        0,
        0,
        0,
        0,
        0,
        0,
        0,
        0
      ]
    }
  ]
}
