{
  "results": [
    {
      "command": "python3 ../ibis-renoir-compiler test.test_operators.TestNonNullableOperators.test_non_nullable_filter_group_mutate --backend renoir --path_suffix _10000000",
      "mean": 2.6937243252400003,
      "stddev": 0.018571999620221425,
      "median": 2.69519352574,
      "user": 12.763730919999999,
      "system": 1.0338147799999997,
      "min": 2.6669137917400003,
      "max": 2.7221375887400003,
      "times": [
        2.71290148374,
        2.6943505347400003,
        2.7002183947400002,
        2.67646569774,
        2.69603651674,
        2.71245977374,
        2.67548179374,
        2.68027767674,
        2.6669137917400003,
        2.7221375887400003
      ],
      "exit_codes": [
        0,
        0,
        0,
        0,
        0,
        0,
        0,
        0,
        0,
        0
      ]
    }
  ]
}
