{
  "results": [
    {
      "command": "python3 ../ibis-renoir-compiler test.test_operators.TestNonNullableOperators.test_non_nullable_outer_join --backend renoir --path_suffix _10000000",
      "mean": 11.202311429720002,
      "stddev": 0.1083493758904042,
      "median": 11.19878169152,
      "user": 94.51925628,
      "system": 6.65192536,
      "min": 11.03019939202,
      "max": 11.36995615402,
      "times": [
        11.21317947802,
        11.18438390502,
        11.22890675402,
        11.062544196020001,
        11.14640354302,
        11.31903097402,
        11.29928323602,
        11.16922666502,
        11.03019939202,
        11.36995615402
      ],
      "exit_codes": [
        0,
        0,
        0,
        0,
        0,
        0,
        0,
        0,
        0,
        0
      ]
    }
  ]
}
