{
  "results": [
    {
      "command": "python3 ../ibis-renoir-compiler test.test_operators.TestNullableOperators.test_nullable_filter_select --backend duckdb --path_suffix _10000000",
      "mean": 1.41439094294,
      "stddev": 0.012650028357697933,
      "median": 1.41849967164,
      "user": 1.5566555999999998,
      "system": 0.77698322,
      "min": 1.39541831514,
      "max": 1.42879477814,
      "times": [
        1.39950601614,
        1.4233821311400001,
        1.42514532814,
        1.42879477814,
        1.42207950314,
        1.39541831514,
        1.41491984014,
        1.40790193914,
        1.40012981014,
        1.42663176814
      ],
      "exit_codes": [
        0,
        0,
        0,
        0,
        0,
        0,
        0,
        0,
        0,
        0
      ]
    }
  ]
}
