{
  "results": [
    {
      "command": "python3 ../ibis-renoir-compiler test.test_nexmark.TestNexmark.test_nexmark_query_6 --backend renoir --path_suffix _10000000",
      "mean": 8.3301779272,
      "stddev": 0.07495623923107164,
      "median": 8.3665557944,
      "user": 63.63783238,
      "system": 3.14449676,
      "min": 8.1887566479,
      "max": 8.4092905299,
      "times": [
        8.1887566479,
        8.2257896929,
        8.2686445849,
        8.3797501099,
        8.4092905299,
        8.373747119899999,
        8.3593644689,
        8.3741805179,
        8.377925940899999,
        8.3443296589
      ],
      "exit_codes": [
        0,
        0,
        0,
        0,
        0,
        0,
        0,
        0,
        0,
        0
      ]
    }
  ]
}
