{
  "results": [
    {
      "command": "python3 ../ibis-renoir-compiler test.test_operators.TestNullableOperators.test_nullable_left_join --backend duckdb --path_suffix _10000000",
      "mean": 12.549097404480001,
      "stddev": 0.22460839551421313,
      "median": 12.526717751180001,
      "user": 16.810650959999997,
      "system": 1.6903578199999998,
      "min": 12.318406553680001,
      "max": 13.12084011468,
      "times": [
        12.318406553680001,
        12.42094848568,
        12.52536666268,
        12.441905397680001,
        12.55509357268,
        12.65000992168,
        13.12084011468,
        12.528068839680001,
        12.56691923568,
        12.36341526068
      ],
      "exit_codes": [
        0,
        0,
        0,
        0,
        0,
        0,
        0,
        0,
        0,
        0
      ]
    }
  ]
}
