{
  "results": [
    {
      "command": "python3 ../ibis-renoir-compiler test.test_nexmark.TestNexmark.test_nexmark_query_1 --backend duckdb --path_suffix _10000000",
      "mean": 3.67928062546,
      "stddev": 0.03461538115028562,
      "median": 3.68788884346,
      "user": 3.71895434,
      "system": 1.15917024,
      "min": 3.59303048596,
      "max": 3.71857186496,
      "times": [
        3.71857186496,
        3.69542875696,
        3.67667493096,
        3.6881741629600002,
        3.67393458496,
        3.68785848696,
        3.59303048596,
        3.6611359019600003,
        3.71007787896,
        3.68791919996
      ],
      "exit_codes": [
        0,
        0,
        0,
        0,
        0,
        0,
        0,
        0,
        0,
        0
      ]
    }
  ]
}
