{
  "results": [
    {
      "command": "python3 ../ibis-renoir-compiler test.test_operators.TestNullableOperators.test_nullable_left_join --backend flink --path_suffix _10000000",
      "mean": 14.533489287880002,
      "stddev": 0.42359853446301476,
      "median": 14.289355786680002,
      "user": 17.514283319999997,
      "system": 1.7615585200000001,
      "min": 14.20110212918,
      "max": 15.22680413018,
      "times": [
        14.26143150418,
        14.36995636118,
        15.22680413018,
        15.09642549518,
        14.21926968418,
        15.10212582318,
        14.20110212918,
        14.28286647618,
        14.27906617818,
        14.29584509718
      ],
      "exit_codes": [
        0,
        0,
        0,
        0,
        0,
        0,
        0,
        0,
        0,
        0
      ]
    }
  ]
}
