{
  "results": [
    {
      "command": "python3 ../ibis-renoir-compiler test.test_operators.TestNullableOperators.test_nullable_windowing_implicit_sum --backend polars --path_suffix _10000000",
      "mean": 9.36649119974,
      "stddev": 0.04987811841384663,
      "median": 9.34890574424,
      "user": 9.43507846,
      "system": 2.6554473600000006,
      "min": 9.312207825740002,
      "max": 9.473795200740001,
      "times": [
        9.32914575574,
        9.33960589574,
        9.401697265740001,
        9.351780831740001,
        9.473795200740001,
        9.34603065674,
        9.35982120074,
        9.33220547074,
        9.312207825740002,
        9.418621893740001
      ],
      "exit_codes": [
        0,
        0,
        0,
        0,
        0,
        0,
        0,
        0,
        0,
        0
      ]
    }
  ]
}
