{
  "results": [
    {
      "command": "python3 ../ibis-renoir-compiler test.test_operators.TestNullableOperators.test_nullable_windowing_explicit --backend duckdb --path_suffix _10000000",
      "mean": 4.82657832086,
      "stddev": 0.03862422056031203,
      "median": 4.822008456960001,
      "user": 6.388950719999999,
      "system": 4.03945718,
      "min": 4.788354374960001,
      "max": 4.92446371896,
      "times": [
        4.7962492589600005,
        4.788354374960001,
        4.831660058960001,
        4.812356854960001,
        4.833520220960001,
        4.837405689960001,
        4.92446371896,
        4.808906864960001,
        4.79981423196,
        4.83305193396
      ],
      "exit_codes": [
        0,
        0,
        0,
        0,
        0,
        0,
        0,
        0,
        0,
        0
      ]
    }
  ]
}
