{
  "results": [
    {
      "command": "python3 ../ibis-renoir-compiler test.test_operators.TestNullableOperators.test_nullable_left_join --backend polars --path_suffix _10000000",
      "mean": 12.575517772240001,
      "stddev": 0.2923240768904608,
      "median": 12.45442929634,
      "user": 16.849469579999997,
      "system": 1.6965408199999998,
      "min": 12.330339224340001,
      "max": 13.32572835234,
      "times": [
        12.330339224340001,
        12.765660972340001,
        13.32572835234,
        12.44635043134,
        12.61683872134,
        12.56688954834,
        12.40551402034,
        12.46250816134,
        12.421526678340001,
        12.413821612340001
      ],
      "exit_codes": [
        0,
        0,
        0,
        0,
        0,
        0,
        0,
        0,
        0,
        0
      ]
    }
  ]
}
