{
  "results": [
    {
      "command": "python3 ../ibis-renoir-compiler test.test_operators.TestNullableOperators.test_nullable_filter_group_select --backend polars --path_suffix _10000000",
      "mean": 0.9364486029,
      "stddev": 0.009857102463090052,
      "median": 0.9351809833,
      "user": 2.12304762,
      "system": 0.80007062,
      "min": 0.9211847283000001,
      "max": 0.9531750253000001,
      "times": [
        0.9349697293,
        0.9347034113,
        0.9435606303,
        0.9443543563000001,
        0.9230578663000001,
        0.9426230783,
        0.9531750253000001,
        0.9211847283000001,
        0.9353922373000001,
        0.9314649663000001
      ],
      "exit_codes": [
        0,
        0,
        0,
        0,
        0,
        0,
        0,
        0,
        0,
        0
      ]
    }
  ]
}
