{
  "results": [
    {
      "command": "python3 ../ibis-renoir-compiler test.test_operators.TestNullableOperators.test_nullable_inner_join_select --backend duckdb --path_suffix _10000000",
      "mean": 1.09292418044,
      "stddev": 0.008515326459976252,
      "median": 1.0911600363400003,
      "user": 3.54960502,
      "system": 0.8259926,
      "min": 1.08080865284,
      "max": 1.1059330388400002,
      "times": [
        1.08080865284,
        1.0991232748400002,
        1.10511453084,
        1.08750560784,
        1.0869869978400002,
        1.1059330388400002,
        1.08918108984,
        1.0931389828400002,
        1.09625676184,
        1.0851928668400002
      ],
      "exit_codes": [
        0,
        0,
        0,
        0,
        0,
        0,
        0,
        0,
        0,
        0
      ]
    }
  ]
}
