{
  "results": [
    {
      "command": "python3 ../ibis-renoir-compiler test.test_operators.TestNullableOperators.test_nullable_windowing_explicit --backend flink --path_suffix _10000000",
      "mean": 6.590560644220001,
      "stddev": 0.0594428043535075,
      "median": 6.56028899792,
      "user": 6.962466279999999,
      "system": 4.099361760000001,
      "min": 6.52845795992,
      "max": 6.70210213192,
      "times": [
        6.54511739992,
        6.57540162192,
        6.55842234992,
        6.66275563192,
        6.55956947392,
        6.6544910889199995,
        6.56100852192,
        6.55828026192,
        6.70210213192,
        6.52845795992
      ],
      "exit_codes": [
        0,
        0,
        0,
        0,
        0,
        0,
        0,
        0,
        0,
        0
      ]
    }
  ]
}
