{
  "results": [
    {
      "command": "python3 ../ibis-renoir-compiler test.test_nexmark.TestNexmark.test_nexmark_query_4 --backend renoir --path_suffix _10000000",
      "mean": 8.303262706519998,
      "stddev": 0.06789661812834594,
      "median": 8.31374969492,
      "user": 63.00286476000001,
      "system": 3.0390000600000002,
      "min": 8.159179117419999,
      "max": 8.40914303342,
      "times": [
        8.25329974742,
        8.159179117419999,
        8.26671126442,
        8.334619415419999,
        8.40914303342,
        8.33159926842,
        8.35852894642,
        8.29793486742,
        8.32956452242,
        8.29204688242
      ],
      "exit_codes": [
        0,
        0,
        0,
        0,
        0,
        0,
        0,
        0,
        0,
        0
      ]
    }
  ]
}
