{
  "results": [
    {
      "command": "python3 ../ibis-renoir-compiler test.test_operators.TestNullableOperators.test_nullable_join_group_reduce --backend flink --path_suffix _10000000",
      "mean": 3.8785806551599995,
      "stddev": 0.046564310328195135,
      "median": 3.8683609949599997,
      "user": 9.967515959999998,
      "system": 1.3374375599999997,
      "min": 3.8178857804599997,
      "max": 3.9729291564599998,
      "times": [
        3.92980049046,
        3.84193548946,
        3.8657938394599998,
        3.89494787646,
        3.9729291564599998,
        3.8178857804599997,
        3.8709281504599997,
        3.83586616746,
        3.8598771474599998,
        3.89584245346
      ],
      "exit_codes": [
        0,
        0,
        0,
        0,
        0,
        0,
        0,
        0,
        0,
        0
      ]
    }
  ]
}
