{
  "results": [
    {
      "command": "python3 ../ibis-renoir-compiler test.test_operators.TestNullableOperators.test_nullable_filter_group_select --backend flink --path_suffix _10000000",
      "mean": 2.62620117748,
      "stddev": 0.02017498292614579,
      "median": 2.62871220088,
      "user": 2.5346970399999997,
      "system": 0.8248214200000001,
      "min": 2.6028306843799998,
      "max": 2.65219702438,
      "times": [
        2.65121239738,
        2.60582065538,
        2.6045976183799997,
        2.63423824138,
        2.62318616038,
        2.63935244238,
        2.64272337738,
        2.65219702438,
        2.6028306843799998,
        2.60585317338
      ],
      "exit_codes": [
        0,
        0,
        0,
        0,
        0,
        0,
        0,
        0,
        0,
        0
      ]
    }
  ]
}
