{
  "results": [
    {
      "command": "python3 ../ibis-renoir-compiler test.test_operators.TestNullableOperators.test_nullable_windowing_implicit_sum --backend renoir --path_suffix _10000000",
      "mean": 6.023055189179999,
      "stddev": 0.034228710073320595,
      "median": 6.01450676018,
      "user": 40.27965702,
      "system": 2.92228138,
      "min": 5.98146250568,
      "max": 6.07558374168,
      "times": [
        6.07558374168,
        6.00906591168,
        5.98861246368,
        5.99572599168,
        6.04942335768,
        6.00167852368,
        6.01994760868,
        5.98146250568,
        6.03473138368,
        6.07432040368
      ],
      "exit_codes": [
        0,
        0,
        0,
        0,
        0,
        0,
        0,
        0,
        0,
        0
      ]
    }
  ]
}
