{
  "results": [
    {
      "command": "python3 ../ibis-renoir-compiler test.test_operators.TestNullableOperators.test_nullable_filter_group_mutate --backend polars --path_suffix _10000000",
      "mean": 0.9365476285000002,
      "stddev": 0.006304523219033242,
      "median": 0.9378838041000002,
      "user": 2.1502428,
      "system": 0.77930534,
      "min": 0.9276758341000001,
      "max": 0.9457510001000001,
      "times": [
        0.9293184971000001,
        0.9295219121000001,
        0.9330168501000001,
        0.9457510001000001,
        0.9421709831000001,
        0.9369714251000001,
        0.9276758341000001,
        0.9387961831000001,
        0.9419722471,
        0.9402813531
      ],
      "exit_codes": [
        0,
        0,
        0,
        0,
        0,
        0,
        0,
        0,
        0,
        0
      ]
    }
  ]
}
