{
  "results": [
    {
      "command": "python3 ../ibis-renoir-compiler test.test_operators.TestNullableOperators.test_nullable_filter_reduce --backend polars --path_suffix _10000000",
      "mean": 0.9319401658400002,
      "stddev": 0.004962150900232926,
      "median": 0.9298832301400002,
      "user": 2.11134452,
      "system": 0.8032016999999998,
      "min": 0.9253549511400001,
      "max": 0.9394452741400001,
      "times": [
        0.9293662991400001,
        0.9253549511400001,
        0.9345240021400001,
        0.9394452741400001,
        0.9299087291400001,
        0.9298577311400001,
        0.9378455791400001,
        0.9280928271400001,
        0.9374951621400001,
        0.9275111031400001
      ],
      "exit_codes": [
        0,
        0,
        0,
        0,
        0,
        0,
        0,
        0,
        0,
        0
      ]
    }
  ]
}
