{
  "results": [
    {
      "command": "python3 ../ibis-renoir-compiler test.test_operators.TestNullableOperators.test_nullable_filter_group_mutate --backend flink --path_suffix _10000000",
      "mean": 2.6499219484200003,
      "stddev": 0.05733796590942274,
      "median": 2.63830530132,
      "user": 2.5185082999999997,
      "system": 0.8449921399999999,
      "min": 2.6007385328200003,
      "max": 2.79772125582,
      "times": [
        2.6756223128200003,
        2.79772125582,
        2.6543357748200003,
        2.6094304158200003,
        2.6007385328200003,
        2.6077929818200003,
        2.63374517882,
        2.64286542382,
        2.65661648182,
        2.62035112582
      ],
      "exit_codes": [
        0,
        0,
        0,
        0,
        0,
        0,
        0,
        0,
        0,
        0
      ]
    }
  ]
}
