{
  "results": [
    {
      "command": "python3 ../ibis-renoir-compiler test.test_operators.TestNullableOperators.test_nullable_group_reduce_group_reduce_join --backend flink --path_suffix _10000000",
      "mean": 4.473800858220001,
      "stddev": 0.03900898417188407,
      "median": 4.45944570822,
      "user": 13.349700560000002,
      "system": 1.5698251599999997,
      "min": 4.4390947897199995,
      "max": 4.5588156377199995,
      "times": [
        4.44057776772,
        4.44201698572,
        4.5155462347199995,
        4.49834489372,
        4.46281556472,
        4.46969493072,
        4.45502592572,
        4.45607585172,
        4.5588156377199995,
        4.4390947897199995
      ],
      "exit_codes": [
        0,
        0,
        0,
        0,
        0,
        0,
        0,
        0,
        0,
        0
      ]
    }
  ]
}
