{
  "results": [
    {
      "command": "python3 ../ibis-renoir-compiler test.test_nexmark.TestNexmark.test_nexmark_query_3 --backend renoir --path_suffix _10000000",
      "mean": 3.71960786826,
      "stddev": 0.026348306266097587,
      "median": 3.72327793996,
      "user": 19.00148904,
      "system": 1.26501012,
      "min": 3.6701197474600002,
      "max": 3.7551449794600003,
      "times": [
        3.74257390946,
        3.69612274846,
        3.72154011746,
        3.72501576246,
        3.73802047046,
        3.71814596446,
        3.6701197474600002,
        3.73744375846,
        3.7551449794600003,
        3.6919512244600003
      ],
      "exit_codes": [
        0,
        0,
        0,
        0,
        0,
        0,
        0,
        0,
        0,
        0
      ]
    }
  ]
}
