{
  "results": [
    {
      "command": "python3 ../ibis-renoir-compiler test.test_nexmark.TestNexmark.test_nexmark_query_2 --backend flink --path_suffix _10000000",
      "mean": 4.59378555424,
      "stddev": 0.04490098419871236,
      "median": 4.5866436879400005,
      "user": 3.2517308999999996,
      "system": 1.02764146,
      "min": 4.54229450194,
      "max": 4.67027733294,
      "times": [
        4.59953900994,
        4.60784893894,
        4.54947873094,
        4.57374836594,
        4.65843235894,
        4.55346054694,
        4.54229450194,
        4.56658579194,
        4.67027733294,
        4.61618996394
      ],
      "exit_codes": [
        0,
        0,
        0,
        0,
        0,
        0,
        0,
        0,
        0,
        0
      ]
    }
  ]
}
