{
  "results": [
    {
      "command": "python3 ../ibis-renoir-compiler test.test_operators.TestNullableOperators.test_nullable_filter_group_mutate --backend renoir --path_suffix _10000000",
      "mean": 2.8572049920200002,
      "stddev": 0.029439422014595124,
      "median": 2.8549148192200002,
      "user": 13.9383906,
      "system": 1.03336066,
      "min": 2.8050080057200004,
      "max": 2.9146818877200005,
      "times": [
        2.8334172847200003,
        2.9146818877200005,
        2.8481883047200003,
        2.87189366072,
        2.84048582072,
        2.85894183672,
        2.8756903747200004,
        2.87285494272,
        2.8508878017200003,
        2.8050080057200004
      ],
      "exit_codes": [
        0,
        0,
        0,
        0,
        0,
        0,
        0,
        0,
        0,
        0
      ]
    }
  ]
}
