{
  "results": [
    {
      "command": "python3 ../ibis-renoir-compiler test.test_nexmark.TestNexmark.test_nexmark_query_2 --backend polars --path_suffix _10000000",
      "mean": 2.9024926994199998,
      "stddev": 0.011608242240589699,
      "median": 2.8994339503199997,
      "user": 2.81911904,
      "system": 1.0065509599999998,
      "min": 2.88522077032,
      "max": 2.92002372232,
      "times": [
        2.91778201932,
        2.88522077032,
        2.8888866333200003,
        2.90958191132,
        2.91013680132,
        2.89798989832,
        2.92002372232,
        2.89653987232,
        2.89788736332,
        2.90087800232
      ],
      "exit_codes": [
        0,
        0,
        0,
        0,
        0,
        0,
        0,
        0,
        0,
        0
      ]
    }
  ]
}
