{
  "results": [
    {
      "command": "python3 ../ibis-renoir-compiler test.test_nexmark.TestNexmark.test_nexmark_query_4 --backend polars --path_suffix _10000000",
      "mean": 1.66299413136,
      "stddev": 0.01359605588120592,
      "median": 1.6616974178600001,
      "user": 5.5954763000000005,
      "system": 1.1715320200000001,
      "min": 1.64191556086,
      "max": 1.69119034586,
      "times": [
        1.64725033186,
        1.64191556086,
        1.67240199286,
        1.67112069286,
        1.66170866786,
        1.69119034586,
        1.66272358486,
        1.6616861678600001,
        1.66030572486,
        1.65963824386
      ],
      "exit_codes": [
        0,
        0,
        0,
        0,
        0,
        0,
        0,
        0,
        0,
        0
      ]
    }
  ]
}
