{
  "results": [
    {
      "command": "python3 ../ibis-renoir-compiler test.test_operators.TestNullableOperators.test_nullable_filter_select --backend renoir --path_suffix _10000000",
      "mean": 2.0511693523399996,
      "stddev": 0.013674339118396902,
      "median": 2.04981801754,
      "user": 6.945390899999998,
      "system": 1.01502038,
      "min": 2.03004204254,
      "max": 2.07750710354,
      "times": [
        2.04003179454,
        2.03004204254,
        2.0471681885399997,
        2.0631958835399997,
        2.0456581145399997,
        2.05246784654,
        2.04018710054,
        2.07750710354,
        2.06085807454,
        2.05457737454
      ],
      "exit_codes": [
        0,
        0,
        0,
        0,
        0,
        0,
        0,
        0,
        0,
        0
      ]
    }
  ]
}
