{
  "results": [
    {
      "command": "python3 ../ibis-renoir-compiler test.test_operators.TestNullableOperators.test_nullable_filter_group_select --backend flink --path_suffix _10000000",
      "mean": 2.6661953923,
      "stddev": 0.05822401597740053,
      "median": 2.6530636196,
      "user": 2.4868597599999998,
      "system": 0.8665030799999999,
      "min": 2.6160407016000002,
      "max": 2.8221166866000003,
      "times": [
        2.6231566726000004,
        2.6160407016000002,
        2.8221166866000003,
        2.6406636806000003,
        2.6642383616000003,
        2.6574915696000003,
        2.6632449216,
        2.6827327006,
        2.6436329586,
        2.6486356696
      ],
      "exit_codes": [
        0,
        0,
        0,
        0,
        0,
        0,
        0,
        0,
        0,
        0
      ]
    }
  ]
}
