{
  "results": [
    {
      "command": "python3 ../ibis-renoir-compiler test.test_operators.TestNullableOperators.test_nullable_inner_join_select --backend flink --path_suffix _10000000",
      "mean": 2.9006112411,
      "stddev": 0.05481178733821123,
      "median": 2.8862157852,
      "user": 3.9551843,
      "system": 0.9471286600000001,
      "min": 2.8327712707,
      "max": 2.9794327667,
      "times": [
        2.8327712707,
        2.9794327667,
        2.9588553647,
        2.8852669637,
        2.9487300917,
        2.9539776857,
        2.8871646067,
        2.8722255297,
        2.8431082567,
        2.8445798747
      ],
      "exit_codes": [
        0,
        0,
        0,
        0,
        0,
        0,
        0,
        0,
        0,
        0
      ]
    }
  ]
}
