{
  "results": [
    {
      "command": "python3 ../ibis-renoir-compiler test.test_operators.TestNullableOperators.test_nullable_filter_select --backend duckdb --path_suffix _10000000",
      "mean": 1.42815708706,
      "stddev": 0.008758870896920831,
      "median": 1.4256245275600001,
      "user": 1.5568085799999998,
      "system": 0.7931621200000001,
      "min": 1.42074820356,
      "max": 1.4495637135600001,
      "times": [
        1.42386148856,
        1.42085566156,
        1.43091085556,
        1.42420283356,
        1.43206547956,
        1.43153604156,
        1.42078037156,
        1.42074820356,
        1.4495637135600001,
        1.4270462215600002
      ],
      "exit_codes": [
        0,
        0,
        0,
        0,
        0,
        0,
        0,
        0,
        0,
        0
      ]
    }
  ]
}
