{
  "results": [
    {
      "command": "python3 ../ibis-renoir-compiler test.test_operators.TestNullableOperators.test_nullable_filter_reduce --backend renoir --path_suffix _10000000",
      "mean": 2.76892718712,
      "stddev": 0.022305995528013652,
      "median": 2.76558522292,
      "user": 12.743032239999998,
      "system": 1.0702684599999999,
      "min": 2.72903655542,
      "max": 2.80352376442,
      "times": [
        2.75905865442,
        2.77378759042,
        2.72903655542,
        2.76642777842,
        2.76085843942,
        2.79721687942,
        2.78567303742,
        2.74894650442,
        2.80352376442,
        2.7647426674199997
      ],
      "exit_codes": [
        0,
        0,
        0,
        0,
        0,
        0,
        0,
        0,
        0,
        0
      ]
    }
  ]
}
