{
  "results": [
    {
      "command": "python3 ../ibis-renoir-compiler test.test_operators.TestNonNullableOperators.test_non_nullable_outer_join --backend renoir --path_suffix _10000000",
      "mean": 11.13923557154,
      "stddev": 0.13488771976214273,
      "median": 11.15746715134,
      "user": 94.11946746000001,
      "system": 6.10486246,
      "min": 10.87341676084,
      "max": 11.36744326884,
      "times": [
        11.20915719484,
        11.17216469184,
        10.87341676084,
        11.08567986384,
        11.36744326884,
        11.15658309284,
        11.25635727584,
        11.01115020784,
        11.15835120984,
        11.10205214884
      ],
      "exit_codes": [
        0,
        0,
        0,
        0,
        0,
        0,
        0,
        0,
        0,
        0
      ]
    }
  ]
}
