{
  "results": [
    {
      "command": "python3 ../ibis-renoir-compiler test.test_nexmark.TestNexmark.test_nexmark_query_4 --backend duckdb --path_suffix _10000000",
      "mean": 1.63638281676,
      "stddev": 0.013684223443780725,
      "median": 1.63047048356,
      "user": 5.607945280000001,
      "system": 1.1851613799999998,
      "min": 1.6240132085599999,
      "max": 1.6637545485599998,
      "times": [
        1.62531892556,
        1.6637545485599998,
        1.63599226956,
        1.6240132085599999,
        1.62540515456,
        1.62870543756,
        1.63223552956,
        1.65299567656,
        1.6473061245599998,
        1.62810129256
      ],
      "exit_codes": [
        0,
        0,
        0,
        0,
        0,
        0,
        0,
        0,
        0,
        0
      ]
    }
  ]
}
