{
  "results": [
    {
      "command": "python3 ../ibis-renoir-compiler test.test_nexmark.TestNexmark.test_nexmark_query_2 --backend flink --path_suffix _10000000",
      "mean": 4.6823246723,
      "stddev": 0.08675095495598428,
      "median": 4.636101732,
      "user": 3.25136318,
      "system": 1.07990088,
      "min": 4.616937586,
      "max": 4.865684628,
      "times": [
        4.744200963,
        4.640169209,
        4.865684628,
        4.618427886,
        4.629874169,
        4.65537904,
        4.632034255,
        4.616937586,
        4.789574528,
        4.630964458999999
      ],
      "exit_codes": [
        0,
        0,
        0,
        0,
        0,
        0,
        0,
        0,
        0,
        0
      ]
    }
  ]
}
