{
  "results": [
    {
      "command": "python3 ../ibis-renoir-compiler test.test_operators.TestNullableOperators.test_nullable_group_reduce_group_reduce_join --backend duckdb --path_suffix _10000000",
      "mean": 2.75290275318,
      "stddev": 0.013707795870373372,
      "median": 2.75015791898,
      "user": 12.991139719999998,
      "system": 1.6159826799999997,
      "min": 2.7314188054799997,
      "max": 2.7740048274799998,
      "times": [
        2.7456470674799998,
        2.75354586548,
        2.7740048274799998,
        2.75242442348,
        2.7706862264799996,
        2.74712799748,
        2.7478914144799997,
        2.73979575548,
        2.7314188054799997,
        2.7664851484799997
      ],
      "exit_codes": [
        0,
        0,
        0,
        0,
        0,
        0,
        0,
        0,
        0,
        0
      ]
    }
  ]
}
