{
  "results": [
    {
      "command": "python3 ../ibis-renoir-compiler test.test_operators.TestNullableOperators.test_nullable_left_join --backend duckdb --path_suffix _10000000",
      "mean": 12.53233957678,
      "stddev": 0.28211984472948354,
      "median": 12.45001942008,
      "user": 16.76939262,
      "system": 1.7687227200000002,
      "min": 12.34668980758,
      "max": 13.319882773580002,
      "times": [
        12.448193620580001,
        12.451845219580001,
        12.34668980758,
        12.482991167580002,
        12.55470775158,
        12.385665283580002,
        13.319882773580002,
        12.461782669580002,
        12.433109232580001,
        12.43852824158
      ],
      "exit_codes": [
        0,
        0,
        0,
        0,
        0,
        0,
        0,
        0,
        0,
        0
      ]
    }
  ]
}
