{
  "results": [
    {
      "command": "python3 ../ibis-renoir-compiler test.test_nexmark.TestNexmark.test_nexmark_query_2 --backend renoir --path_suffix _10000000",
      "mean": 2.51395888484,
      "stddev": 0.01208291335621204,
      "median": 2.51272786044,
      "user": 10.69503852,
      "system": 1.1855084200000001,
      "min": 2.49803231744,
      "max": 2.53361877244,
      "times": [
        2.52746495344,
        2.5101677154399997,
        2.5027941884400002,
        2.5213129584400003,
        2.51225448244,
        2.49877237244,
        2.5132012384399998,
        2.52196984944,
        2.49803231744,
        2.53361877244
      ],
      "exit_codes": [
        0,
        0,
        0,
        0,
        0,
        0,
        0,
        0,
        0,
        0
      ]
    }
  ]
}
