{
  "results": [
    {
      "command": "python3 ../ibis-renoir-compiler test.test_operators.TestNullableOperators.test_nullable_join_group_reduce --backend renoir --path_suffix _10000000",
      "mean": 8.1200065758,
      "stddev": 0.08899947905649859,
      "median": 8.154088308799999,
      "user": 53.25492159999999,
      "system": 5.1317343399999995,
      "min": 7.9479165083000005,
      "max": 8.2019415963,
      "times": [
        7.9860871653,
        7.9479165083000005,
        8.092323713299999,
        8.1521789293,
        8.102084269299999,
        8.187538478299999,
        8.2019415963,
        8.1810405583,
        8.1559976883,
        8.1929568513
      ],
      "exit_codes": [
        0,
        0,
        0,
        0,
        0,
        0,
        0,
        0,
        0,
        0
      ]
    }
  ]
}
