{
  "results": [
    {
      "command": "python3 ../ibis-renoir-compiler test.test_operators.TestNonNullableOperators.test_non_nullable_join_group_reduce --backend renoir --path_suffix _10000000",
      "mean": 11.83745965938,
      "stddev": 0.11243318018055695,
      "median": 11.80755274058,
      "user": 89.33626418,
      "system": 6.36157888,
      "min": 11.732284733579998,
      "max": 12.08402244058,
      "times": [
        11.95165064758,
        12.08402244058,
        11.73400641758,
        11.90272083058,
        11.831621178579999,
        11.76641196058,
        11.791216110579999,
        11.732284733579998,
        11.75677290358,
        11.82388937058
      ],
      "exit_codes": [
        0,
        0,
        0,
        0,
        0,
        0,
        0,
        0,
        0,
        0
      ]
    }
  ]
}
