{
  "results": [
    {
      "command": "python3 ../ibis-renoir-compiler test.test_operators.TestNullableOperators.test_nullable_windowing_implicit_mean --backend flink --path_suffix _10000000",
      "mean": 6.529191068360001,
      "stddev": 0.05030128210390662,
      "median": 6.51926583236,
      "user": 5.645731039999999,
      "system": 2.4802775599999998,
      "min": 6.44227789636,
      "max": 6.60352054936,
      "times": [
        6.50676778336,
        6.51520095536,
        6.4854949713600005,
        6.52770875536,
        6.59234953436,
        6.60352054936,
        6.523330709360001,
        6.44227789636,
        6.5131346933600005,
        6.58212483536
      ],
      "exit_codes": [
        0,
        0,
        0,
        0,
        0,
        0,
        0,
        0,
        0,
        0
      ]
    }
  ]
}
