{
  "results": [
    {
      "command": "python3 ../ibis-renoir-compiler test.test_nexmark.TestNexmark.test_nexmark_query_1 --backend flink --path_suffix _10000000",
      "mean": 5.47198753394,
      "stddev": 0.06941406856876353,
      "median": 5.47868590834,
      "user": 4.238668079999999,
      "system": 1.2803753599999999,
      "min": 5.35357101684,
      "max": 5.57736845984,
      "times": [
        5.45700169184,
        5.48051395684,
        5.50371251384,
        5.35357101684,
        5.57736845984,
        5.54904775084,
        5.47685785984,
        5.42216902284,
        5.51108017584,
        5.38855289084
      ],
      "exit_codes": [
        0,
        0,
        0,
        0,
        0,
        0,
        0,
        0,
        0,
        0
      ]
    }
  ]
}
