{
  "results": [
    {
      "command": "python3 ../ibis-renoir-compiler test.test_operators.TestNullableOperators.test_nullable_left_join --backend flink --path_suffix _10000000",
      "mean": 14.493475763520001,
      "stddev": 0.36019012163139963,
      "median": 14.351772416420001,
      "user": 17.42683668,
      "system": 1.80811748,
      "min": 14.233098147920002,
      "max": 15.22563513092,
      "times": [
        14.360858074920001,
        14.25555576992,
        14.39708927492,
        14.305916017920001,
        14.342686757920001,
        15.11133877392,
        14.36104658192,
        15.22563513092,
        14.341533104920002,
        14.233098147920002
      ],
      "exit_codes": [
        0,
        0,
        0,
        0,
        0,
        0,
        0,
        0,
        0,
        0
      ]
    }
  ]
}
