{
  "results": [
    {
      "command": "python3 ../ibis-renoir-compiler test.test_nexmark.TestNexmark.test_nexmark_query_4 --backend renoir --path_suffix _10000000",
      "mean": 9.786626240499999,
      "stddev": 0.09181930471192681,
      "median": 9.8166829255,
      "user": 72.26230448,
      "system": 4.616448119999999,
      "min": 9.650603187,
      "max": 9.87521256,
      "times": [
        9.666135436,
        9.672765108,
        9.650603187,
        9.867610592,
        9.769039763999999,
        9.858919200999999,
        9.87521256,
        9.797308903,
        9.872610706,
        9.836056948
      ],
      "exit_codes": [
        0,
        0,
        0,
        0,
        0,
        0,
        0,
        0,
        0,
        0
      ]
    }
  ]
}
