{
  "results": [
    {
      "command": "python3 ../ibis-renoir-compiler test.test_operators.TestNullableOperators.test_nullable_outer_join --backend flink --path_suffix _10000000",
      "mean": 44.3951394235,
      "stddev": 1.1696156894039023,
      "median": 43.8117678475,
      "user": 46.96889517999999,
      "system": 2.71963724,
      "min": 43.457692152,
      "max": 47.247917559,
      "times": [
        43.793060163,
        43.457692152,
        43.594345557000004,
        44.851298555,
        43.586669527000005,
        45.096073522000005,
        43.830475532,
        44.783259464000004,
        43.710602204000004,
        47.247917559
      ],
      "exit_codes": [
        0,
        0,
        0,
        0,
        0,
        0,
        0,
        0,
        0,
        0
      ]
    }
  ]
}
