{
  "results": [
    {
      "command": "python3 ../ibis-renoir-compiler test.test_operators.TestNullableOperators.test_nullable_filter_group_select --backend renoir --path_suffix _10000000",
      "mean": 2.86405630876,
      "stddev": 0.01564149054326578,
      "median": 2.8700836458600003,
      "user": 13.589561759999999,
      "system": 1.0400646,
      "min": 2.8299804238600004,
      "max": 2.87935997786,
      "times": [
        2.85191869886,
        2.85935211086,
        2.86844828186,
        2.87439581486,
        2.87935997786,
        2.87508717186,
        2.8523426138600003,
        2.8299804238600004,
        2.87795898386,
        2.87171900986
      ],
      "exit_codes": [
        0,
        0,
        0,
        0,
        0,
        0,
        0,
        0,
        0,
        0
      ]
    }
  ]
}
