{
  "results": [
    {
      "command": "python3 ../ibis-renoir-compiler test.test_operators.TestNullableOperators.test_nullable_windowing_implicit_sum --backend flink --path_suffix _10000000",
      "mean": 11.24873111904,
      "stddev": 0.05614449538607839,
      "median": 11.266036592239999,
      "user": 9.86680236,
      "system": 2.83646514,
      "min": 11.15035621424,
      "max": 11.31247563524,
      "times": [
        11.17034213124,
        11.27720534324,
        11.27751846524,
        11.202773691239999,
        11.31247563524,
        11.278935282239999,
        11.25486784124,
        11.15035621424,
        11.252733897239999,
        11.310102689239999
      ],
      "exit_codes": [
        0,
        0,
        0,
        0,
        0,
        0,
        0,
        0,
        0,
        0
      ]
    }
  ]
}
