{
  "results": [
    {
      "command": "python3 ../ibis-renoir-compiler test.test_operators.TestNullableOperators.test_nullable_left_join --backend renoir --path_suffix _10000000",
      "mean": 7.26131045526,
      "stddev": 0.18948208565337435,
      "median": 7.31363204166,
      "user": 47.75118859999999,
      "system": 5.8176598,
      "min": 6.98876767416,
      "max": 7.53907160316,
      "times": [
        7.128556575159999,
        7.08327971316,
        7.43767006516,
        7.32329661016,
        7.303967473159999,
        7.03549531616,
        7.4269964781599995,
        7.34600304416,
        7.53907160316,
        6.98876767416
      ],
      "exit_codes": [
        0,
        0,
        0,
        0,
        0,
        0,
        0,
        0,
        0,
        0
      ]
    }
  ]
}
