{
  "results": [
    {
      "command": "python3 ../ibis-renoir-compiler test.test_operators.TestNullableOperators.test_nullable_filter_select --backend polars --path_suffix _10000000",
      "mean": 1.4861978496200001,
      "stddev": 0.009081937338026027,
      "median": 1.48219230462,
      "user": 1.61157212,
      "system": 0.7932019800000001,
      "min": 1.47719778312,
      "max": 1.50279960512,
      "times": [
        1.47719778312,
        1.4895732051200001,
        1.48338918812,
        1.48079864912,
        1.50279960512,
        1.4802680141200002,
        1.50016204912,
        1.48099542112,
        1.47772417512,
        1.4890704061200002
      ],
      "exit_codes": [
        0,
        0,
        0,
        0,
        0,
        0,
        0,
        0,
        0,
        0
      ]
    }
  ]
}
