{
  "results": [
    {
      "command": "python3 ../ibis-renoir-compiler test.test_nexmark.TestNexmark.test_nexmark_query_1 --backend polars --path_suffix _10000000",
      "mean": 3.7851994770400004,
      "stddev": 0.017980614366436592,
      "median": 3.78432867674,
      "user": 3.60756776,
      "system": 1.2689799000000002,
      "min": 3.74700882624,
      "max": 3.81422977324,
      "times": [
        3.78311621624,
        3.78554113724,
        3.80110602924,
        3.77991931024,
        3.77220606224,
        3.79612210324,
        3.81422977324,
        3.78236030224,
        3.79038501024,
        3.74700882624
      ],
      "exit_codes": [
        0,
        0,
        0,
        0,
        0,
        0,
        0,
        0,
        0,
        0
      ]
    }
  ]
}
