{
  "results": [
    {
      "command": "python3 ../ibis-renoir-compiler test.test_operators.TestNullableOperators.test_nullable_group_reduce_join_mutate --backend renoir --path_suffix _10000000",
      "mean": 8.3801598194,
      "stddev": 0.12768507796585515,
      "median": 8.3850576297,
      "user": 55.58198632,
      "system": 5.550533079999999,
      "min": 8.1036120472,
      "max": 8.6094386762,
      "times": [
        8.1036120472,
        8.6094386762,
        8.335537033200001,
        8.3138392462,
        8.4235276522,
        8.3701702822,
        8.464963629200001,
        8.3626634222,
        8.3999449772,
        8.4179012282
      ],
      "exit_codes": [
        0,
        0,
        0,
        0,
        0,
        0,
        0,
        0,
        0,
        0
      ]
    }
  ]
}
