{
  "results": [
    {
      "command": "python3 ../ibis-renoir-compiler test.test_operators.TestNullableOperators.test_nullable_filter_group_mutate --backend duckdb --path_suffix _10000000",
      "mean": 0.8916781962600002,
      "stddev": 0.004781362373666603,
      "median": 0.89041515136,
      "user": 2.05796118,
      "system": 0.8157686399999997,
      "min": 0.8870983558600001,
      "max": 0.9020971458600001,
      "times": [
        0.89238976686,
        0.8896261318600001,
        0.8919500628600001,
        0.8870983558600001,
        0.89766460286,
        0.8884997828600001,
        0.8882514598600001,
        0.89120417086,
        0.9020971458600001,
        0.8880004828600001
      ],
      "exit_codes": [
        0,
        0,
        0,
        0,
        0,
        0,
        0,
        0,
        0,
        0
      ]
    }
  ]
}
