{
  "results": [
    {
      "command": "python3 ../ibis-renoir-compiler test.test_operators.TestNonNullableOperators.test_non_nullable_inner_join_select --backend renoir --path_suffix _10000000",
      "mean": 8.920248006380001,
      "stddev": 0.1333987896075676,
      "median": 8.939211424380002,
      "user": 66.88098069999998,
      "system": 6.695973480000001,
      "min": 8.67403347188,
      "max": 9.110053369880001,
      "times": [
        9.00075252088,
        9.08235155388,
        8.80338740188,
        8.97230449988,
        8.67403347188,
        8.924046606880001,
        8.95437624188,
        8.85661513888,
        9.110053369880001,
        8.82455925788
      ],
      "exit_codes": [
        0,
        0,
        0,
        0,
        0,
        0,
        0,
        0,
        0,
        0
      ]
    }
  ]
}
