level,timestamp,test_name,backend_name,run_count,total_time_s,renoir_compile_time_s,renoir_execute_time_s,ibis_time_s,max_memory_MiB,scenario,exception
INFO,2024-08-13 08:07:26.607,test_scenarios_preprocess_1_dropna,duckdb,-1,0.29556984314695,-1,-1,-1,340.2109375,Scenario1,None
INFO,2024-08-13 08:07:26.950,test_scenarios_preprocess_1_dropna,duckdb,0,0.2859653318300843,-1,-1,-1,579.4609375,Scenario1,None
INFO,2024-08-13 08:07:27.308,test_scenarios_preprocess_1_dropna,duckdb,1,0.2948786416091025,-1,-1,-1,643.4609375,Scenario1,None
INFO,2024-08-13 08:07:27.661,test_scenarios_preprocess_1_dropna,duckdb,2,0.2976640588603914,-1,-1,-1,793.14453125,Scenario1,None
INFO,2024-08-13 08:07:27.999,test_scenarios_preprocess_1_dropna,duckdb,3,0.2827695426531136,-1,-1,-1,970.12890625,Scenario1,None
INFO,2024-08-13 08:07:28.375,test_scenarios_preprocess_1_dropna,duckdb,4,0.3206001305952668,-1,-1,-1,1108.8359375,Scenario1,None
INFO,2024-08-13 08:07:28.965,test_scenarios_preprocess_1_dropna,polars,-1,0.5242600850760937,-1,-1,-1,1158.8828125,Scenario1,None
INFO,2024-08-13 08:07:29.652,test_scenarios_preprocess_1_dropna,polars,0,0.6823503961786628,-1,-1,-1,1287.51953125,Scenario1,None
INFO,2024-08-13 08:07:29.930,test_scenarios_preprocess_1_dropna,polars,1,0.2762285862118006,-1,-1,-1,1280.33203125,Scenario1,None
INFO,2024-08-13 08:07:30.259,test_scenarios_preprocess_1_dropna,polars,2,0.3267500149086118,-1,-1,-1,1286.2890625,Scenario1,None
INFO,2024-08-13 08:07:30.597,test_scenarios_preprocess_1_dropna,polars,3,0.33545613987371325,-1,-1,-1,1288.41015625,Scenario1,None
INFO,2024-08-13 08:07:31.169,test_scenarios_preprocess_1_dropna,polars,4,0.5693970392458141,-1,-1,-1,1323.05859375,Scenario1,None
INFO,2024-08-13 10:10:06.940,test_scenarios_preprocess_1_dropna,flink,-1,75.00288515165448,-1,-1,-1,1217.19140625,Scenario1,None
INFO,2024-08-13 10:11:20.422,test_scenarios_preprocess_1_dropna,flink,0,72.16437615267932,-1,-1,-1,1358.06640625,Scenario1,None
INFO,2024-08-13 10:12:35.174,test_scenarios_preprocess_1_dropna,flink,1,72.89892683876678,-1,-1,-1,1426.921875,Scenario1,None
INFO,2024-08-13 10:13:49.941,test_scenarios_preprocess_1_dropna,flink,2,73.14651293400675,-1,-1,-1,1433.734375,Scenario1,None
INFO,2024-08-13 10:15:06.341,test_scenarios_preprocess_1_dropna,flink,3,72.73655850579962,-1,-1,-1,1446.734375,Scenario1,None
INFO,2024-08-13 10:16:24.640,test_scenarios_preprocess_1_dropna,flink,4,71.75895440066233,-1,-1,-1,1484.27734375,Scenario1,None
INFO,2024-08-13 08:08:02.084,test_scenarios_preprocess_1_dropna,renoir,-1,25.000210729893297,24.722802315372974,0.2634974750690162,-1,684.84375,Scenario1,None
INFO,2024-08-13 08:08:04.174,test_scenarios_preprocess_1_dropna,renoir,0,2.032014723867178,1.7613465879112482,0.2564588878303766,-1,700.53125,Scenario1,None
INFO,2024-08-13 08:08:06.091,test_scenarios_preprocess_1_dropna,renoir,1,1.8590135048143566,1.6085364441387355,0.23702897178009152,-1,711.46484375,Scenario1,None
INFO,2024-08-13 08:08:08.040,test_scenarios_preprocess_1_dropna,renoir,2,1.8915568166412413,1.6386859766207635,0.23938503582030535,-1,722.29296875,Scenario1,None
INFO,2024-08-13 08:08:09.982,test_scenarios_preprocess_1_dropna,renoir,3,1.8797588730230927,1.6292040669359267,0.2372776297852397,-1,724.05078125,Scenario1,None
INFO,2024-08-13 08:08:11.911,test_scenarios_preprocess_1_dropna,renoir,4,1.871372363064438,1.6242242720909417,0.2339050369337201,-1,730.91796875,Scenario1,None
INFO,2024-08-13 08:08:12.161,test_scenarios_preprocess_2_fillna,duckdb,-1,0.1934813349507749,-1,-1,-1,397.23046875,Scenario1,None
INFO,2024-08-13 08:08:12.414,test_scenarios_preprocess_2_fillna,duckdb,0,0.19727671006694436,-1,-1,-1,501.72265625,Scenario1,None
INFO,2024-08-13 08:08:12.671,test_scenarios_preprocess_2_fillna,duckdb,1,0.20069293212145567,-1,-1,-1,569.8359375,Scenario1,None
INFO,2024-08-13 08:08:12.927,test_scenarios_preprocess_2_fillna,duckdb,2,0.20225741807371378,-1,-1,-1,634.4921875,Scenario1,None
INFO,2024-08-13 08:08:13.188,test_scenarios_preprocess_2_fillna,duckdb,3,0.20590499974787235,-1,-1,-1,705.01953125,Scenario1,None
INFO,2024-08-13 08:08:13.452,test_scenarios_preprocess_2_fillna,duckdb,4,0.2084239018149674,-1,-1,-1,746.8828125,Scenario1,None
INFO,2024-08-13 08:08:13.709,test_scenarios_preprocess_2_fillna,polars,-1,0.19254956813529134,-1,-1,-1,870.6015625,Scenario1,None
INFO,2024-08-13 08:08:13.912,test_scenarios_preprocess_2_fillna,polars,0,0.20175875816494226,-1,-1,-1,870.87109375,Scenario1,None
INFO,2024-08-13 08:08:14.201,test_scenarios_preprocess_2_fillna,polars,1,0.2867307150736451,-1,-1,-1,897.26953125,Scenario1,None
INFO,2024-08-13 08:08:14.352,test_scenarios_preprocess_2_fillna,polars,2,0.14962732838466763,-1,-1,-1,870.6484375,Scenario1,None
INFO,2024-08-13 08:08:14.675,test_scenarios_preprocess_2_fillna,polars,3,0.32108773896470666,-1,-1,-1,898.4453125,Scenario1,None
INFO,2024-08-13 08:08:14.862,test_scenarios_preprocess_2_fillna,polars,4,0.1862193699926138,-1,-1,-1,870.4296875,Scenario1,None
INFO,2024-08-13 08:09:23.568,test_scenarios_preprocess_2_fillna,flink,-1,65.86480288906023,-1,-1,-1,1713.9453125,Scenario1,None
INFO,2024-08-13 08:10:26.255,test_scenarios_preprocess_2_fillna,flink,0,60.84554949775338,-1,-1,-1,1736.19140625,Scenario1,None
INFO,2024-08-13 08:11:28.391,test_scenarios_preprocess_2_fillna,flink,1,60.817744514904916,-1,-1,-1,1756.78125,Scenario1,None
INFO,2024-08-13 08:12:33.489,test_scenarios_preprocess_2_fillna,flink,2,63.32332518324256,-1,-1,-1,1873.359375,Scenario1,None
INFO,2024-08-13 08:13:43.454,test_scenarios_preprocess_2_fillna,flink,3,63.3869215529412,-1,-1,-1,1822.55078125,Scenario1,None
INFO,2024-08-13 08:14:51.973,test_scenarios_preprocess_2_fillna,flink,4,62.182704919949174,-1,-1,-1,1832.8203125,Scenario1,None
INFO,2024-08-13 08:15:06.802,test_scenarios_preprocess_2_fillna,renoir,-1,12.786870132666081,12.315917881205678,0.4512700638733804,-1,2194.296875,Scenario1,None
INFO,2024-08-13 08:15:08.730,test_scenarios_preprocess_2_fillna,renoir,0,1.862247655633837,1.6036767507903278,0.2384704751893878,-1,2181.4140625,Scenario1,None
INFO,2024-08-13 08:15:10.734,test_scenarios_preprocess_2_fillna,renoir,1,1.9461917630396783,1.6861928389407694,0.2408562139607966,-1,2196.77734375,Scenario1,None
INFO,2024-08-13 08:15:12.659,test_scenarios_preprocess_2_fillna,renoir,2,1.8664809600450099,1.616039167623967,0.23063266510143876,-1,2181.875,Scenario1,None
INFO,2024-08-13 08:15:14.608,test_scenarios_preprocess_2_fillna,renoir,3,1.8774290960282087,1.622456660028547,0.2360817869193852,-1,2172.578125,Scenario1,None
INFO,2024-08-13 08:15:16.586,test_scenarios_preprocess_2_fillna,renoir,4,1.912146416027099,1.6550515247508883,0.23783099511638284,-1,2184.57421875,Scenario1,None
INFO,2024-08-13 08:15:17.548,test_scenarios_preprocess_3_filter,duckdb,-1,0.24164498131722212,-1,-1,-1,1873.27734375,Scenario1,None
INFO,2024-08-13 08:15:17.848,test_scenarios_preprocess_3_filter,duckdb,0,0.2323813820257783,-1,-1,-1,1901.3828125,Scenario1,None
INFO,2024-08-13 08:15:18.162,test_scenarios_preprocess_3_filter,duckdb,1,0.24822985474020243,-1,-1,-1,1917.87890625,Scenario1,None
INFO,2024-08-13 08:15:18.462,test_scenarios_preprocess_3_filter,duckdb,2,0.23151894565671682,-1,-1,-1,1929.4296875,Scenario1,None
INFO,2024-08-13 08:15:18.782,test_scenarios_preprocess_3_filter,duckdb,3,0.25126360123977065,-1,-1,-1,1950.6015625,Scenario1,None
INFO,2024-08-13 08:15:19.105,test_scenarios_preprocess_3_filter,duckdb,4,0.24816667288541794,-1,-1,-1,1946.46875,Scenario1,None
INFO,2024-08-13 08:15:19.954,test_scenarios_preprocess_3_filter,polars,-1,0.6489645740948617,-1,-1,-1,1976.0,Scenario1,None
INFO,2024-08-13 08:15:20.088,test_scenarios_preprocess_3_filter,polars,0,0.13314226502552629,-1,-1,-1,1990.44140625,Scenario1,None
INFO,2024-08-13 08:15:20.220,test_scenarios_preprocess_3_filter,polars,1,0.13046341901645064,-1,-1,-1,1988.53515625,Scenario1,None
INFO,2024-08-13 08:15:20.409,test_scenarios_preprocess_3_filter,polars,2,0.18695737002417445,-1,-1,-1,1988.8125,Scenario1,None
INFO,2024-08-13 08:15:20.589,test_scenarios_preprocess_3_filter,polars,3,0.1788325710222125,-1,-1,-1,1978.58984375,Scenario1,None
INFO,2024-08-13 08:15:20.759,test_scenarios_preprocess_3_filter,polars,4,0.16854964988306165,-1,-1,-1,1978.82421875,Scenario1,None
INFO,2024-08-13 08:15:55.325,test_scenarios_preprocess_3_filter,flink,-1,33.200127609074116,-1,-1,-1,1986.5078125,Scenario1,None
INFO,2024-08-13 08:16:29.691,test_scenarios_preprocess_3_filter,flink,0,33.00338276010007,-1,-1,-1,1996.0859375,Scenario1,None
INFO,2024-08-13 08:17:06.861,test_scenarios_preprocess_3_filter,flink,1,35.763650016859174,-1,-1,-1,2003.70703125,Scenario1,None
INFO,2024-08-13 08:17:40.202,test_scenarios_preprocess_3_filter,flink,2,31.877068537753075,-1,-1,-1,2024.20703125,Scenario1,None
INFO,2024-08-13 08:18:12.565,test_scenarios_preprocess_3_filter,flink,3,30.977672394830734,-1,-1,-1,2016.52734375,Scenario1,None
INFO,2024-08-13 08:18:44.768,test_scenarios_preprocess_3_filter,flink,4,30.81512786867097,-1,-1,-1,2017.5859375,Scenario1,None
INFO,2024-08-13 08:18:46.758,test_scenarios_preprocess_3_filter,renoir,-1,1.9337955564260483,1.758196025621146,0.15226820204406977,-1,2422.421875,Scenario1,None
INFO,2024-08-13 08:18:48.564,test_scenarios_preprocess_3_filter,renoir,0,1.7469647354446352,1.5731167518533766,0.15006609400734305,-1,2418.49609375,Scenario1,None
INFO,2024-08-13 08:18:50.335,test_scenarios_preprocess_3_filter,renoir,1,1.7128683859482408,1.5424417844042182,0.14749822113662958,-1,2421.59375,Scenario1,None
INFO,2024-08-13 08:18:52.116,test_scenarios_preprocess_3_filter,renoir,2,1.7224449701607227,1.5518993427976966,0.1477919491007924,-1,2419.80859375,Scenario1,None
INFO,2024-08-13 08:18:53.894,test_scenarios_preprocess_3_filter,renoir,3,1.721510520670563,1.5512835192494094,0.14744526986032724,-1,2417.26171875,Scenario1,None
INFO,2024-08-13 08:18:55.667,test_scenarios_preprocess_3_filter,renoir,4,1.7157812439836562,1.5437345947138965,0.14868686301633716,-1,2422.4609375,Scenario1,None
INFO,2024-08-13 08:18:56.015,test_scenarios_preprocess_4_group_sum,duckdb,-1,0.2774872467853129,-1,-1,-1,2048.05078125,Scenario1,None
INFO,2024-08-13 08:18:56.279,test_scenarios_preprocess_4_group_sum,duckdb,0,0.20685125421732664,-1,-1,-1,2116.26171875,Scenario1,None
INFO,2024-08-13 08:18:56.551,test_scenarios_preprocess_4_group_sum,duckdb,1,0.21695103915408254,-1,-1,-1,2150.94140625,Scenario1,None
INFO,2024-08-13 08:18:56.841,test_scenarios_preprocess_4_group_sum,duckdb,2,0.23378103226423264,-1,-1,-1,2167.5625,Scenario1,None
INFO,2024-08-13 08:18:57.113,test_scenarios_preprocess_4_group_sum,duckdb,3,0.21592755615711212,-1,-1,-1,2178.45703125,Scenario1,None
INFO,2024-08-13 08:18:57.421,test_scenarios_preprocess_4_group_sum,duckdb,4,0.2534126699902117,-1,-1,-1,2166.875,Scenario1,None
INFO,2024-08-13 08:18:57.767,test_scenarios_preprocess_4_group_sum,polars,-1,0.3445726437494159,-1,-1,-1,2138.3046875,Scenario1,None
INFO,2024-08-13 08:18:57.915,test_scenarios_preprocess_4_group_sum,polars,0,0.14503383683040738,-1,-1,-1,2183.19921875,Scenario1,None
INFO,2024-08-13 08:18:58.043,test_scenarios_preprocess_4_group_sum,polars,1,0.12687211018055677,-1,-1,-1,2208.96484375,Scenario1,None
INFO,2024-08-13 08:18:58.173,test_scenarios_preprocess_4_group_sum,polars,2,0.12805856578052044,-1,-1,-1,2218.09765625,Scenario1,None
INFO,2024-08-13 08:18:58.303,test_scenarios_preprocess_4_group_sum,polars,3,0.12833332223817706,-1,-1,-1,2208.01171875,Scenario1,None
INFO,2024-08-13 08:18:58.443,test_scenarios_preprocess_4_group_sum,polars,4,0.1382627571001649,-1,-1,-1,2209.625,Scenario1,None
INFO,2024-08-13 08:19:10.863,test_scenarios_preprocess_4_group_sum,flink,-1,11.029772927053273,-1,-1,-1,2211.0234375,Scenario1,None
INFO,2024-08-13 08:19:18.551,test_scenarios_preprocess_4_group_sum,flink,0,6.215780118945986,-1,-1,-1,2211.72265625,Scenario1,None
INFO,2024-08-13 08:19:26.471,test_scenarios_preprocess_4_group_sum,flink,1,6.321465902961791,-1,-1,-1,2212.08203125,Scenario1,None
INFO,2024-08-13 08:19:34.210,test_scenarios_preprocess_4_group_sum,flink,2,6.3131274110637605,-1,-1,-1,2213.72265625,Scenario1,None
INFO,2024-08-13 08:19:41.949,test_scenarios_preprocess_4_group_sum,flink,3,6.30604286538437,-1,-1,-1,2233.2265625,Scenario1,None
INFO,2024-08-13 08:19:49.837,test_scenarios_preprocess_4_group_sum,flink,4,6.41974453208968,-1,-1,-1,2234.0625,Scenario1,None
INFO,2024-08-13 08:19:54.503,test_scenarios_preprocess_4_group_sum,renoir,-1,4.603386968839914,4.414360078051686,0.15960941277444363,-1,2618.40625,Scenario1,None
INFO,2024-08-13 08:19:57.733,test_scenarios_preprocess_4_group_sum,renoir,0,3.172936719842255,2.769962321035564,0.376055755186826,-1,2619.1484375,Scenario1,None
INFO,2024-08-13 08:20:00.512,test_scenarios_preprocess_4_group_sum,renoir,1,2.7125074779614806,2.5275486051104963,0.15811795881018043,-1,2612.40234375,Scenario1,None
INFO,2024-08-13 08:20:03.226,test_scenarios_preprocess_4_group_sum,renoir,2,2.6508290241472423,2.4670938490889966,0.1572764520533383,-1,2617.47265625,Scenario1,None
INFO,2024-08-13 08:20:05.927,test_scenarios_preprocess_4_group_sum,renoir,3,2.6306725298054516,2.447515425272286,0.15581402415409684,-1,2596.1328125,Scenario1,None
INFO,2024-08-13 08:20:08.630,test_scenarios_preprocess_4_group_sum,renoir,4,2.6458660238422453,2.463165092281997,0.15564029105007648,-1,2589.44140625,Scenario1,None
INFO,2024-08-13 08:20:08.982,test_scenarios_preprocess_5_group_mean,duckdb,-1,0.29460620041936636,-1,-1,-1,2382.11328125,Scenario1,None
INFO,2024-08-13 08:20:09.368,test_scenarios_preprocess_5_group_mean,duckdb,0,0.3163991351611912,-1,-1,-1,2489.2265625,Scenario1,None
INFO,2024-08-13 08:20:09.771,test_scenarios_preprocess_5_group_mean,duckdb,1,0.33654610440135,-1,-1,-1,2547.9375,Scenario1,None
INFO,2024-08-13 08:20:10.163,test_scenarios_preprocess_5_group_mean,duckdb,2,0.32429467188194394,-1,-1,-1,2555.21875,Scenario1,None
INFO,2024-08-13 08:20:10.587,test_scenarios_preprocess_5_group_mean,duckdb,3,0.3572593741118908,-1,-1,-1,2577.45703125,Scenario1,None
INFO,2024-08-13 08:20:11.004,test_scenarios_preprocess_5_group_mean,duckdb,4,0.3478796202689409,-1,-1,-1,2608.56640625,Scenario1,None
INFO,2024-08-13 08:20:11.394,test_scenarios_preprocess_5_group_mean,polars,-1,0.38820947194471955,-1,-1,-1,2200.27734375,Scenario1,None
INFO,2024-08-13 08:20:11.739,test_scenarios_preprocess_5_group_mean,polars,0,0.3434487651102245,-1,-1,-1,2242.61328125,Scenario1,None
INFO,2024-08-13 08:20:12.081,test_scenarios_preprocess_5_group_mean,polars,1,0.34004479879513383,-1,-1,-1,2318.91796875,Scenario1,None
INFO,2024-08-13 08:20:12.419,test_scenarios_preprocess_5_group_mean,polars,2,0.336451003793627,-1,-1,-1,2323.57421875,Scenario1,None
INFO,2024-08-13 08:20:12.767,test_scenarios_preprocess_5_group_mean,polars,3,0.34647957887500525,-1,-1,-1,2326.7109375,Scenario1,None
INFO,2024-08-13 08:20:13.130,test_scenarios_preprocess_5_group_mean,polars,4,0.3613108326680958,-1,-1,-1,2323.2578125,Scenario1,None
INFO,2024-08-13 08:20:36.463,test_scenarios_preprocess_5_group_mean,flink,-1,21.795180798973888,-1,-1,-1,2299.765625,Scenario1,None
INFO,2024-08-13 08:20:59.185,test_scenarios_preprocess_5_group_mean,flink,0,21.208323613740504,-1,-1,-1,2310.53515625,Scenario1,None
INFO,2024-08-13 08:21:22.570,test_scenarios_preprocess_5_group_mean,flink,1,21.864781328942627,-1,-1,-1,2322.4765625,Scenario1,None
INFO,2024-08-13 08:21:45.534,test_scenarios_preprocess_5_group_mean,flink,2,21.460523221176118,-1,-1,-1,2476.31640625,Scenario1,None
INFO,2024-08-13 08:22:22.284,test_scenarios_preprocess_5_group_mean,flink,3,35.13614419801161,-1,-1,-1,2487.84375,Scenario1,None
INFO,2024-08-13 08:22:45.835,test_scenarios_preprocess_5_group_mean,flink,4,21.99296998512,-1,-1,-1,2664.4375,Scenario1,None
INFO,2024-08-13 08:22:49.074,test_scenarios_preprocess_5_group_mean,renoir,-1,3.1679630340076983,2.906853474676609,0.227925977203995,-1,3044.2421875,Scenario1,None
INFO,2024-08-13 08:22:51.972,test_scenarios_preprocess_5_group_mean,renoir,0,2.830574430990964,2.586964074987918,0.2170122629031539,-1,3050.73828125,Scenario1,None
INFO,2024-08-13 08:22:54.789,test_scenarios_preprocess_5_group_mean,renoir,1,2.747345575131476,2.4873987417668104,0.23318535927683115,-1,3044.55859375,Scenario1,None
INFO,2024-08-13 08:22:57.561,test_scenarios_preprocess_5_group_mean,renoir,2,2.7041573291644454,2.4524958371184766,0.22369725909084082,-1,3041.73046875,Scenario1,None
INFO,2024-08-13 08:23:00.364,test_scenarios_preprocess_5_group_mean,renoir,3,2.7346094702370465,2.491285217925906,0.2165617342106998,-1,3046.7734375,Scenario1,None
INFO,2024-08-13 08:23:03.140,test_scenarios_preprocess_5_group_mean,renoir,4,2.712009845301509,2.460334287956357,0.22472835890948772,-1,3035.39453125,Scenario1,None
INFO,2024-08-13 08:23:05.297,test_nexmark_query_1,duckdb,-1,1.17488048132509,-1,-1,-1,2839.01171875,Scenario1,None
INFO,2024-08-13 08:23:05.811,test_nexmark_query_1,duckdb,0,0.27471252996474504,-1,-1,-1,2808.85546875,Scenario1,None
INFO,2024-08-13 08:23:06.299,test_nexmark_query_1,duckdb,1,0.25209572818130255,-1,-1,-1,2892.45703125,Scenario1,None
INFO,2024-08-13 08:23:06.788,test_nexmark_query_1,duckdb,2,0.2575108031742275,-1,-1,-1,2976.26953125,Scenario1,None
INFO,2024-08-13 08:23:07.277,test_nexmark_query_1,duckdb,3,0.25469524785876274,-1,-1,-1,3034.35546875,Scenario1,None
INFO,2024-08-13 08:23:07.768,test_nexmark_query_1,duckdb,4,0.25795517303049564,-1,-1,-1,3114.8515625,Scenario1,None
INFO,2024-08-13 08:23:08.269,test_nexmark_query_1,polars,-1,0.4987270920537412,-1,-1,-1,3074.09765625,Scenario1,None
INFO,2024-08-13 08:23:08.657,test_nexmark_query_1,polars,0,0.3852396351285279,-1,-1,-1,3065.74609375,Scenario1,None
INFO,2024-08-13 08:23:09.414,test_nexmark_query_1,polars,1,0.7540403669700027,-1,-1,-1,3056.43359375,Scenario1,None
INFO,2024-08-13 08:23:09.824,test_nexmark_query_1,polars,2,0.40593421598896384,-1,-1,-1,3058.6875,Scenario1,None
INFO,2024-08-13 08:23:10.396,test_nexmark_query_1,polars,3,0.5691888579167426,-1,-1,-1,3046.21875,Scenario1,None
INFO,2024-08-13 08:23:10.992,test_nexmark_query_1,polars,4,0.5923528098501265,-1,-1,-1,3051.015625,Scenario1,None
INFO,2024-08-13 08:24:25.353,test_nexmark_query_1,flink,-1,72.02976864064112,-1,-1,-1,2970.03515625,Scenario1,None
INFO,2024-08-13 08:25:39.685,test_nexmark_query_1,flink,0,71.98159876512364,-1,-1,-1,3045.08984375,Scenario1,None
INFO,2024-08-13 08:26:54.274,test_nexmark_query_1,flink,1,72.12104504508898,-1,-1,-1,3075.828125,Scenario1,None
INFO,2024-08-13 08:28:09.319,test_nexmark_query_1,flink,2,72.64749585092068,-1,-1,-1,3121.32421875,Scenario1,None
INFO,2024-08-13 08:29:24.053,test_nexmark_query_1,flink,3,72.31931178504601,-1,-1,-1,3166.49609375,Scenario1,None
INFO,2024-08-13 08:30:38.826,test_nexmark_query_1,flink,4,72.3506582560949,-1,-1,-1,3163.71875,Scenario1,None
INFO,2024-08-13 08:30:41.740,test_nexmark_query_1,renoir,-1,2.694570458959788,2.3557732068002224,0.3073691721074283,-1,3479.171875,Scenario1,None
INFO,2024-08-13 08:30:43.935,test_nexmark_query_1,renoir,0,1.9837208329699934,1.6429999130778015,0.30890735797584057,-1,3479.75,Scenario1,None
INFO,2024-08-13 08:30:46.096,test_nexmark_query_1,renoir,1,1.9438917879015207,1.60195517167449,0.31048905616626143,-1,3471.28125,Scenario1,None
INFO,2024-08-13 08:30:48.292,test_nexmark_query_1,renoir,2,1.9764875145629048,1.6393759897910058,0.3055460238829255,-1,3480.06640625,Scenario1,None
INFO,2024-08-13 08:30:50.479,test_nexmark_query_1,renoir,3,1.967817214783281,1.608243447728455,0.327828214969486,-1,3468.8359375,Scenario1,None
INFO,2024-08-13 08:30:52.703,test_nexmark_query_1,renoir,4,2.0059407711960375,1.64294093567878,0.32893520407378674,-1,3482.2578125,Scenario1,None
INFO,2024-08-13 08:30:53.204,test_nexmark_query_2,duckdb,-1,0.29368825489655137,-1,-1,-1,3246.16015625,Scenario1,None
INFO,2024-08-13 08:30:53.756,test_nexmark_query_2,duckdb,0,0.3411187781020999,-1,-1,-1,3244.8359375,Scenario1,None
INFO,2024-08-13 08:30:54.317,test_nexmark_query_2,duckdb,1,0.3390282141044736,-1,-1,-1,3255.76171875,Scenario1,None
INFO,2024-08-13 08:30:54.868,test_nexmark_query_2,duckdb,2,0.33869127510115504,-1,-1,-1,3268.140625,Scenario1,None
INFO,2024-08-13 08:30:55.420,test_nexmark_query_2,duckdb,3,0.3391404468566179,-1,-1,-1,3252.2578125,Scenario1,None
INFO,2024-08-13 08:30:55.971,test_nexmark_query_2,duckdb,4,0.34289430314674973,-1,-1,-1,3255.19921875,Scenario1,None
INFO,2024-08-13 08:30:56.167,test_nexmark_query_2,polars,-1,0.19342780206352472,-1,-1,-1,3272.60546875,Scenario1,None
INFO,2024-08-13 08:30:56.363,test_nexmark_query_2,polars,0,0.19305645115673542,-1,-1,-1,3273.796875,Scenario1,None
INFO,2024-08-13 08:30:56.496,test_nexmark_query_2,polars,1,0.13031102623790503,-1,-1,-1,3185.78125,Scenario1,None
INFO,2024-08-13 08:30:56.629,test_nexmark_query_2,polars,2,0.13101506093516946,-1,-1,-1,3178.21875,Scenario1,None
INFO,2024-08-13 08:30:56.824,test_nexmark_query_2,polars,3,0.1930447667837143,-1,-1,-1,3254.98046875,Scenario1,None
INFO,2024-08-13 08:30:56.965,test_nexmark_query_2,polars,4,0.13838431891053915,-1,-1,-1,3203.77734375,Scenario1,None
INFO,2024-08-13 08:31:00.576,test_nexmark_query_2,flink,-1,1.141698844730854,-1,-1,-1,3106.0859375,Scenario1,None
INFO,2024-08-13 08:31:04.159,test_nexmark_query_2,flink,0,1.0383384926244617,-1,-1,-1,3108.578125,Scenario1,None
INFO,2024-08-13 08:31:07.890,test_nexmark_query_2,flink,1,1.133128821849823,-1,-1,-1,3110.95703125,Scenario1,None
INFO,2024-08-13 08:31:11.554,test_nexmark_query_2,flink,2,1.0409743217751384,-1,-1,-1,3113.15625,Scenario1,None
INFO,2024-08-13 08:31:15.350,test_nexmark_query_2,flink,3,1.11599180707708,-1,-1,-1,3117.4765625,Scenario1,None
INFO,2024-08-13 08:31:19.175,test_nexmark_query_2,flink,4,1.1168271289207041,-1,-1,-1,3120.21484375,Scenario1,None
INFO,2024-08-13 08:31:21.236,test_nexmark_query_2,renoir,-1,1.8379771849140525,1.6254826691001654,0.1792493681423366,-1,3486.234375,Scenario1,None
INFO,2024-08-13 08:31:23.353,test_nexmark_query_2,renoir,0,1.8980768388137221,1.6747310920618474,0.19048665976151824,-1,3474.30859375,Scenario1,None
INFO,2024-08-13 08:31:25.473,test_nexmark_query_2,renoir,1,1.8912751311436296,1.6824784940108657,0.17579917330294847,-1,3470.8984375,Scenario1,None
INFO,2024-08-13 08:31:27.564,test_nexmark_query_2,renoir,2,1.866392825730145,1.6472994601354003,0.18596832500770688,-1,3487.81640625,Scenario1,None
INFO,2024-08-13 08:31:29.640,test_nexmark_query_2,renoir,3,1.8552558259107172,1.645169144961983,0.1768967742100358,-1,3491.34375,Scenario1,None
INFO,2024-08-13 08:31:31.738,test_nexmark_query_2,renoir,4,1.862453639972955,1.6549072060734034,0.17461776826530695,-1,3491.5703125,Scenario1,None
INFO,2024-08-13 08:31:32.301,test_nexmark_query_3,duckdb,-1,0.31023386400192976,-1,-1,-1,3158.8203125,Scenario1,None
INFO,2024-08-13 08:31:32.951,test_nexmark_query_3,duckdb,0,0.4050131952390075,-1,-1,-1,3165.62109375,Scenario1,None
INFO,2024-08-13 08:31:33.579,test_nexmark_query_3,duckdb,1,0.39935712423175573,-1,-1,-1,3155.28515625,Scenario1,None
INFO,2024-08-13 08:31:34.185,test_nexmark_query_3,duckdb,2,0.3832764560356736,-1,-1,-1,3161.49609375,Scenario1,None
INFO,2024-08-13 08:31:34.787,test_nexmark_query_3,duckdb,3,0.38059743819758296,-1,-1,-1,3166.03125,Scenario1,None
INFO,2024-08-13 08:31:35.384,test_nexmark_query_3,duckdb,4,0.3788712345995009,-1,-1,-1,3165.10546875,Scenario1,None
INFO,2024-08-13 08:31:35.680,test_nexmark_query_3,polars,-1,0.29319656221196055,-1,-1,-1,3153.41796875,Scenario1,None
INFO,2024-08-13 08:31:35.839,test_nexmark_query_3,polars,0,0.15605579921975732,-1,-1,-1,3183.50390625,Scenario1,None
INFO,2024-08-13 08:31:35.989,test_nexmark_query_3,polars,1,0.14804833568632603,-1,-1,-1,3150.328125,Scenario1,None
INFO,2024-08-13 08:31:36.138,test_nexmark_query_3,polars,2,0.1456151739694178,-1,-1,-1,3121.40625,Scenario1,None
INFO,2024-08-13 08:31:36.283,test_nexmark_query_3,polars,3,0.14293531328439713,-1,-1,-1,3125.9921875,Scenario1,None
INFO,2024-08-13 08:31:36.430,test_nexmark_query_3,polars,4,0.14513811375945807,-1,-1,-1,3113.12890625,Scenario1,None
INFO,2024-08-13 08:31:41.079,test_nexmark_query_3,flink,-1,1.8903748239390552,-1,-1,-1,3088.7421875,Scenario1,None
INFO,2024-08-13 08:31:44.335,test_nexmark_query_3,flink,0,0.4354070657864213,-1,-1,-1,3091.60546875,Scenario1,None
INFO,2024-08-13 08:31:47.691,test_nexmark_query_3,flink,1,0.44192240526899695,-1,-1,-1,3092.9140625,Scenario1,None
INFO,2024-08-13 08:31:51.345,test_nexmark_query_3,flink,2,0.6669634557329118,-1,-1,-1,3093.7890625,Scenario1,None
INFO,2024-08-13 08:31:54.847,test_nexmark_query_3,flink,3,0.5158229842782021,-1,-1,-1,3094.671875,Scenario1,None
INFO,2024-08-13 08:31:58.318,test_nexmark_query_3,flink,4,0.4209902109578252,-1,-1,-1,3098.80859375,Scenario1,None
INFO,2024-08-13 08:32:02.376,test_nexmark_query_3,renoir,-1,3.8323393212631345,3.6616019126959145,0.13356235018000007,-1,3510.47265625,Scenario1,None
INFO,2024-08-13 08:32:06.161,test_nexmark_query_3,renoir,0,3.555777370929718,3.3859746381640434,0.13359697302803397,-1,3515.53125,Scenario1,None
INFO,2024-08-13 08:32:09.819,test_nexmark_query_3,renoir,1,3.4245152357034385,3.2542164772748947,0.13265663711354136,-1,3524.359375,Scenario1,None
INFO,2024-08-13 08:32:13.562,test_nexmark_query_3,renoir,2,3.515420858748257,3.3400121652521193,0.13767596427351236,-1,3514.80078125,Scenario1,None
INFO,2024-08-13 08:32:17.262,test_nexmark_query_3,renoir,3,3.4711971930228174,3.299229361116886,0.13382775243371725,-1,3523.328125,Scenario1,None
INFO,2024-08-13 08:32:21.001,test_nexmark_query_3,renoir,4,3.494028872810304,3.322686387691647,0.13448015181347728,-1,3509.91796875,Scenario1,None
INFO,2024-08-13 08:32:21.632,test_nexmark_query_4,duckdb,-1,0.3828331921249628,-1,-1,-1,3263.57421875,Scenario1,None
INFO,2024-08-13 08:32:22.198,test_nexmark_query_4,duckdb,0,0.32677264185622334,-1,-1,-1,3239.703125,Scenario1,None
INFO,2024-08-13 08:32:22.773,test_nexmark_query_4,duckdb,1,0.3277642377652228,-1,-1,-1,3230.39453125,Scenario1,None
INFO,2024-08-13 08:32:23.341,test_nexmark_query_4,duckdb,2,0.326230991166085,-1,-1,-1,3270.5078125,Scenario1,None
INFO,2024-08-13 08:32:23.912,test_nexmark_query_4,duckdb,3,0.32970850821584463,-1,-1,-1,3230.47265625,Scenario1,None
INFO,2024-08-13 08:32:24.490,test_nexmark_query_4,duckdb,4,0.33354280004277825,-1,-1,-1,3238.26953125,Scenario1,None
INFO,2024-08-13 08:32:24.725,test_nexmark_query_4,polars,-1,-1,-1,-1,-1,-1,Scenario1,Traceback (most recent call last):NEWLINE_ESCAPE   File "/home/ronconi/Projects/ibis-renoir-compiler/benchmark/internal/scenario_benchmark.py"COMMA_ESCAPE line 136COMMA_ESCAPE in runNEWLINE_ESCAPE    timeCOMMA_ESCAPE memo = self.perform_measure(backend)NEWLINE_ESCAPE                 ^^^^^^^^^^^^^^^^^^^^^^^^^^^^^NEWLINE_ESCAPE   File "/home/ronconi/Projects/ibis-renoir-compiler/benchmark/internal/scenario_benchmark.py"COMMA_ESCAPE line 177COMMA_ESCAPE in perform_measureNEWLINE_ESCAPE    return backend.perform_measure_to_file()NEWLINE_ESCAPE           ^^^^^^^^^^^^^^^^^^^^^^^^^^^^^^^^^NEWLINE_ESCAPE   File "/home/ronconi/Projects/ibis-renoir-compiler/benchmark/internal/backend_benchmark.py"COMMA_ESCAPE line 75COMMA_ESCAPE in perform_measure_to_fileNEWLINE_ESCAPE    memo = memory_usage((runCOMMA_ESCAPE [self.test_methodCOMMA_ESCAPE self.test_instance])COMMA_ESCAPE include_children=True)NEWLINE_ESCAPE           ^^^^^^^^^^^^^^^^^^^^^^^^^^^^^^^^^^^^^^^^^^^^^^^^^^^^^^^^^^^^^^^^^^^^^^^^^^^^^^^^^^NEWLINE_ESCAPE   File "/home/ronconi/Projects/ibis-renoir-compiler/.venv3.11/lib/python3.11/site-packages/memory_profiler.py"COMMA_ESCAPE line 379COMMA_ESCAPE in memory_usageNEWLINE_ESCAPE    returned = f(*argsCOMMA_ESCAPE **kw)NEWLINE_ESCAPE               ^^^^^^^^^^^^^^NEWLINE_ESCAPE   File "/home/ronconi/Projects/ibis-renoir-compiler/benchmark/internal/backend_benchmark.py"COMMA_ESCAPE line 73COMMA_ESCAPE in runNEWLINE_ESCAPE    con.to_csv(test_instance.queryCOMMA_ESCAPE "out/ibis-backend-result.csv")NEWLINE_ESCAPE   File "/home/ronconi/Projects/ibis-renoir-compiler/.venv3.11/lib/python3.11/site-packages/ibis/backends/base/__init__.py"COMMA_ESCAPE line 609COMMA_ESCAPE in to_csvNEWLINE_ESCAPE    with expr.to_pyarrow_batches(params=params) as batch_reader:NEWLINE_ESCAPE         ^^^^^^^^^^^^^^^^^^^^^^^^^^^^^^^^^^^^^^NEWLINE_ESCAPE   File "/home/ronconi/Projects/ibis-renoir-compiler/.venv3.11/lib/python3.11/site-packages/ibis/expr/types/core.py"COMMA_ESCAPE line 387COMMA_ESCAPE in to_pyarrow_batchesNEWLINE_ESCAPE    return self._find_backend(use_default=True).to_pyarrow_batches(NEWLINE_ESCAPE           ^^^^^^^^^^^^^^^^^^^^^^^^^^^^^^^^^^^^^^^^^^^^^^^^^^^^^^^^NEWLINE_ESCAPE   File "/home/ronconi/Projects/ibis-renoir-compiler/.venv3.11/lib/python3.11/site-packages/ibis/backends/polars/__init__.py"COMMA_ESCAPE line 467COMMA_ESCAPE in to_pyarrow_batchesNEWLINE_ESCAPE    table = self._to_pyarrow_table(exprCOMMA_ESCAPE params=paramsCOMMA_ESCAPE limit=limitCOMMA_ESCAPE **kwargs)NEWLINE_ESCAPE            ^^^^^^^^^^^^^^^^^^^^^^^^^^^^^^^^^^^^^^^^^^^^^^^^^^^^^^^^^^^^^^^^^^NEWLINE_ESCAPE   File "/home/ronconi/Projects/ibis-renoir-compiler/.venv3.11/lib/python3.11/site-packages/ibis/backends/polars/__init__.py"COMMA_ESCAPE line 438COMMA_ESCAPE in _to_pyarrow_tableNEWLINE_ESCAPE    df = lf.collect(streaming=streaming)NEWLINE_ESCAPE         ^^^^^^^^^^^^^^^^^^^^^^^^^^^^^^^NEWLINE_ESCAPE   File "/home/ronconi/Projects/ibis-renoir-compiler/.venv3.11/lib/python3.11/site-packages/polars/lazyframe/frame.py"COMMA_ESCAPE line 1967COMMA_ESCAPE in collectNEWLINE_ESCAPE    return wrap_df(ldf.collect(callback))NEWLINE_ESCAPE                   ^^^^^^^^^^^^^^^^^^^^^NEWLINE_ESCAPE polars.exceptions.ColumnNotFoundError: auctionNEWLINE_ESCAPENEWLINE_ESCAPEThis error occurred with the following context stack:NEWLINE_ESCAPE	[1] 'join schema resolving' failedNEWLINE_ESCAPE	[2] 'select' input failed to resolveNEWLINE_ESCAPE	[3] 'filter' input failed to resolveNEWLINE_ESCAPE	[4] 'with_columns' input failed to resolveNEWLINE_ESCAPE	[5] 'group_by' input failed to resolveNEWLINE_ESCAPE	[6] 'with_columns' input failed to resolveNEWLINE_ESCAPE	[7] 'group_by' input failed to resolveNEWLINE_ESCAPENEWLINE_ESCAPE
INFO,2024-08-13 08:32:40.248,test_nexmark_query_4,flink,-1,6.319043438881636,-1,-1,-1,790.50390625,Scenario1,None
INFO,2024-08-13 08:32:45.299,test_nexmark_query_4,flink,0,3.533313441090286,-1,-1,-1,819.62109375,Scenario1,None
INFO,2024-08-13 08:32:50.079,test_nexmark_query_4,flink,1,3.149203483015299,-1,-1,-1,1051.5625,Scenario1,None
INFO,2024-08-13 08:32:54.583,test_nexmark_query_4,flink,2,2.938005759846419,-1,-1,-1,961.47265625,Scenario1,None
INFO,2024-08-13 08:33:01.423,test_nexmark_query_4,flink,3,5.117867234162986,-1,-1,-1,1108.5,Scenario1,None
INFO,2024-08-13 08:33:06.764,test_nexmark_query_4,flink,4,3.621387906372547,-1,-1,-1,964.984375,Scenario1,None
INFO,2024-08-13 08:33:17.295,test_nexmark_query_4,renoir,-1,10.234628281090409,4.955290038138628,5.255804826039821,-1,1931.05078125,Scenario1,None
INFO,2024-08-13 08:33:22.915,test_nexmark_query_4,renoir,0,5.410042621195316,4.875983105972409,0.5095506687648594,-1,2148.42578125,Scenario1,None
INFO,2024-08-13 08:33:28.429,test_nexmark_query_4,renoir,1,5.300359881017357,4.780270149931312,0.4960391838103533,-1,2140.1171875,Scenario1,None
INFO,2024-08-13 08:33:33.993,test_nexmark_query_4,renoir,2,5.352195939980447,4.836613804101944,0.4907590989023447,-1,2086.33984375,Scenario1,None
INFO,2024-08-13 08:33:39.513,test_nexmark_query_4,renoir,3,5.309333818033338,4.796322499867529,0.4886491880752146,-1,2086.3984375,Scenario1,None
INFO,2024-08-13 08:33:44.966,test_nexmark_query_4,renoir,4,5.24359892308712,4.72550987591967,0.49413425801321864,-1,2161.45703125,Scenario1,None
INFO,2024-08-13 08:33:45.436,test_nexmark_query_6,duckdb,-1,0.2630826588720083,-1,-1,-1,1197.69921875,Scenario1,None
INFO,2024-08-13 08:33:45.918,test_nexmark_query_6,duckdb,0,0.2754633701406419,-1,-1,-1,1212.3828125,Scenario1,None
INFO,2024-08-13 08:33:46.396,test_nexmark_query_6,duckdb,1,0.2719077761285007,-1,-1,-1,1286.0390625,Scenario1,None
INFO,2024-08-13 08:33:46.872,test_nexmark_query_6,duckdb,2,0.26955851912498474,-1,-1,-1,1333.01953125,Scenario1,None
INFO,2024-08-13 08:33:47.359,test_nexmark_query_6,duckdb,3,0.26985091902315617,-1,-1,-1,1276.6328125,Scenario1,None
INFO,2024-08-13 08:33:47.840,test_nexmark_query_6,duckdb,4,0.27147112833335996,-1,-1,-1,1344.28515625,Scenario1,None
INFO,2024-08-13 08:33:48.075,test_nexmark_query_6,polars,-1,-1,-1,-1,-1,-1,Scenario1,Traceback (most recent call last):NEWLINE_ESCAPE   File "/home/ronconi/Projects/ibis-renoir-compiler/benchmark/internal/scenario_benchmark.py"COMMA_ESCAPE line 136COMMA_ESCAPE in runNEWLINE_ESCAPE    timeCOMMA_ESCAPE memo = self.perform_measure(backend)NEWLINE_ESCAPE                 ^^^^^^^^^^^^^^^^^^^^^^^^^^^^^NEWLINE_ESCAPE   File "/home/ronconi/Projects/ibis-renoir-compiler/benchmark/internal/scenario_benchmark.py"COMMA_ESCAPE line 177COMMA_ESCAPE in perform_measureNEWLINE_ESCAPE    return backend.perform_measure_to_file()NEWLINE_ESCAPE           ^^^^^^^^^^^^^^^^^^^^^^^^^^^^^^^^^NEWLINE_ESCAPE   File "/home/ronconi/Projects/ibis-renoir-compiler/benchmark/internal/backend_benchmark.py"COMMA_ESCAPE line 75COMMA_ESCAPE in perform_measure_to_fileNEWLINE_ESCAPE    memo = memory_usage((runCOMMA_ESCAPE [self.test_methodCOMMA_ESCAPE self.test_instance])COMMA_ESCAPE include_children=True)NEWLINE_ESCAPE           ^^^^^^^^^^^^^^^^^^^^^^^^^^^^^^^^^^^^^^^^^^^^^^^^^^^^^^^^^^^^^^^^^^^^^^^^^^^^^^^^^^NEWLINE_ESCAPE   File "/home/ronconi/Projects/ibis-renoir-compiler/.venv3.11/lib/python3.11/site-packages/memory_profiler.py"COMMA_ESCAPE line 379COMMA_ESCAPE in memory_usageNEWLINE_ESCAPE    returned = f(*argsCOMMA_ESCAPE **kw)NEWLINE_ESCAPE               ^^^^^^^^^^^^^^NEWLINE_ESCAPE   File "/home/ronconi/Projects/ibis-renoir-compiler/benchmark/internal/backend_benchmark.py"COMMA_ESCAPE line 73COMMA_ESCAPE in runNEWLINE_ESCAPE    con.to_csv(test_instance.queryCOMMA_ESCAPE "out/ibis-backend-result.csv")NEWLINE_ESCAPE   File "/home/ronconi/Projects/ibis-renoir-compiler/.venv3.11/lib/python3.11/site-packages/ibis/backends/base/__init__.py"COMMA_ESCAPE line 609COMMA_ESCAPE in to_csvNEWLINE_ESCAPE    with expr.to_pyarrow_batches(params=params) as batch_reader:NEWLINE_ESCAPE         ^^^^^^^^^^^^^^^^^^^^^^^^^^^^^^^^^^^^^^NEWLINE_ESCAPE   File "/home/ronconi/Projects/ibis-renoir-compiler/.venv3.11/lib/python3.11/site-packages/ibis/expr/types/core.py"COMMA_ESCAPE line 387COMMA_ESCAPE in to_pyarrow_batchesNEWLINE_ESCAPE    return self._find_backend(use_default=True).to_pyarrow_batches(NEWLINE_ESCAPE           ^^^^^^^^^^^^^^^^^^^^^^^^^^^^^^^^^^^^^^^^^^^^^^^^^^^^^^^^NEWLINE_ESCAPE   File "/home/ronconi/Projects/ibis-renoir-compiler/.venv3.11/lib/python3.11/site-packages/ibis/backends/polars/__init__.py"COMMA_ESCAPE line 467COMMA_ESCAPE in to_pyarrow_batchesNEWLINE_ESCAPE    table = self._to_pyarrow_table(exprCOMMA_ESCAPE params=paramsCOMMA_ESCAPE limit=limitCOMMA_ESCAPE **kwargs)NEWLINE_ESCAPE            ^^^^^^^^^^^^^^^^^^^^^^^^^^^^^^^^^^^^^^^^^^^^^^^^^^^^^^^^^^^^^^^^^^NEWLINE_ESCAPE   File "/home/ronconi/Projects/ibis-renoir-compiler/.venv3.11/lib/python3.11/site-packages/ibis/backends/polars/__init__.py"COMMA_ESCAPE line 434COMMA_ESCAPE in _to_pyarrow_tableNEWLINE_ESCAPE    lf = self.compile(exprCOMMA_ESCAPE params=paramsCOMMA_ESCAPE **kwargs)NEWLINE_ESCAPE         ^^^^^^^^^^^^^^^^^^^^^^^^^^^^^^^^^^^^^^^^^^^NEWLINE_ESCAPE   File "/home/ronconi/Projects/ibis-renoir-compiler/.venv3.11/lib/python3.11/site-packages/ibis/backends/polars/__init__.py"COMMA_ESCAPE line 395COMMA_ESCAPE in compileNEWLINE_ESCAPE    return translate(nodeCOMMA_ESCAPE ctx=ctx)NEWLINE_ESCAPE           ^^^^^^^^^^^^^^^^^^^^^^^^NEWLINE_ESCAPE   File "/usr/lib/python3.11/functools.py"COMMA_ESCAPE line 909COMMA_ESCAPE in wrapperNEWLINE_ESCAPE    return dispatch(args[0].__class__)(*argsCOMMA_ESCAPE **kw)NEWLINE_ESCAPE           ^^^^^^^^^^^^^^^^^^^^^^^^^^^^^^^^^^^^^^^^NEWLINE_ESCAPE   File "/home/ronconi/Projects/ibis-renoir-compiler/.venv3.11/lib/python3.11/site-packages/ibis/backends/polars/compiler.py"COMMA_ESCAPE line 222COMMA_ESCAPE in selectionNEWLINE_ESCAPE    selections.append(translate(argCOMMA_ESCAPE **kw))NEWLINE_ESCAPE                      ^^^^^^^^^^^^^^^^^^^^NEWLINE_ESCAPE   File "/usr/lib/python3.11/functools.py"COMMA_ESCAPE line 909COMMA_ESCAPE in wrapperNEWLINE_ESCAPE    return dispatch(args[0].__class__)(*argsCOMMA_ESCAPE **kw)NEWLINE_ESCAPE           ^^^^^^^^^^^^^^^^^^^^^^^^^^^^^^^^^^^^^^^^NEWLINE_ESCAPE   File "/home/ronconi/Projects/ibis-renoir-compiler/.venv3.11/lib/python3.11/site-packages/ibis/backends/polars/compiler.py"COMMA_ESCAPE line 86COMMA_ESCAPE in aliasNEWLINE_ESCAPE    arg = translate(op.argCOMMA_ESCAPE **kw)NEWLINE_ESCAPE          ^^^^^^^^^^^^^^^^^^^^^^^NEWLINE_ESCAPE   File "/usr/lib/python3.11/functools.py"COMMA_ESCAPE line 909COMMA_ESCAPE in wrapperNEWLINE_ESCAPE    return dispatch(args[0].__class__)(*argsCOMMA_ESCAPE **kw)NEWLINE_ESCAPE           ^^^^^^^^^^^^^^^^^^^^^^^^^^^^^^^^^^^^^^^^NEWLINE_ESCAPE   File "/home/ronconi/Projects/ibis-renoir-compiler/.venv3.11/lib/python3.11/site-packages/ibis/backends/polars/compiler.py"COMMA_ESCAPE line 52COMMA_ESCAPE in operationNEWLINE_ESCAPE    raise com.OperationNotDefinedError(f"No translation rule for {type(op)}")NEWLINE_ESCAPE ibis.common.exceptions.OperationNotDefinedError: No translation rule for <class 'ibis.expr.operations.window.WindowFunction'>NEWLINE_ESCAPE
INFO,2024-08-13 08:33:51.202,test_nexmark_query_6,flink,-1,-1,-1,-1,-1,-1,Scenario1,Traceback (most recent call last):NEWLINE_ESCAPE   File "/home/ronconi/Projects/ibis-renoir-compiler/benchmark/internal/scenario_benchmark.py"COMMA_ESCAPE line 136COMMA_ESCAPE in runNEWLINE_ESCAPE    timeCOMMA_ESCAPE memo = self.perform_measure(backend)NEWLINE_ESCAPE                 ^^^^^^^^^^^^^^^^^^^^^^^^^^^^^NEWLINE_ESCAPE   File "/home/ronconi/Projects/ibis-renoir-compiler/benchmark/internal/scenario_benchmark.py"COMMA_ESCAPE line 177COMMA_ESCAPE in perform_measureNEWLINE_ESCAPE    return backend.perform_measure_to_file()NEWLINE_ESCAPE           ^^^^^^^^^^^^^^^^^^^^^^^^^^^^^^^^^NEWLINE_ESCAPE   File "/home/ronconi/Projects/ibis-renoir-compiler/benchmark/internal/backend_benchmark.py"COMMA_ESCAPE line 75COMMA_ESCAPE in perform_measure_to_fileNEWLINE_ESCAPE    memo = memory_usage((runCOMMA_ESCAPE [self.test_methodCOMMA_ESCAPE self.test_instance])COMMA_ESCAPE include_children=True)NEWLINE_ESCAPE           ^^^^^^^^^^^^^^^^^^^^^^^^^^^^^^^^^^^^^^^^^^^^^^^^^^^^^^^^^^^^^^^^^^^^^^^^^^^^^^^^^^NEWLINE_ESCAPE   File "/home/ronconi/Projects/ibis-renoir-compiler/.venv3.11/lib/python3.11/site-packages/memory_profiler.py"COMMA_ESCAPE line 379COMMA_ESCAPE in memory_usageNEWLINE_ESCAPE    returned = f(*argsCOMMA_ESCAPE **kw)NEWLINE_ESCAPE               ^^^^^^^^^^^^^^NEWLINE_ESCAPE   File "/home/ronconi/Projects/ibis-renoir-compiler/benchmark/internal/backend_benchmark.py"COMMA_ESCAPE line 73COMMA_ESCAPE in runNEWLINE_ESCAPE    con.to_csv(test_instance.queryCOMMA_ESCAPE "out/ibis-backend-result.csv")NEWLINE_ESCAPE   File "/home/ronconi/Projects/ibis-renoir-compiler/.venv3.11/lib/python3.11/site-packages/ibis/backends/base/__init__.py"COMMA_ESCAPE line 609COMMA_ESCAPE in to_csvNEWLINE_ESCAPE    with expr.to_pyarrow_batches(params=params) as batch_reader:NEWLINE_ESCAPE         ^^^^^^^^^^^^^^^^^^^^^^^^^^^^^^^^^^^^^^NEWLINE_ESCAPE   File "/home/ronconi/Projects/ibis-renoir-compiler/.venv3.11/lib/python3.11/site-packages/ibis/expr/types/core.py"COMMA_ESCAPE line 387COMMA_ESCAPE in to_pyarrow_batchesNEWLINE_ESCAPE    return self._find_backend(use_default=True).to_pyarrow_batches(NEWLINE_ESCAPE           ^^^^^^^^^^^^^^^^^^^^^^^^^^^^^^^^^^^^^^^^^^^^^^^^^^^^^^^^NEWLINE_ESCAPE   File "/home/ronconi/Projects/ibis-renoir-compiler/.venv3.11/lib/python3.11/site-packages/ibis/backends/flink/__init__.py"COMMA_ESCAPE line 911COMMA_ESCAPE in to_pyarrow_batchesNEWLINE_ESCAPE    df = self.execute(ibis_tableCOMMA_ESCAPE limit=limitCOMMA_ESCAPE **kwargs)NEWLINE_ESCAPE         ^^^^^^^^^^^^^^^^^^^^^^^^^^^^^^^^^^^^^^^^^^^^^^^NEWLINE_ESCAPE   File "/home/ronconi/Projects/ibis-renoir-compiler/.venv3.11/lib/python3.11/site-packages/ibis/backends/flink/__init__.py"COMMA_ESCAPE line 310COMMA_ESCAPE in executeNEWLINE_ESCAPE    sql = self.compile(table_exprCOMMA_ESCAPE **kwargs)NEWLINE_ESCAPE          ^^^^^^^^^^^^^^^^^^^^^^^^^^^^^^^^^^NEWLINE_ESCAPE   File "/home/ronconi/Projects/ibis-renoir-compiler/.venv3.11/lib/python3.11/site-packages/ibis/backends/flink/__init__.py"COMMA_ESCAPE line 302COMMA_ESCAPE in compileNEWLINE_ESCAPE    return super().compile(exprCOMMA_ESCAPE params=params)  # Discard `limit` and other kwargs.NEWLINE_ESCAPE           ^^^^^^^^^^^^^^^^^^^^^^^^^^^^^^^^^^^^NEWLINE_ESCAPE   File "/home/ronconi/Projects/ibis-renoir-compiler/.venv3.11/lib/python3.11/site-packages/ibis/backends/base/__init__.py"COMMA_ESCAPE line 1022COMMA_ESCAPE in compileNEWLINE_ESCAPE    return self.compiler.to_sql(exprCOMMA_ESCAPE params=params)NEWLINE_ESCAPE           ^^^^^^^^^^^^^^^^^^^^^^^^^^^^^^^^^^^^^^^^^NEWLINE_ESCAPE   File "/home/ronconi/Projects/ibis-renoir-compiler/.venv3.11/lib/python3.11/site-packages/ibis/backends/flink/compiler/core.py"COMMA_ESCAPE line 109COMMA_ESCAPE in to_sqlNEWLINE_ESCAPE    return super().to_sql(nodeCOMMA_ESCAPE contextCOMMA_ESCAPE params)NEWLINE_ESCAPE           ^^^^^^^^^^^^^^^^^^^^^^^^^^^^^^^^^^^^^NEWLINE_ESCAPE   File "/home/ronconi/Projects/ibis-renoir-compiler/.venv3.11/lib/python3.11/site-packages/ibis/backends/base/sql/compiler/query_builder.py"COMMA_ESCAPE line 622COMMA_ESCAPE in to_sqlNEWLINE_ESCAPE    return cls.to_ast(nodeCOMMA_ESCAPE context).queries[0].compile()NEWLINE_ESCAPE           ^^^^^^^^^^^^^^^^^^^^^^^^^^^^^^^^^^^^^^^^^^^^^^NEWLINE_ESCAPE   File "/home/ronconi/Projects/ibis-renoir-compiler/.venv3.11/lib/python3.11/site-packages/ibis/backends/base/sql/compiler/query_builder.py"COMMA_ESCAPE line 269COMMA_ESCAPE in compileNEWLINE_ESCAPE    select_frag = self.format_select_set()NEWLINE_ESCAPE                  ^^^^^^^^^^^^^^^^^^^^^^^^NEWLINE_ESCAPE   File "/home/ronconi/Projects/ibis-renoir-compiler/.venv3.11/lib/python3.11/site-packages/ibis/backends/base/sql/compiler/query_builder.py"COMMA_ESCAPE line 324COMMA_ESCAPE in format_select_setNEWLINE_ESCAPE    expr_str = self._translate(nodeCOMMA_ESCAPE named=TrueCOMMA_ESCAPE permit_subquery=True)NEWLINE_ESCAPE               ^^^^^^^^^^^^^^^^^^^^^^^^^^^^^^^^^^^^^^^^^^^^^^^^^^^^^^^NEWLINE_ESCAPE   File "/home/ronconi/Projects/ibis-renoir-compiler/.venv3.11/lib/python3.11/site-packages/ibis/backends/base/sql/compiler/query_builder.py"COMMA_ESCAPE line 239COMMA_ESCAPE in _translateNEWLINE_ESCAPE    return translator.get_result()NEWLINE_ESCAPE           ^^^^^^^^^^^^^^^^^^^^^^^NEWLINE_ESCAPE   File "/home/ronconi/Projects/ibis-renoir-compiler/.venv3.11/lib/python3.11/site-packages/ibis/backends/base/sql/compiler/translator.py"COMMA_ESCAPE line 224COMMA_ESCAPE in get_resultNEWLINE_ESCAPE    translated = self.translate(self.node)NEWLINE_ESCAPE                 ^^^^^^^^^^^^^^^^^^^^^^^^^NEWLINE_ESCAPE   File "/home/ronconi/Projects/ibis-renoir-compiler/.venv3.11/lib/python3.11/site-packages/ibis/backends/base/sql/compiler/translator.py"COMMA_ESCAPE line 256COMMA_ESCAPE in translateNEWLINE_ESCAPE    return formatter(selfCOMMA_ESCAPE op)NEWLINE_ESCAPE           ^^^^^^^^^^^^^^^^^^^NEWLINE_ESCAPE   File "/home/ronconi/Projects/ibis-renoir-compiler/.venv3.11/lib/python3.11/site-packages/ibis/backends/base/sql/registry/main.py"COMMA_ESCAPE line 23COMMA_ESCAPE in aliasNEWLINE_ESCAPE    return translator.translate(op.arg)NEWLINE_ESCAPE           ^^^^^^^^^^^^^^^^^^^^^^^^^^^^NEWLINE_ESCAPE   File "/home/ronconi/Projects/ibis-renoir-compiler/.venv3.11/lib/python3.11/site-packages/ibis/backends/base/sql/compiler/translator.py"COMMA_ESCAPE line 256COMMA_ESCAPE in translateNEWLINE_ESCAPE    return formatter(selfCOMMA_ESCAPE op)NEWLINE_ESCAPE           ^^^^^^^^^^^^^^^^^^^NEWLINE_ESCAPE   File "/home/ronconi/Projects/ibis-renoir-compiler/.venv3.11/lib/python3.11/site-packages/ibis/backends/flink/registry.py"COMMA_ESCAPE line 226COMMA_ESCAPE in _windowNEWLINE_ESCAPE    raise com.UnsupportedOperationError(NEWLINE_ESCAPE ibis.common.exceptions.UnsupportedOperationError: Flink engine does not support generic window clause with no order byNEWLINE_ESCAPE
INFO,2024-08-13 08:33:56.747,test_nexmark_query_6,renoir,-1,5.302110402844846,4.7748012891970575,0.49824057007208467,-1,1441.0,Scenario1,None
INFO,2024-08-13 08:34:02.468,test_nexmark_query_6,renoir,0,5.511753213126212,4.991626949980855,0.49538873694837093,-1,1432.9765625,Scenario1,None
INFO,2024-08-13 08:34:08.111,test_nexmark_query_6,renoir,1,5.434931072872132,4.909560475032777,0.5001062019728124,-1,1478.22265625,Scenario1,None
INFO,2024-08-13 08:34:13.698,test_nexmark_query_6,renoir,2,5.378488621208817,4.860123661346734,0.4941082508303225,-1,1421.60546875,Scenario1,None
INFO,2024-08-13 08:34:19.449,test_nexmark_query_6,renoir,3,5.542005705181509,5.018614230211824,0.49914383701980114,-1,1475.53125,Scenario1,None
INFO,2024-08-13 08:34:25.196,test_nexmark_query_6,renoir,4,5.539956028107554,5.01329772779718,0.5006950423121452,-1,1528.59375,Scenario1,None
INFO,2024-08-13 08:34:34.207,test_tpc_h_query_1,duckdb,-1,7.225274574942887,-1,-1,-1,611.47265625,Scenario1,None
INFO,2024-08-13 08:34:35.431,test_tpc_h_query_1,duckdb,0,0.6581455548293889,-1,-1,-1,569.33984375,Scenario1,None
INFO,2024-08-13 08:34:36.645,test_tpc_h_query_1,duckdb,1,0.6553391679190099,-1,-1,-1,610.828125,Scenario1,None
INFO,2024-08-13 08:34:37.862,test_tpc_h_query_1,duckdb,2,0.6556851612403989,-1,-1,-1,645.8125,Scenario1,None
INFO,2024-08-13 08:34:39.070,test_tpc_h_query_1,duckdb,3,0.6494967709295452,-1,-1,-1,651.9296875,Scenario1,None
INFO,2024-08-13 08:34:40.299,test_tpc_h_query_1,duckdb,4,0.6677058641798794,-1,-1,-1,694.27734375,Scenario1,None
INFO,2024-08-13 08:34:43.748,test_tpc_h_query_1,polars,-1,3.3917206032201648,-1,-1,-1,1970.08203125,Scenario1,None
INFO,2024-08-13 08:34:46.128,test_tpc_h_query_1,polars,0,2.370380653999746,-1,-1,-1,2414.2734375,Scenario1,None
INFO,2024-08-13 08:34:47.166,test_tpc_h_query_1,polars,1,1.0339447790756822,-1,-1,-1,2515.04296875,Scenario1,None
INFO,2024-08-13 08:34:48.027,test_tpc_h_query_1,polars,2,0.8574815741740167,-1,-1,-1,2544.73046875,Scenario1,None
INFO,2024-08-13 08:34:48.945,test_tpc_h_query_1,polars,3,0.913175038062036,-1,-1,-1,2588.3359375,Scenario1,None
INFO,2024-08-13 08:34:49.815,test_tpc_h_query_1,polars,4,0.8665948072448373,-1,-1,-1,2535.0,Scenario1,None
INFO,2024-08-13 08:36:11.855,test_tpc_h_query_1,flink,-1,78.47253367304802,-1,-1,-1,2558.79296875,Scenario1,None
INFO,2024-08-13 08:37:25.502,test_tpc_h_query_1,flink,0,71.65896163601428,-1,-1,-1,2590.5234375,Scenario1,None
INFO,2024-08-13 08:38:38.951,test_tpc_h_query_1,flink,1,71.43651052005589,-1,-1,-1,2590.828125,Scenario1,None
INFO,2024-08-13 08:39:51.521,test_tpc_h_query_1,flink,2,70.52329862304032,-1,-1,-1,2594.34765625,Scenario1,None
INFO,2024-08-13 08:41:04.327,test_tpc_h_query_1,flink,3,70.68120752973482,-1,-1,-1,2598.3671875,Scenario1,None
INFO,2024-08-13 08:42:17.409,test_tpc_h_query_1,flink,4,70.94339830521494,-1,-1,-1,2606.5390625,Scenario1,None
INFO,2024-08-13 08:42:22.539,test_tpc_h_query_1,renoir,-1,4.48068797076121,2.8941747220233083,1.55054927803576,-1,3003.4765625,Scenario1,None
INFO,2024-08-13 08:42:27.226,test_tpc_h_query_1,renoir,0,4.058076353743672,2.540807849727571,1.481970988214016,-1,3006.390625,Scenario1,None
INFO,2024-08-13 08:42:32.017,test_tpc_h_query_1,renoir,1,4.133459878154099,2.591423714067787,1.5071536102332175,-1,3003.28515625,Scenario1,None
INFO,2024-08-13 08:42:36.803,test_tpc_h_query_1,renoir,2,4.127667260821909,2.573002751916647,1.5198690160177648,-1,2993.24609375,Scenario1,None
INFO,2024-08-13 08:42:41.624,test_tpc_h_query_1,renoir,3,4.167034517973661,2.59510511206463,1.536000404972583,-1,3059.046875,Scenario1,None
INFO,2024-08-13 08:42:46.558,test_tpc_h_query_1,renoir,4,4.280079326592386,2.7074360051192343,1.5370579469017684,-1,3005.4453125,Scenario1,None
INFO,2024-08-13 08:42:47.894,test_tpc_h_query_6,duckdb,-1,0.6746456883847713,-1,-1,-1,2769.45703125,Scenario1,None
INFO,2024-08-13 08:42:49.191,test_tpc_h_query_6,duckdb,0,0.6654581818729639,-1,-1,-1,2776.76953125,Scenario1,None
INFO,2024-08-13 08:42:50.474,test_tpc_h_query_6,duckdb,1,0.6482278709299862,-1,-1,-1,2767.3046875,Scenario1,None
INFO,2024-08-13 08:42:51.770,test_tpc_h_query_6,duckdb,2,0.6560278977267444,-1,-1,-1,2771.77734375,Scenario1,None
INFO,2024-08-13 08:42:53.041,test_tpc_h_query_6,duckdb,3,0.6494018700905144,-1,-1,-1,2791.15234375,Scenario1,None
INFO,2024-08-13 08:42:54.330,test_tpc_h_query_6,duckdb,4,0.6670053959824145,-1,-1,-1,2804.67578125,Scenario1,None
INFO,2024-08-13 08:42:54.654,test_tpc_h_query_6,polars,-1,0.3190761390142143,-1,-1,-1,3255.25390625,Scenario1,None
INFO,2024-08-13 08:42:54.953,test_tpc_h_query_6,polars,0,0.29503787914291024,-1,-1,-1,3197.125,Scenario1,None
INFO,2024-08-13 08:42:55.246,test_tpc_h_query_6,polars,1,0.2887893603183329,-1,-1,-1,3122.71875,Scenario1,None
INFO,2024-08-13 08:42:55.537,test_tpc_h_query_6,polars,2,0.287031174171716,-1,-1,-1,3083.66015625,Scenario1,None
INFO,2024-08-13 08:42:55.830,test_tpc_h_query_6,polars,3,0.2888399469666183,-1,-1,-1,3062.4375,Scenario1,None
INFO,2024-08-13 08:42:56.121,test_tpc_h_query_6,polars,4,0.2863520900718868,-1,-1,-1,3055.8203125,Scenario1,None
INFO,2024-08-13 08:43:06.270,test_tpc_h_query_6,flink,-1,7.9342119842767715,-1,-1,-1,2393.75390625,Scenario1,None
INFO,2024-08-13 08:43:16.542,test_tpc_h_query_6,flink,0,7.8282642173580825,-1,-1,-1,2402.45703125,Scenario1,None
INFO,2024-08-13 08:43:26.802,test_tpc_h_query_6,flink,1,7.953634243924171,-1,-1,-1,2411.78515625,Scenario1,None
INFO,2024-08-13 08:43:37.249,test_tpc_h_query_6,flink,2,7.898048736620694,-1,-1,-1,2412.57421875,Scenario1,None
INFO,2024-08-13 08:43:47.542,test_tpc_h_query_6,flink,3,7.708657588809729,-1,-1,-1,2416.92578125,Scenario1,None
INFO,2024-08-13 08:43:57.939,test_tpc_h_query_6,flink,4,7.758493337780237,-1,-1,-1,2433.40625,Scenario1,None
INFO,2024-08-13 08:44:02.119,test_tpc_h_query_6,renoir,-1,3.5243635587394238,2.312275606673211,1.1777785806916654,-1,2793.90625,Scenario1,None
INFO,2024-08-13 08:44:06.349,test_tpc_h_query_6,renoir,0,3.5764143210835755,2.371684059035033,1.1714616348035634,-1,2796.91015625,Scenario1,None
INFO,2024-08-13 08:44:10.514,test_tpc_h_query_6,renoir,1,3.522849498782307,2.323726817034185,1.1642686990089715,-1,2796.05859375,Scenario1,None
INFO,2024-08-13 08:44:14.633,test_tpc_h_query_6,renoir,2,3.465330698993057,2.2696837298572063,1.1617879699915648,-1,2802.25,Scenario1,None
INFO,2024-08-13 08:44:18.819,test_tpc_h_query_6,renoir,3,3.5323271453380585,2.321733240969479,1.1765074180439115,-1,2805.41015625,Scenario1,None
INFO,2024-08-13 08:44:23.005,test_tpc_h_query_6,renoir,4,3.5249756979756057,2.313626784365624,1.1773138539865613,-1,2806.75390625,Scenario1,None
INFO,2024-08-13 10:59:19.191,test_scenarios_exploration_1_filter,duckdb,-1,0.3671197770163417,-1,-1,-1,329.12890625,Scenario4,None
INFO,2024-08-13 10:59:19.600,test_scenarios_exploration_1_filter,duckdb,0,0.3533824700862169,-1,-1,-1,369.41796875,Scenario4,None
INFO,2024-08-13 10:59:20.009,test_scenarios_exploration_1_filter,duckdb,1,0.35286090383306146,-1,-1,-1,389.13671875,Scenario4,None
INFO,2024-08-13 10:59:20.420,test_scenarios_exploration_1_filter,duckdb,2,0.3566873809322715,-1,-1,-1,396.34765625,Scenario4,None
INFO,2024-08-13 10:59:20.827,test_scenarios_exploration_1_filter,duckdb,3,0.35352630633860826,-1,-1,-1,402.234375,Scenario4,None
INFO,2024-08-13 10:59:21.243,test_scenarios_exploration_1_filter,duckdb,4,0.3600796516984701,-1,-1,-1,404.37109375,Scenario4,None
INFO,2024-08-13 10:59:22.556,test_scenarios_exploration_1_filter,polars,-1,0.47885419614613056,-1,-1,-1,603.703125,Scenario4,None
INFO,2024-08-13 10:59:22.674,test_scenarios_exploration_1_filter,polars,0,0.11475539719685912,-1,-1,-1,714.2578125,Scenario4,None
INFO,2024-08-13 10:59:22.780,test_scenarios_exploration_1_filter,polars,1,0.10554651264101267,-1,-1,-1,719.96875,Scenario4,None
INFO,2024-08-13 10:59:22.888,test_scenarios_exploration_1_filter,polars,2,0.1061813598498702,-1,-1,-1,722.5859375,Scenario4,None
INFO,2024-08-13 10:59:22.998,test_scenarios_exploration_1_filter,polars,3,0.10818556696176529,-1,-1,-1,721.89453125,Scenario4,None
INFO,2024-08-13 10:59:23.108,test_scenarios_exploration_1_filter,polars,4,0.10876824194565415,-1,-1,-1,722.4609375,Scenario4,None
INFO,2024-08-13 10:59:53.882,test_scenarios_exploration_1_filter,flink,-1,26.217970152385533,-1,-1,-1,1523.83984375,Scenario4,None
INFO,2024-08-13 11:00:16.997,test_scenarios_exploration_1_filter,flink,0,21.752582400105894,-1,-1,-1,1544.4609375,Scenario4,None
INFO,2024-08-13 11:00:40.297,test_scenarios_exploration_1_filter,flink,1,21.98885492887348,-1,-1,-1,1561.33203125,Scenario4,None
INFO,2024-08-13 11:01:03.838,test_scenarios_exploration_1_filter,flink,2,22.231618129182607,-1,-1,-1,1572.41015625,Scenario4,None
INFO,2024-08-13 11:01:26.985,test_scenarios_exploration_1_filter,flink,3,21.820509859826416,-1,-1,-1,1577.06640625,Scenario4,None
INFO,2024-08-13 11:01:50.988,test_scenarios_exploration_1_filter,flink,4,22.536134297028184,-1,-1,-1,1578.87109375,Scenario4,None
INFO,2024-08-13 11:02:22.051,test_scenarios_exploration_1_filter,renoir,-1,30.80169101897627,25.972157146781683,4.784551439806819,-1,1855.2578125,Scenario4,None
INFO,2024-08-13 11:02:30.382,test_scenarios_exploration_1_filter,renoir,0,8.178368756081909,4.033614692278206,4.097743404097855,-1,1886.4140625,Scenario4,None
INFO,2024-08-13 11:02:35.404,test_scenarios_exploration_1_filter,renoir,1,4.937713920138776,3.6070929118432105,0.519729180727154,-1,1907.53515625,Scenario4,None
INFO,2024-08-13 11:02:37.222,test_scenarios_exploration_1_filter,renoir,2,1.7344482042826712,1.576156785711646,0.13714596396312118,-1,1910.7421875,Scenario4,None
INFO,2024-08-13 11:02:38.261,test_scenarios_exploration_1_filter,renoir,3,0.9806006909348071,0.81916144490242,0.141291962005198,-1,1902.453125,Scenario4,None
INFO,2024-08-13 11:02:39.301,test_scenarios_exploration_1_filter,renoir,4,0.9816236780025065,0.8232630458660424,0.13823887519538403,-1,1901.80078125,Scenario4,None
INFO,2024-08-13 11:02:40.107,test_scenarios_exploration_2_mutate,duckdb,-1,0.73618283867836,-1,-1,-1,1557.47265625,Scenario4,None
INFO,2024-08-13 11:02:40.543,test_scenarios_exploration_2_mutate,duckdb,0,0.36882822308689356,-1,-1,-1,1552.55859375,Scenario4,None
INFO,2024-08-13 11:02:41.002,test_scenarios_exploration_2_mutate,duckdb,1,0.40153269888833165,-1,-1,-1,1559.75390625,Scenario4,None
INFO,2024-08-13 11:02:41.435,test_scenarios_exploration_2_mutate,duckdb,2,0.3759408821351826,-1,-1,-1,1557.9140625,Scenario4,None
INFO,2024-08-13 11:02:41.875,test_scenarios_exploration_2_mutate,duckdb,3,0.38089535804465413,-1,-1,-1,1557.9375,Scenario4,None
INFO,2024-08-13 11:02:42.303,test_scenarios_exploration_2_mutate,duckdb,4,0.3707785732112825,-1,-1,-1,1558.4609375,Scenario4,None
INFO,2024-08-13 11:02:43.400,test_scenarios_exploration_2_mutate,polars,-1,0.7337287398986518,-1,-1,-1,1573.484375,Scenario4,None
INFO,2024-08-13 11:02:43.525,test_scenarios_exploration_2_mutate,polars,0,0.12233432196080685,-1,-1,-1,1577.3125,Scenario4,None
INFO,2024-08-13 11:02:43.631,test_scenarios_exploration_2_mutate,polars,1,0.1050797188654542,-1,-1,-1,1571.984375,Scenario4,None
INFO,2024-08-13 11:02:43.737,test_scenarios_exploration_2_mutate,polars,2,0.10480599571019411,-1,-1,-1,1573.484375,Scenario4,None
INFO,2024-08-13 11:02:43.845,test_scenarios_exploration_2_mutate,polars,3,0.10563781904056668,-1,-1,-1,1551.96484375,Scenario4,None
INFO,2024-08-13 11:02:43.950,test_scenarios_exploration_2_mutate,polars,4,0.10416310792788863,-1,-1,-1,1543.08203125,Scenario4,None
INFO,2024-08-13 11:03:20.486,test_scenarios_exploration_2_mutate,flink,-1,31.496393335983157,-1,-1,-1,1552.71875,Scenario4,None
INFO,2024-08-13 11:03:55.679,test_scenarios_exploration_2_mutate,flink,0,33.81184008717537,-1,-1,-1,1676.59375,Scenario4,None
INFO,2024-08-13 11:04:32.548,test_scenarios_exploration_2_mutate,flink,1,35.50354113988578,-1,-1,-1,1706.5390625,Scenario4,None
INFO,2024-08-13 11:05:11.318,test_scenarios_exploration_2_mutate,flink,2,37.38373860390857,-1,-1,-1,1705.7890625,Scenario4,None
INFO,2024-08-13 11:05:50.737,test_scenarios_exploration_2_mutate,flink,3,38.011642441153526,-1,-1,-1,1705.1640625,Scenario4,None
INFO,2024-08-13 11:06:22.987,test_scenarios_exploration_2_mutate,flink,4,30.784248906187713,-1,-1,-1,1706.1015625,Scenario4,None
INFO,2024-08-13 11:06:25.679,test_scenarios_exploration_2_mutate,renoir,-1,2.6203498328104615,2.4626255119219422,0.13671525288373232,-1,2019.94140625,Scenario4,None
INFO,2024-08-13 11:06:26.745,test_scenarios_exploration_2_mutate,renoir,0,0.9954270720481873,0.8363796388730407,0.13810729002580047,-1,2012.515625,Scenario4,None
INFO,2024-08-13 11:06:27.810,test_scenarios_exploration_2_mutate,renoir,1,0.9952583191916347,0.8361087338998914,0.13814927218481898,-1,2013.68359375,Scenario4,None
INFO,2024-08-13 11:06:28.865,test_scenarios_exploration_2_mutate,renoir,2,0.9825890236534178,0.8264849758706987,0.13512265216559172,-1,2015.98828125,Scenario4,None
INFO,2024-08-13 11:06:29.942,test_scenarios_exploration_2_mutate,renoir,3,1.005925598088652,0.8429053230211139,0.14051482640206814,-1,2016.68359375,Scenario4,None
INFO,2024-08-13 11:06:31.345,test_scenarios_exploration_2_mutate,renoir,4,1.3381328787654638,1.1806267751380801,0.13578762114048004,-1,2021.25,Scenario4,None
INFO,2024-08-13 11:06:31.916,test_scenarios_exploration_3_window_group,duckdb,-1,0.5058138873428106,-1,-1,-1,1913.625,Scenario4,None
INFO,2024-08-13 11:06:32.240,test_scenarios_exploration_3_window_group,duckdb,0,0.2551271482370794,-1,-1,-1,2248.8125,Scenario4,None
INFO,2024-08-13 11:06:32.578,test_scenarios_exploration_3_window_group,duckdb,1,0.26925517199561,-1,-1,-1,2381.87109375,Scenario4,None
INFO,2024-08-13 11:06:32.935,test_scenarios_exploration_3_window_group,duckdb,2,0.2877465090714395,-1,-1,-1,2428.83984375,Scenario4,None
INFO,2024-08-13 11:06:33.275,test_scenarios_exploration_3_window_group,duckdb,3,0.2705392078496516,-1,-1,-1,2461.98046875,Scenario4,None
INFO,2024-08-13 11:06:33.632,test_scenarios_exploration_3_window_group,duckdb,4,0.29864262603223324,-1,-1,-1,2438.03125,Scenario4,None
INFO,2024-08-13 11:06:34.278,test_scenarios_exploration_3_window_group,polars,-1,-1,-1,-1,-1,-1,Scenario4,Traceback (most recent call last):NEWLINE_ESCAPE   File "/home/ronconi/Projects/ibis-renoir-compiler/benchmark/internal/scenario_benchmark.py"COMMA_ESCAPE line 136COMMA_ESCAPE in runNEWLINE_ESCAPE    timeCOMMA_ESCAPE memo = self.perform_measure(backend)NEWLINE_ESCAPE                 ^^^^^^^^^^^^^^^^^^^^^^^^^^^^^NEWLINE_ESCAPE   File "/home/ronconi/Projects/ibis-renoir-compiler/benchmark/internal/scenario_benchmark.py"COMMA_ESCAPE line 234COMMA_ESCAPE in perform_measureNEWLINE_ESCAPE    return backend.perform_measure_to_none()NEWLINE_ESCAPE           ^^^^^^^^^^^^^^^^^^^^^^^^^^^^^^^^^NEWLINE_ESCAPE   File "/home/ronconi/Projects/ibis-renoir-compiler/benchmark/internal/backend_benchmark.py"COMMA_ESCAPE line 64COMMA_ESCAPE in perform_measure_to_noneNEWLINE_ESCAPE    memo = memory_usage((runCOMMA_ESCAPE [self.test_methodCOMMA_ESCAPE self.test_instance])COMMA_ESCAPE include_children=True)NEWLINE_ESCAPE           ^^^^^^^^^^^^^^^^^^^^^^^^^^^^^^^^^^^^^^^^^^^^^^^^^^^^^^^^^^^^^^^^^^^^^^^^^^^^^^^^^^NEWLINE_ESCAPE   File "/home/ronconi/Projects/ibis-renoir-compiler/.venv3.11/lib/python3.11/site-packages/memory_profiler.py"COMMA_ESCAPE line 379COMMA_ESCAPE in memory_usageNEWLINE_ESCAPE    returned = f(*argsCOMMA_ESCAPE **kw)NEWLINE_ESCAPE               ^^^^^^^^^^^^^^NEWLINE_ESCAPE   File "/home/ronconi/Projects/ibis-renoir-compiler/benchmark/internal/backend_benchmark.py"COMMA_ESCAPE line 62COMMA_ESCAPE in runNEWLINE_ESCAPE    test_instance.query.execute()NEWLINE_ESCAPE   File "/home/ronconi/Projects/ibis-renoir-compiler/.venv3.11/lib/python3.11/site-packages/ibis/expr/types/core.py"COMMA_ESCAPE line 324COMMA_ESCAPE in executeNEWLINE_ESCAPE    return self._find_backend(use_default=True).execute(NEWLINE_ESCAPE           ^^^^^^^^^^^^^^^^^^^^^^^^^^^^^^^^^^^^^^^^^^^^^NEWLINE_ESCAPE   File "/home/ronconi/Projects/ibis-renoir-compiler/.venv3.11/lib/python3.11/site-packages/ibis/backends/polars/__init__.py"COMMA_ESCAPE line 408COMMA_ESCAPE in executeNEWLINE_ESCAPE    lf = self.compile(exprCOMMA_ESCAPE params=paramsCOMMA_ESCAPE **kwargs)NEWLINE_ESCAPE         ^^^^^^^^^^^^^^^^^^^^^^^^^^^^^^^^^^^^^^^^^^^NEWLINE_ESCAPE   File "/home/ronconi/Projects/ibis-renoir-compiler/.venv3.11/lib/python3.11/site-packages/ibis/backends/polars/__init__.py"COMMA_ESCAPE line 395COMMA_ESCAPE in compileNEWLINE_ESCAPE    return translate(nodeCOMMA_ESCAPE ctx=ctx)NEWLINE_ESCAPE           ^^^^^^^^^^^^^^^^^^^^^^^^NEWLINE_ESCAPE   File "/usr/lib/python3.11/functools.py"COMMA_ESCAPE line 909COMMA_ESCAPE in wrapperNEWLINE_ESCAPE    return dispatch(args[0].__class__)(*argsCOMMA_ESCAPE **kw)NEWLINE_ESCAPE           ^^^^^^^^^^^^^^^^^^^^^^^^^^^^^^^^^^^^^^^^NEWLINE_ESCAPE   File "/home/ronconi/Projects/ibis-renoir-compiler/.venv3.11/lib/python3.11/site-packages/ibis/backends/polars/compiler.py"COMMA_ESCAPE line 201COMMA_ESCAPE in selectionNEWLINE_ESCAPE    lf = translate(op.tableCOMMA_ESCAPE **kw)NEWLINE_ESCAPE         ^^^^^^^^^^^^^^^^^^^^^^^^^NEWLINE_ESCAPE   File "/usr/lib/python3.11/functools.py"COMMA_ESCAPE line 909COMMA_ESCAPE in wrapperNEWLINE_ESCAPE    return dispatch(args[0].__class__)(*argsCOMMA_ESCAPE **kw)NEWLINE_ESCAPE           ^^^^^^^^^^^^^^^^^^^^^^^^^^^^^^^^^^^^^^^^NEWLINE_ESCAPE   File "/home/ronconi/Projects/ibis-renoir-compiler/.venv3.11/lib/python3.11/site-packages/ibis/backends/polars/compiler.py"COMMA_ESCAPE line 260COMMA_ESCAPE in aggregationNEWLINE_ESCAPE    lf = translate(op.tableCOMMA_ESCAPE **kw)NEWLINE_ESCAPE         ^^^^^^^^^^^^^^^^^^^^^^^^^NEWLINE_ESCAPE   File "/usr/lib/python3.11/functools.py"COMMA_ESCAPE line 909COMMA_ESCAPE in wrapperNEWLINE_ESCAPE    return dispatch(args[0].__class__)(*argsCOMMA_ESCAPE **kw)NEWLINE_ESCAPE           ^^^^^^^^^^^^^^^^^^^^^^^^^^^^^^^^^^^^^^^^NEWLINE_ESCAPE   File "/home/ronconi/Projects/ibis-renoir-compiler/.venv3.11/lib/python3.11/site-packages/ibis/backends/polars/compiler.py"COMMA_ESCAPE line 222COMMA_ESCAPE in selectionNEWLINE_ESCAPE    selections.append(translate(argCOMMA_ESCAPE **kw))NEWLINE_ESCAPE                      ^^^^^^^^^^^^^^^^^^^^NEWLINE_ESCAPE   File "/usr/lib/python3.11/functools.py"COMMA_ESCAPE line 909COMMA_ESCAPE in wrapperNEWLINE_ESCAPE    return dispatch(args[0].__class__)(*argsCOMMA_ESCAPE **kw)NEWLINE_ESCAPE           ^^^^^^^^^^^^^^^^^^^^^^^^^^^^^^^^^^^^^^^^NEWLINE_ESCAPE   File "/home/ronconi/Projects/ibis-renoir-compiler/.venv3.11/lib/python3.11/site-packages/ibis/backends/polars/compiler.py"COMMA_ESCAPE line 86COMMA_ESCAPE in aliasNEWLINE_ESCAPE    arg = translate(op.argCOMMA_ESCAPE **kw)NEWLINE_ESCAPE          ^^^^^^^^^^^^^^^^^^^^^^^NEWLINE_ESCAPE   File "/usr/lib/python3.11/functools.py"COMMA_ESCAPE line 909COMMA_ESCAPE in wrapperNEWLINE_ESCAPE    return dispatch(args[0].__class__)(*argsCOMMA_ESCAPE **kw)NEWLINE_ESCAPE           ^^^^^^^^^^^^^^^^^^^^^^^^^^^^^^^^^^^^^^^^NEWLINE_ESCAPE   File "/home/ronconi/Projects/ibis-renoir-compiler/.venv3.11/lib/python3.11/site-packages/ibis/backends/polars/compiler.py"COMMA_ESCAPE line 1072COMMA_ESCAPE in binopNEWLINE_ESCAPE    right = translate(op.rightCOMMA_ESCAPE **kw)NEWLINE_ESCAPE            ^^^^^^^^^^^^^^^^^^^^^^^^^NEWLINE_ESCAPE   File "/usr/lib/python3.11/functools.py"COMMA_ESCAPE line 909COMMA_ESCAPE in wrapperNEWLINE_ESCAPE    return dispatch(args[0].__class__)(*argsCOMMA_ESCAPE **kw)NEWLINE_ESCAPE           ^^^^^^^^^^^^^^^^^^^^^^^^^^^^^^^^^^^^^^^^NEWLINE_ESCAPE   File "/home/ronconi/Projects/ibis-renoir-compiler/.venv3.11/lib/python3.11/site-packages/ibis/backends/polars/compiler.py"COMMA_ESCAPE line 52COMMA_ESCAPE in operationNEWLINE_ESCAPE    raise com.OperationNotDefinedError(f"No translation rule for {type(op)}")NEWLINE_ESCAPE ibis.common.exceptions.OperationNotDefinedError: No translation rule for <class 'ibis.expr.operations.window.WindowFunction'>NEWLINE_ESCAPE
INFO,2024-08-13 11:06:43.363,test_scenarios_exploration_3_window_group,flink,-1,-1,-1,-1,-1,-1,Scenario4,Traceback (most recent call last):NEWLINE_ESCAPE   File "/home/ronconi/Projects/ibis-renoir-compiler/benchmark/internal/scenario_benchmark.py"COMMA_ESCAPE line 136COMMA_ESCAPE in runNEWLINE_ESCAPE    timeCOMMA_ESCAPE memo = self.perform_measure(backend)NEWLINE_ESCAPE                 ^^^^^^^^^^^^^^^^^^^^^^^^^^^^^NEWLINE_ESCAPE   File "/home/ronconi/Projects/ibis-renoir-compiler/benchmark/internal/scenario_benchmark.py"COMMA_ESCAPE line 234COMMA_ESCAPE in perform_measureNEWLINE_ESCAPE    return backend.perform_measure_to_none()NEWLINE_ESCAPE           ^^^^^^^^^^^^^^^^^^^^^^^^^^^^^^^^^NEWLINE_ESCAPE   File "/home/ronconi/Projects/ibis-renoir-compiler/benchmark/internal/backend_benchmark.py"COMMA_ESCAPE line 64COMMA_ESCAPE in perform_measure_to_noneNEWLINE_ESCAPE    memo = memory_usage((runCOMMA_ESCAPE [self.test_methodCOMMA_ESCAPE self.test_instance])COMMA_ESCAPE include_children=True)NEWLINE_ESCAPE           ^^^^^^^^^^^^^^^^^^^^^^^^^^^^^^^^^^^^^^^^^^^^^^^^^^^^^^^^^^^^^^^^^^^^^^^^^^^^^^^^^^NEWLINE_ESCAPE   File "/home/ronconi/Projects/ibis-renoir-compiler/.venv3.11/lib/python3.11/site-packages/memory_profiler.py"COMMA_ESCAPE line 379COMMA_ESCAPE in memory_usageNEWLINE_ESCAPE    returned = f(*argsCOMMA_ESCAPE **kw)NEWLINE_ESCAPE               ^^^^^^^^^^^^^^NEWLINE_ESCAPE   File "/home/ronconi/Projects/ibis-renoir-compiler/benchmark/internal/backend_benchmark.py"COMMA_ESCAPE line 62COMMA_ESCAPE in runNEWLINE_ESCAPE    test_instance.query.execute()NEWLINE_ESCAPE   File "/home/ronconi/Projects/ibis-renoir-compiler/.venv3.11/lib/python3.11/site-packages/ibis/expr/types/core.py"COMMA_ESCAPE line 324COMMA_ESCAPE in executeNEWLINE_ESCAPE    return self._find_backend(use_default=True).execute(NEWLINE_ESCAPE           ^^^^^^^^^^^^^^^^^^^^^^^^^^^^^^^^^^^^^^^^^^^^^NEWLINE_ESCAPE   File "/home/ronconi/Projects/ibis-renoir-compiler/.venv3.11/lib/python3.11/site-packages/ibis/backends/flink/__init__.py"COMMA_ESCAPE line 310COMMA_ESCAPE in executeNEWLINE_ESCAPE    sql = self.compile(table_exprCOMMA_ESCAPE **kwargs)NEWLINE_ESCAPE          ^^^^^^^^^^^^^^^^^^^^^^^^^^^^^^^^^^NEWLINE_ESCAPE   File "/home/ronconi/Projects/ibis-renoir-compiler/.venv3.11/lib/python3.11/site-packages/ibis/backends/flink/__init__.py"COMMA_ESCAPE line 302COMMA_ESCAPE in compileNEWLINE_ESCAPE    return super().compile(exprCOMMA_ESCAPE params=params)  # Discard `limit` and other kwargs.NEWLINE_ESCAPE           ^^^^^^^^^^^^^^^^^^^^^^^^^^^^^^^^^^^^NEWLINE_ESCAPE   File "/home/ronconi/Projects/ibis-renoir-compiler/.venv3.11/lib/python3.11/site-packages/ibis/backends/base/__init__.py"COMMA_ESCAPE line 1022COMMA_ESCAPE in compileNEWLINE_ESCAPE    return self.compiler.to_sql(exprCOMMA_ESCAPE params=params)NEWLINE_ESCAPE           ^^^^^^^^^^^^^^^^^^^^^^^^^^^^^^^^^^^^^^^^^NEWLINE_ESCAPE   File "/home/ronconi/Projects/ibis-renoir-compiler/.venv3.11/lib/python3.11/site-packages/ibis/backends/flink/compiler/core.py"COMMA_ESCAPE line 109COMMA_ESCAPE in to_sqlNEWLINE_ESCAPE    return super().to_sql(nodeCOMMA_ESCAPE contextCOMMA_ESCAPE params)NEWLINE_ESCAPE           ^^^^^^^^^^^^^^^^^^^^^^^^^^^^^^^^^^^^^NEWLINE_ESCAPE   File "/home/ronconi/Projects/ibis-renoir-compiler/.venv3.11/lib/python3.11/site-packages/ibis/backends/base/sql/compiler/query_builder.py"COMMA_ESCAPE line 622COMMA_ESCAPE in to_sqlNEWLINE_ESCAPE    return cls.to_ast(nodeCOMMA_ESCAPE context).queries[0].compile()NEWLINE_ESCAPE           ^^^^^^^^^^^^^^^^^^^^^^^^^^^^^^^^^^^^^^^^^^^^^^NEWLINE_ESCAPE   File "/home/ronconi/Projects/ibis-renoir-compiler/.venv3.11/lib/python3.11/site-packages/ibis/backends/base/sql/compiler/query_builder.py"COMMA_ESCAPE line 266COMMA_ESCAPE in compileNEWLINE_ESCAPE    with_frag = self.format_subqueries()NEWLINE_ESCAPE                ^^^^^^^^^^^^^^^^^^^^^^^^NEWLINE_ESCAPE   File "/home/ronconi/Projects/ibis-renoir-compiler/.venv3.11/lib/python3.11/site-packages/ibis/backends/base/sql/compiler/query_builder.py"COMMA_ESCAPE line 312COMMA_ESCAPE in format_subqueriesNEWLINE_ESCAPE    formatted = util.indent(context.get_compiled_expr(expr)COMMA_ESCAPE 2)NEWLINE_ESCAPE                            ^^^^^^^^^^^^^^^^^^^^^^^^^^^^^^^NEWLINE_ESCAPE   File "/home/ronconi/Projects/ibis-renoir-compiler/.venv3.11/lib/python3.11/site-packages/ibis/backends/base/sql/compiler/translator.py"COMMA_ESCAPE line 74COMMA_ESCAPE in get_compiled_exprNEWLINE_ESCAPE    result = self._compile_subquery(node)NEWLINE_ESCAPE             ^^^^^^^^^^^^^^^^^^^^^^^^^^^^NEWLINE_ESCAPE   File "/home/ronconi/Projects/ibis-renoir-compiler/.venv3.11/lib/python3.11/site-packages/ibis/backends/base/sql/compiler/translator.py"COMMA_ESCAPE line 37COMMA_ESCAPE in _compile_subqueryNEWLINE_ESCAPE    return self._to_sql(opCOMMA_ESCAPE sub_ctx)NEWLINE_ESCAPE           ^^^^^^^^^^^^^^^^^^^^^^^^^NEWLINE_ESCAPE   File "/home/ronconi/Projects/ibis-renoir-compiler/.venv3.11/lib/python3.11/site-packages/ibis/backends/base/sql/compiler/translator.py"COMMA_ESCAPE line 40COMMA_ESCAPE in _to_sqlNEWLINE_ESCAPE    return self.compiler.to_sql(exprCOMMA_ESCAPE ctx)NEWLINE_ESCAPE           ^^^^^^^^^^^^^^^^^^^^^^^^^^^^^^^NEWLINE_ESCAPE   File "/home/ronconi/Projects/ibis-renoir-compiler/.venv3.11/lib/python3.11/site-packages/ibis/backends/flink/compiler/core.py"COMMA_ESCAPE line 109COMMA_ESCAPE in to_sqlNEWLINE_ESCAPE    return super().to_sql(nodeCOMMA_ESCAPE contextCOMMA_ESCAPE params)NEWLINE_ESCAPE           ^^^^^^^^^^^^^^^^^^^^^^^^^^^^^^^^^^^^^NEWLINE_ESCAPE   File "/home/ronconi/Projects/ibis-renoir-compiler/.venv3.11/lib/python3.11/site-packages/ibis/backends/base/sql/compiler/query_builder.py"COMMA_ESCAPE line 622COMMA_ESCAPE in to_sqlNEWLINE_ESCAPE    return cls.to_ast(nodeCOMMA_ESCAPE context).queries[0].compile()NEWLINE_ESCAPE           ^^^^^^^^^^^^^^^^^^^^^^^^^^^^^^^^^^^^^^^^^^^^^^NEWLINE_ESCAPE   File "/home/ronconi/Projects/ibis-renoir-compiler/.venv3.11/lib/python3.11/site-packages/ibis/backends/base/sql/compiler/query_builder.py"COMMA_ESCAPE line 269COMMA_ESCAPE in compileNEWLINE_ESCAPE    select_frag = self.format_select_set()NEWLINE_ESCAPE                  ^^^^^^^^^^^^^^^^^^^^^^^^NEWLINE_ESCAPE   File "/home/ronconi/Projects/ibis-renoir-compiler/.venv3.11/lib/python3.11/site-packages/ibis/backends/base/sql/compiler/query_builder.py"COMMA_ESCAPE line 324COMMA_ESCAPE in format_select_setNEWLINE_ESCAPE    expr_str = self._translate(nodeCOMMA_ESCAPE named=TrueCOMMA_ESCAPE permit_subquery=True)NEWLINE_ESCAPE               ^^^^^^^^^^^^^^^^^^^^^^^^^^^^^^^^^^^^^^^^^^^^^^^^^^^^^^^NEWLINE_ESCAPE   File "/home/ronconi/Projects/ibis-renoir-compiler/.venv3.11/lib/python3.11/site-packages/ibis/backends/base/sql/compiler/query_builder.py"COMMA_ESCAPE line 239COMMA_ESCAPE in _translateNEWLINE_ESCAPE    return translator.get_result()NEWLINE_ESCAPE           ^^^^^^^^^^^^^^^^^^^^^^^NEWLINE_ESCAPE   File "/home/ronconi/Projects/ibis-renoir-compiler/.venv3.11/lib/python3.11/site-packages/ibis/backends/base/sql/compiler/translator.py"COMMA_ESCAPE line 224COMMA_ESCAPE in get_resultNEWLINE_ESCAPE    translated = self.translate(self.node)NEWLINE_ESCAPE                 ^^^^^^^^^^^^^^^^^^^^^^^^^NEWLINE_ESCAPE   File "/home/ronconi/Projects/ibis-renoir-compiler/.venv3.11/lib/python3.11/site-packages/ibis/backends/base/sql/compiler/translator.py"COMMA_ESCAPE line 256COMMA_ESCAPE in translateNEWLINE_ESCAPE    return formatter(selfCOMMA_ESCAPE op)NEWLINE_ESCAPE           ^^^^^^^^^^^^^^^^^^^NEWLINE_ESCAPE   File "/home/ronconi/Projects/ibis-renoir-compiler/.venv3.11/lib/python3.11/site-packages/ibis/backends/base/sql/registry/main.py"COMMA_ESCAPE line 23COMMA_ESCAPE in aliasNEWLINE_ESCAPE    return translator.translate(op.arg)NEWLINE_ESCAPE           ^^^^^^^^^^^^^^^^^^^^^^^^^^^^NEWLINE_ESCAPE   File "/home/ronconi/Projects/ibis-renoir-compiler/.venv3.11/lib/python3.11/site-packages/ibis/backends/base/sql/compiler/translator.py"COMMA_ESCAPE line 256COMMA_ESCAPE in translateNEWLINE_ESCAPE    return formatter(selfCOMMA_ESCAPE op)NEWLINE_ESCAPE           ^^^^^^^^^^^^^^^^^^^NEWLINE_ESCAPE   File "/home/ronconi/Projects/ibis-renoir-compiler/.venv3.11/lib/python3.11/site-packages/ibis/backends/base/sql/registry/binary_infix.py"COMMA_ESCAPE line 12COMMA_ESCAPE in formatterNEWLINE_ESCAPE    right_arg = translator.translate(right)NEWLINE_ESCAPE                ^^^^^^^^^^^^^^^^^^^^^^^^^^^NEWLINE_ESCAPE   File "/home/ronconi/Projects/ibis-renoir-compiler/.venv3.11/lib/python3.11/site-packages/ibis/backends/base/sql/compiler/translator.py"COMMA_ESCAPE line 256COMMA_ESCAPE in translateNEWLINE_ESCAPE    return formatter(selfCOMMA_ESCAPE op)NEWLINE_ESCAPE           ^^^^^^^^^^^^^^^^^^^NEWLINE_ESCAPE   File "/home/ronconi/Projects/ibis-renoir-compiler/.venv3.11/lib/python3.11/site-packages/ibis/backends/flink/registry.py"COMMA_ESCAPE line 226COMMA_ESCAPE in _windowNEWLINE_ESCAPE    raise com.UnsupportedOperationError(NEWLINE_ESCAPE ibis.common.exceptions.UnsupportedOperationError: Flink engine does not support generic window clause with no order byNEWLINE_ESCAPE
INFO,2024-08-13 11:06:50.841,test_scenarios_exploration_3_window_group,renoir,-1,6.963890745304525,6.1750516491010785,0.7702069086953998,-1,1326.33984375,Scenario4,None
INFO,2024-08-13 11:06:56.621,test_scenarios_exploration_3_window_group,renoir,0,5.719960865098983,4.756029988173395,0.9484261879697442,-1,1495.98828125,Scenario4,None
INFO,2024-08-13 11:07:02.215,test_scenarios_exploration_3_window_group,renoir,1,5.537022823933512,4.760571423918009,0.7605411778204143,-1,1398.390625,Scenario4,None
INFO,2024-08-13 11:07:07.775,test_scenarios_exploration_3_window_group,renoir,2,5.502816654276103,4.728872399777174,0.7580745411105454,-1,1470.046875,Scenario4,None
INFO,2024-08-13 11:07:13.422,test_scenarios_exploration_3_window_group,renoir,3,5.588630262762308,4.811239552218467,0.7612484227865934,-1,1401.796875,Scenario4,None
INFO,2024-08-13 11:07:18.902,test_scenarios_exploration_3_window_group,renoir,4,5.422522499226034,4.652395407203585,0.7540680412203074,-1,1437.4609375,Scenario4,None
INFO,2024-08-13 11:07:19.210,test_scenarios_exploration_4_group_mean,duckdb,-1,0.25138456700369716,-1,-1,-1,434.9453125,Scenario4,None
INFO,2024-08-13 11:07:19.571,test_scenarios_exploration_4_group_mean,duckdb,0,0.2954084472730756,-1,-1,-1,629.69140625,Scenario4,None
INFO,2024-08-13 11:07:19.944,test_scenarios_exploration_4_group_mean,duckdb,1,0.31576297897845507,-1,-1,-1,651.75390625,Scenario4,None
INFO,2024-08-13 11:07:20.272,test_scenarios_exploration_4_group_mean,duckdb,2,0.2706737266853452,-1,-1,-1,652.53515625,Scenario4,None
INFO,2024-08-13 11:07:20.591,test_scenarios_exploration_4_group_mean,duckdb,3,0.26249583112075925,-1,-1,-1,728.84765625,Scenario4,None
INFO,2024-08-13 11:07:20.923,test_scenarios_exploration_4_group_mean,duckdb,4,0.2760896892286837,-1,-1,-1,743.1875,Scenario4,None
INFO,2024-08-13 11:07:21.446,test_scenarios_exploration_4_group_mean,polars,-1,0.3540310589596629,-1,-1,-1,838.76953125,Scenario4,None
INFO,2024-08-13 11:07:21.644,test_scenarios_exploration_4_group_mean,polars,0,0.19704038416966796,-1,-1,-1,876.80078125,Scenario4,None
INFO,2024-08-13 11:07:21.851,test_scenarios_exploration_4_group_mean,polars,1,0.20537162804976106,-1,-1,-1,893.33984375,Scenario4,None
INFO,2024-08-13 11:07:22.070,test_scenarios_exploration_4_group_mean,polars,2,0.21705132769420743,-1,-1,-1,904.9453125,Scenario4,None
INFO,2024-08-13 11:07:22.278,test_scenarios_exploration_4_group_mean,polars,3,0.20727997832000256,-1,-1,-1,904.10546875,Scenario4,None
INFO,2024-08-13 11:07:22.488,test_scenarios_exploration_4_group_mean,polars,4,0.2083038119599223,-1,-1,-1,931.3203125,Scenario4,None
INFO,2024-08-13 11:07:53.388,test_scenarios_exploration_4_group_mean,flink,-1,28.20078874612227,-1,-1,-1,1725.796875,Scenario4,None
INFO,2024-08-13 11:08:15.963,test_scenarios_exploration_4_group_mean,flink,0,21.260988706257194,-1,-1,-1,1787.62890625,Scenario4,None
INFO,2024-08-13 11:08:38.465,test_scenarios_exploration_4_group_mean,flink,1,21.127292443066835,-1,-1,-1,1955.5390625,Scenario4,None
INFO,2024-08-13 11:09:04.135,test_scenarios_exploration_4_group_mean,flink,2,24.33383955480531,-1,-1,-1,2186.48828125,Scenario4,None
INFO,2024-08-13 11:09:30.463,test_scenarios_exploration_4_group_mean,flink,3,24.95630651107058,-1,-1,-1,2658.26953125,Scenario4,None
INFO,2024-08-13 11:09:54.222,test_scenarios_exploration_4_group_mean,flink,4,22.397216639015824,-1,-1,-1,2769.37890625,Scenario4,None
INFO,2024-08-13 11:09:56.281,test_scenarios_exploration_4_group_mean,renoir,-1,1.9212013762444258,1.702669233083725,0.19672969402745366,-1,2904.421875,Scenario4,None
INFO,2024-08-13 11:09:58.308,test_scenarios_exploration_4_group_mean,renoir,0,1.9556949050165713,1.7349830470047891,0.19951268611475825,-1,2910.81640625,Scenario4,None
INFO,2024-08-13 11:10:00.278,test_scenarios_exploration_4_group_mean,renoir,1,1.9003592203371227,1.678151000291109,0.2002513539046049,-1,2910.04296875,Scenario4,None
INFO,2024-08-13 11:10:02.255,test_scenarios_exploration_4_group_mean,renoir,2,1.9102882957085967,1.6908406410366297,0.19770919298753142,-1,2909.4921875,Scenario4,None
INFO,2024-08-13 11:10:04.244,test_scenarios_exploration_4_group_mean,renoir,3,1.9188186582177877,1.6958794929087162,0.20135069824755192,-1,2909.58984375,Scenario4,None
INFO,2024-08-13 11:10:06.252,test_scenarios_exploration_4_group_mean,renoir,4,1.9373287777416408,1.7151739411056042,0.20070650707930326,-1,2901.171875,Scenario4,None
INFO,2024-08-13 11:10:07.191,test_scenarios_exploration_5_inner_join,duckdb,-1,0.867972657084465,-1,-1,-1,2685.70703125,Scenario4,None
INFO,2024-08-13 11:10:07.748,test_scenarios_exploration_5_inner_join,duckdb,0,0.5004787719808519,-1,-1,-1,2851.11328125,Scenario4,None
INFO,2024-08-13 11:10:08.241,test_scenarios_exploration_5_inner_join,duckdb,1,0.43617031211033463,-1,-1,-1,2841.8203125,Scenario4,None
INFO,2024-08-13 11:10:08.736,test_scenarios_exploration_5_inner_join,duckdb,2,0.4380796789191663,-1,-1,-1,2868.03125,Scenario4,None
INFO,2024-08-13 11:10:09.239,test_scenarios_exploration_5_inner_join,duckdb,3,0.4458987140096724,-1,-1,-1,2883.8984375,Scenario4,None
INFO,2024-08-13 11:10:09.779,test_scenarios_exploration_5_inner_join,duckdb,4,0.4805927057750523,-1,-1,-1,2852.14453125,Scenario4,None
INFO,2024-08-13 11:10:11.154,test_scenarios_exploration_5_inner_join,polars,-1,1.2023209678009152,-1,-1,-1,2942.796875,Scenario4,None
INFO,2024-08-13 11:10:11.402,test_scenarios_exploration_5_inner_join,polars,0,0.24625832587480545,-1,-1,-1,2918.25390625,Scenario4,None
INFO,2024-08-13 11:10:11.653,test_scenarios_exploration_5_inner_join,polars,1,0.24898482719436288,-1,-1,-1,2962.08984375,Scenario4,None
INFO,2024-08-13 11:10:11.922,test_scenarios_exploration_5_inner_join,polars,2,0.26718489499762654,-1,-1,-1,3183.80859375,Scenario4,None
INFO,2024-08-13 11:10:12.179,test_scenarios_exploration_5_inner_join,polars,3,0.2555556520819664,-1,-1,-1,3108.98046875,Scenario4,None
INFO,2024-08-13 11:10:12.431,test_scenarios_exploration_5_inner_join,polars,4,0.25130878621712327,-1,-1,-1,3115.625,Scenario4,None
INFO,2024-08-13 11:13:29.812,test_scenarios_exploration_5_inner_join,flink,-1,196.06232877401635,-1,-1,-1,3051.04296875,Scenario4,None
INFO,2024-08-13 11:16:49.549,test_scenarios_exploration_5_inner_join,flink,0,198.40926684206352,-1,-1,-1,2471.6875,Scenario4,None
INFO,2024-08-13 11:20:09.275,test_scenarios_exploration_5_inner_join,flink,1,198.3806423060596,-1,-1,-1,2448.6328125,Scenario4,None
INFO,2024-08-13 11:23:30.423,test_scenarios_exploration_5_inner_join,flink,2,199.7897846591659,-1,-1,-1,2455.52734375,Scenario4,None
INFO,2024-08-13 11:26:47.107,test_scenarios_exploration_5_inner_join,flink,3,195.10189971793443,-1,-1,-1,2520.06640625,Scenario4,None
INFO,2024-08-13 11:30:04.099,test_scenarios_exploration_5_inner_join,flink,4,195.51939243916422,-1,-1,-1,2536.296875,Scenario4,None
INFO,2024-08-13 11:30:07.263,test_scenarios_exploration_5_inner_join,renoir,-1,3.106308410409838,2.750488492194563,0.3235270422883332,-1,2857.0078125,Scenario4,None
INFO,2024-08-13 11:30:10.074,test_scenarios_exploration_5_inner_join,renoir,0,2.751127618830651,2.4155571670271456,0.30433963192626834,-1,2894.10546875,Scenario4,None
INFO,2024-08-13 11:30:12.905,test_scenarios_exploration_5_inner_join,renoir,1,2.774153480771929,2.4252508468925953,0.3179371361620724,-1,2889.87890625,Scenario4,None
INFO,2024-08-13 11:30:15.645,test_scenarios_exploration_5_inner_join,renoir,2,2.682961606886238,2.351976619102061,0.2993048569187522,-1,2879.65625,Scenario4,None
INFO,2024-08-13 11:30:18.467,test_scenarios_exploration_5_inner_join,renoir,3,2.7644406096078455,2.439488112926483,0.2934640860185027,-1,2887.35546875,Scenario4,None
INFO,2024-08-13 11:30:21.327,test_scenarios_exploration_5_inner_join,renoir,4,2.8017993150278926,2.443827560171485,0.3262998820282519,-1,2892.25390625,Scenario4,None
INFO,2024-08-13 11:30:24.807,test_nexmark_query_1,duckdb,-1,1.2920666323043406,-1,-1,-1,2551.296875,Scenario4,None
INFO,2024-08-13 11:30:25.463,test_nexmark_query_1,duckdb,0,0.4237155383452773,-1,-1,-1,2553.56640625,Scenario4,None
INFO,2024-08-13 11:30:26.085,test_nexmark_query_1,duckdb,1,0.4094239636324346,-1,-1,-1,2549.671875,Scenario4,None
INFO,2024-08-13 11:30:26.708,test_nexmark_query_1,duckdb,2,0.4136965009383857,-1,-1,-1,2552.2265625,Scenario4,None
INFO,2024-08-13 11:30:27.329,test_nexmark_query_1,duckdb,3,0.4115878096781671,-1,-1,-1,2550.01953125,Scenario4,None
INFO,2024-08-13 11:30:27.967,test_nexmark_query_1,duckdb,4,0.4281763508915901,-1,-1,-1,2545.27734375,Scenario4,None
INFO,2024-08-13 11:30:28.259,test_nexmark_query_1,polars,-1,0.28924140706658363,-1,-1,-1,2705.6796875,Scenario4,None
INFO,2024-08-13 11:30:28.484,test_nexmark_query_1,polars,0,0.2225934755988419,-1,-1,-1,2761.7734375,Scenario4,None
INFO,2024-08-13 11:30:28.711,test_nexmark_query_1,polars,1,0.22535089636221528,-1,-1,-1,2764.9375,Scenario4,None
INFO,2024-08-13 11:30:28.922,test_nexmark_query_1,polars,2,0.208730589132756,-1,-1,-1,2713.953125,Scenario4,None
INFO,2024-08-13 11:30:29.146,test_nexmark_query_1,polars,3,0.22122824378311634,-1,-1,-1,2760.0546875,Scenario4,None
INFO,2024-08-13 11:30:29.368,test_nexmark_query_1,polars,4,0.22040043585002422,-1,-1,-1,2712.921875,Scenario4,None
INFO,2024-08-13 11:31:41.816,test_nexmark_query_1,flink,-1,70.67991234827787,-1,-1,-1,2576.5859375,Scenario4,None
INFO,2024-08-13 11:32:54.799,test_nexmark_query_1,flink,0,71.17842153413221,-1,-1,-1,2583.7265625,Scenario4,None
INFO,2024-08-13 11:34:08.171,test_nexmark_query_1,flink,1,71.55841936869547,-1,-1,-1,2579.98828125,Scenario4,None
INFO,2024-08-13 11:35:21.441,test_nexmark_query_1,flink,2,71.42415274214,-1,-1,-1,2608.81640625,Scenario4,None
INFO,2024-08-13 11:36:34.828,test_nexmark_query_1,flink,3,71.46083046495914,-1,-1,-1,2581.62890625,Scenario4,None
INFO,2024-08-13 11:37:47.817,test_nexmark_query_1,flink,4,71.06830095918849,-1,-1,-1,2581.7890625,Scenario4,None
INFO,2024-08-13 11:37:49.306,test_nexmark_query_1,renoir,-1,1.2754632588475943,1.0509977489709854,0.19461367698386312,-1,2945.55859375,Scenario4,None
INFO,2024-08-13 11:37:50.595,test_nexmark_query_1,renoir,0,1.0760517567396164,0.8696488351561129,0.17655543377622962,-1,2954.86328125,Scenario4,None
INFO,2024-08-13 11:37:52.158,test_nexmark_query_1,renoir,1,1.351304906886071,1.1401032828725874,0.18076685210689902,-1,2957.8671875,Scenario4,None
INFO,2024-08-13 11:37:53.434,test_nexmark_query_1,renoir,2,1.0650748549960554,0.859565710183233,0.1749863838776946,-1,2939.63671875,Scenario4,None
INFO,2024-08-13 11:37:54.700,test_nexmark_query_1,renoir,3,1.0543222450651228,0.8490177472122014,0.17493872344493866,-1,2945.95703125,Scenario4,None
INFO,2024-08-13 11:37:55.975,test_nexmark_query_1,renoir,4,1.0633750152774155,0.8539181179367006,0.17896059527993202,-1,2945.453125,Scenario4,None
INFO,2024-08-13 11:37:56.660,test_nexmark_query_2,duckdb,-1,0.4610769567079842,-1,-1,-1,2609.15234375,Scenario4,None
INFO,2024-08-13 11:37:57.216,test_nexmark_query_2,duckdb,0,0.34289480838924646,-1,-1,-1,2612.06640625,Scenario4,None
INFO,2024-08-13 11:37:57.773,test_nexmark_query_2,duckdb,1,0.34570605121552944,-1,-1,-1,2613.1953125,Scenario4,None
INFO,2024-08-13 11:37:58.327,test_nexmark_query_2,duckdb,2,0.3434699750505388,-1,-1,-1,2614.51171875,Scenario4,None
INFO,2024-08-13 11:37:58.901,test_nexmark_query_2,duckdb,3,0.36419840529561043,-1,-1,-1,2643.75390625,Scenario4,None
INFO,2024-08-13 11:37:59.459,test_nexmark_query_2,duckdb,4,0.34431253699585795,-1,-1,-1,2613.05859375,Scenario4,None
INFO,2024-08-13 11:37:59.594,test_nexmark_query_2,polars,-1,0.1332594659179449,-1,-1,-1,2665.328125,Scenario4,None
INFO,2024-08-13 11:37:59.726,test_nexmark_query_2,polars,0,0.12962547037750483,-1,-1,-1,2727.08984375,Scenario4,None
INFO,2024-08-13 11:37:59.863,test_nexmark_query_2,polars,1,0.13425829401239753,-1,-1,-1,2712.1640625,Scenario4,None
INFO,2024-08-13 11:37:59.994,test_nexmark_query_2,polars,2,0.1286495542153716,-1,-1,-1,2654.48828125,Scenario4,None
INFO,2024-08-13 11:38:00.126,test_nexmark_query_2,polars,3,0.12865523155778646,-1,-1,-1,2650.703125,Scenario4,None
INFO,2024-08-13 11:38:00.264,test_nexmark_query_2,polars,4,0.13571034278720617,-1,-1,-1,2717.01953125,Scenario4,None
INFO,2024-08-13 11:38:03.454,test_nexmark_query_2,flink,-1,1.2501667677424848,-1,-1,-1,2582.49609375,Scenario4,None
INFO,2024-08-13 11:38:06.403,test_nexmark_query_2,flink,0,0.9496579188853502,-1,-1,-1,2581.11328125,Scenario4,None
INFO,2024-08-13 11:38:09.363,test_nexmark_query_2,flink,1,0.9650285500101745,-1,-1,-1,2581.578125,Scenario4,None
INFO,2024-08-13 11:38:12.406,test_nexmark_query_2,flink,2,0.993225138168782,-1,-1,-1,2582.01171875,Scenario4,None
INFO,2024-08-13 11:38:15.730,test_nexmark_query_2,flink,3,1.2252906877547503,-1,-1,-1,2588.9453125,Scenario4,None
INFO,2024-08-13 11:38:18.976,test_nexmark_query_2,flink,4,1.101938745006919,-1,-1,-1,2588.8203125,Scenario4,None
INFO,2024-08-13 11:38:20.313,test_nexmark_query_2,renoir,-1,1.087273009121418,0.8695047199726105,0.1870913258753717,-1,2901.7109375,Scenario4,None
INFO,2024-08-13 11:38:22.085,test_nexmark_query_2,renoir,0,1.5442421911284328,1.3358744848519564,0.17542997002601624,-1,2912.2265625,Scenario4,None
INFO,2024-08-13 11:38:23.367,test_nexmark_query_2,renoir,1,1.0419345190748572,0.834526252001524,0.17636589286848903,-1,2889.3203125,Scenario4,None
INFO,2024-08-13 11:38:24.662,test_nexmark_query_2,renoir,2,1.0457609328441322,0.8429595613852143,0.17297080205753446,-1,2889.8046875,Scenario4,None
INFO,2024-08-13 11:38:25.954,test_nexmark_query_2,renoir,3,1.0513694291003048,0.8471333496272564,0.1730922209098935,-1,2893.51171875,Scenario4,None
INFO,2024-08-13 11:38:27.245,test_nexmark_query_2,renoir,4,1.0643659140914679,0.8616689322516322,0.17232841392979026,-1,2895.36328125,Scenario4,None
INFO,2024-08-13 11:38:27.853,test_nexmark_query_3,duckdb,-1,0.3695755572989583,-1,-1,-1,2612.7421875,Scenario4,None
INFO,2024-08-13 11:38:28.360,test_nexmark_query_3,duckdb,0,0.26408919505774975,-1,-1,-1,2600.6171875,Scenario4,None
INFO,2024-08-13 11:38:28.868,test_nexmark_query_3,duckdb,1,0.2687975191511214,-1,-1,-1,2601.97265625,Scenario4,None
INFO,2024-08-13 11:38:29.373,test_nexmark_query_3,duckdb,2,0.26479129306972027,-1,-1,-1,2603.046875,Scenario4,None
INFO,2024-08-13 11:38:29.886,test_nexmark_query_3,duckdb,3,0.27755526965484023,-1,-1,-1,2600.18359375,Scenario4,None
INFO,2024-08-13 11:38:30.373,test_nexmark_query_3,duckdb,4,0.25704417331144214,-1,-1,-1,2606.82421875,Scenario4,None
INFO,2024-08-13 11:38:30.634,test_nexmark_query_3,polars,-1,0.2585408939048648,-1,-1,-1,2590.20703125,Scenario4,None
INFO,2024-08-13 11:38:30.781,test_nexmark_query_3,polars,0,0.144544234033674,-1,-1,-1,2573.0703125,Scenario4,None
INFO,2024-08-13 11:38:30.926,test_nexmark_query_3,polars,1,0.14245830522850156,-1,-1,-1,2544.453125,Scenario4,None
INFO,2024-08-13 11:38:31.069,test_nexmark_query_3,polars,2,0.14112873282283545,-1,-1,-1,2506.50390625,Scenario4,None
INFO,2024-08-13 11:38:31.213,test_nexmark_query_3,polars,3,0.14101666631177068,-1,-1,-1,2510.5703125,Scenario4,None
INFO,2024-08-13 11:38:31.357,test_nexmark_query_3,polars,4,0.1420993832871318,-1,-1,-1,2512.79296875,Scenario4,None
INFO,2024-08-13 11:38:34.686,test_nexmark_query_3,flink,-1,1.147076382767409,-1,-1,-1,2478.4453125,Scenario4,None
INFO,2024-08-13 11:38:37.434,test_nexmark_query_3,flink,0,0.535420810803771,-1,-1,-1,2486.9765625,Scenario4,None
INFO,2024-08-13 11:38:40.424,test_nexmark_query_3,flink,1,0.6724404906854033,-1,-1,-1,2476.328125,Scenario4,None
INFO,2024-08-13 11:38:43.247,test_nexmark_query_3,flink,2,0.45219923835247755,-1,-1,-1,2477.4453125,Scenario4,None
INFO,2024-08-13 11:38:46.281,test_nexmark_query_3,flink,3,0.5768348970450461,-1,-1,-1,2477.7734375,Scenario4,None
INFO,2024-08-13 11:38:49.434,test_nexmark_query_3,flink,4,0.7727396860718727,-1,-1,-1,2480.703125,Scenario4,None
INFO,2024-08-13 11:38:52.519,test_nexmark_query_3,renoir,-1,2.8465676489286125,2.671483844053,0.1409651362337172,-1,2866.55859375,Scenario4,None
INFO,2024-08-13 11:38:55.546,test_nexmark_query_3,renoir,0,2.804592801257968,2.635564313735813,0.1348507353104651,-1,2872.94140625,Scenario4,None
INFO,2024-08-13 11:38:58.571,test_nexmark_query_3,renoir,1,2.796378366649151,2.6286843451671302,0.13278775569051504,-1,2872.81640625,Scenario4,None
INFO,2024-08-13 11:39:01.602,test_nexmark_query_3,renoir,2,2.7991544459946454,2.630251992959529,0.13431872706860304,-1,2875.8359375,Scenario4,None
INFO,2024-08-13 11:39:04.640,test_nexmark_query_3,renoir,3,2.8077169680036604,2.6388643770478666,0.13310562213882804,-1,2871.83984375,Scenario4,None
INFO,2024-08-13 11:39:07.725,test_nexmark_query_3,renoir,4,2.8507622783072293,2.680946202017367,0.13476377399638295,-1,2863.56640625,Scenario4,None
INFO,2024-08-13 11:39:08.428,test_nexmark_query_4,duckdb,-1,0.4624670413322747,-1,-1,-1,2614.94921875,Scenario4,None
INFO,2024-08-13 11:39:09.085,test_nexmark_query_4,duckdb,0,0.41553591191768646,-1,-1,-1,2630.08203125,Scenario4,None
INFO,2024-08-13 11:39:09.742,test_nexmark_query_4,duckdb,1,0.4163002148270607,-1,-1,-1,2637.90234375,Scenario4,None
INFO,2024-08-13 11:39:10.378,test_nexmark_query_4,duckdb,2,0.40377836814150214,-1,-1,-1,2673.796875,Scenario4,None
INFO,2024-08-13 11:39:11.036,test_nexmark_query_4,duckdb,3,0.4160278020426631,-1,-1,-1,2684.2578125,Scenario4,None
INFO,2024-08-13 11:39:11.688,test_nexmark_query_4,duckdb,4,0.4142113300040364,-1,-1,-1,2619.3125,Scenario4,None
INFO,2024-08-13 11:39:11.738,test_nexmark_query_4,polars,-1,-1,-1,-1,-1,-1,Scenario4,Traceback (most recent call last):NEWLINE_ESCAPE   File "/home/ronconi/Projects/ibis-renoir-compiler/benchmark/internal/scenario_benchmark.py"COMMA_ESCAPE line 136COMMA_ESCAPE in runNEWLINE_ESCAPE    timeCOMMA_ESCAPE memo = self.perform_measure(backend)NEWLINE_ESCAPE                 ^^^^^^^^^^^^^^^^^^^^^^^^^^^^^NEWLINE_ESCAPE   File "/home/ronconi/Projects/ibis-renoir-compiler/benchmark/internal/scenario_benchmark.py"COMMA_ESCAPE line 234COMMA_ESCAPE in perform_measureNEWLINE_ESCAPE    return backend.perform_measure_to_none()NEWLINE_ESCAPE           ^^^^^^^^^^^^^^^^^^^^^^^^^^^^^^^^^NEWLINE_ESCAPE   File "/home/ronconi/Projects/ibis-renoir-compiler/benchmark/internal/backend_benchmark.py"COMMA_ESCAPE line 64COMMA_ESCAPE in perform_measure_to_noneNEWLINE_ESCAPE    memo = memory_usage((runCOMMA_ESCAPE [self.test_methodCOMMA_ESCAPE self.test_instance])COMMA_ESCAPE include_children=True)NEWLINE_ESCAPE           ^^^^^^^^^^^^^^^^^^^^^^^^^^^^^^^^^^^^^^^^^^^^^^^^^^^^^^^^^^^^^^^^^^^^^^^^^^^^^^^^^^NEWLINE_ESCAPE   File "/home/ronconi/Projects/ibis-renoir-compiler/.venv3.11/lib/python3.11/site-packages/memory_profiler.py"COMMA_ESCAPE line 379COMMA_ESCAPE in memory_usageNEWLINE_ESCAPE    returned = f(*argsCOMMA_ESCAPE **kw)NEWLINE_ESCAPE               ^^^^^^^^^^^^^^NEWLINE_ESCAPE   File "/home/ronconi/Projects/ibis-renoir-compiler/benchmark/internal/backend_benchmark.py"COMMA_ESCAPE line 62COMMA_ESCAPE in runNEWLINE_ESCAPE    test_instance.query.execute()NEWLINE_ESCAPE   File "/home/ronconi/Projects/ibis-renoir-compiler/.venv3.11/lib/python3.11/site-packages/ibis/expr/types/core.py"COMMA_ESCAPE line 324COMMA_ESCAPE in executeNEWLINE_ESCAPE    return self._find_backend(use_default=True).execute(NEWLINE_ESCAPE           ^^^^^^^^^^^^^^^^^^^^^^^^^^^^^^^^^^^^^^^^^^^^^NEWLINE_ESCAPE   File "/home/ronconi/Projects/ibis-renoir-compiler/.venv3.11/lib/python3.11/site-packages/ibis/backends/polars/__init__.py"COMMA_ESCAPE line 414COMMA_ESCAPE in executeNEWLINE_ESCAPE    df = lf.collect(streaming=streaming)NEWLINE_ESCAPE         ^^^^^^^^^^^^^^^^^^^^^^^^^^^^^^^NEWLINE_ESCAPE   File "/home/ronconi/Projects/ibis-renoir-compiler/.venv3.11/lib/python3.11/site-packages/polars/lazyframe/frame.py"COMMA_ESCAPE line 1967COMMA_ESCAPE in collectNEWLINE_ESCAPE    return wrap_df(ldf.collect(callback))NEWLINE_ESCAPE                   ^^^^^^^^^^^^^^^^^^^^^NEWLINE_ESCAPE polars.exceptions.ColumnNotFoundError: auctionNEWLINE_ESCAPENEWLINE_ESCAPEThis error occurred with the following context stack:NEWLINE_ESCAPE	[1] 'join schema resolving' failedNEWLINE_ESCAPE	[2] 'select' input failed to resolveNEWLINE_ESCAPE	[3] 'filter' input failed to resolveNEWLINE_ESCAPE	[4] 'with_columns' input failed to resolveNEWLINE_ESCAPE	[5] 'group_by' input failed to resolveNEWLINE_ESCAPE	[6] 'with_columns' input failed to resolveNEWLINE_ESCAPE	[7] 'group_by' input failed to resolveNEWLINE_ESCAPENEWLINE_ESCAPE
INFO,2024-08-13 11:39:19.655,test_nexmark_query_4,flink,-1,4.902224397286773,-1,-1,-1,788.34765625,Scenario4,None
INFO,2024-08-13 11:39:24.681,test_nexmark_query_4,flink,0,3.399690833874047,-1,-1,-1,1135.96484375,Scenario4,None
INFO,2024-08-13 11:39:29.159,test_nexmark_query_4,flink,1,2.9158285190351307,-1,-1,-1,1168.140625,Scenario4,None
INFO,2024-08-13 11:39:35.148,test_nexmark_query_4,flink,2,4.238112858030945,-1,-1,-1,1178.4765625,Scenario4,None
INFO,2024-08-13 11:39:39.873,test_nexmark_query_4,flink,3,3.004855572246015,-1,-1,-1,1191.57421875,Scenario4,None
INFO,2024-08-13 11:39:46.844,test_nexmark_query_4,flink,4,5.305016238242388,-1,-1,-1,1235.3828125,Scenario4,None
INFO,2024-08-13 11:39:55.726,test_nexmark_query_4,renoir,-1,8.617070015985519,4.13150205090642,4.459724131971598,-1,2320.2734375,Scenario4,None
INFO,2024-08-13 11:40:00.478,test_nexmark_query_4,renoir,0,4.537735057994723,4.013267426285893,0.5013461820781231,-1,2390.77734375,Scenario4,None
INFO,2024-08-13 11:40:05.297,test_nexmark_query_4,renoir,1,4.607865837868303,4.085938414093107,0.4980702418833971,-1,2339.7578125,Scenario4,None
INFO,2024-08-13 11:40:09.993,test_nexmark_query_4,renoir,2,4.4868254330940545,3.962480570655316,0.49736804608255625,-1,2374.3203125,Scenario4,None
INFO,2024-08-13 11:40:14.674,test_nexmark_query_4,renoir,3,4.4711082256399095,3.947846062015742,0.4992762617766857,-1,2371.7578125,Scenario4,None
INFO,2024-08-13 11:40:19.390,test_nexmark_query_4,renoir,4,4.5063006659038365,3.980532929766923,0.5015981430187821,-1,2372.10546875,Scenario4,None
INFO,2024-08-13 11:40:19.943,test_nexmark_query_6,duckdb,-1,0.34296997683122754,-1,-1,-1,1411.0546875,Scenario4,None
INFO,2024-08-13 11:40:20.501,test_nexmark_query_6,duckdb,0,0.3495856402441859,-1,-1,-1,1475.25,Scenario4,None
INFO,2024-08-13 11:40:21.058,test_nexmark_query_6,duckdb,1,0.34890137100592256,-1,-1,-1,1498.66015625,Scenario4,None
INFO,2024-08-13 11:40:21.613,test_nexmark_query_6,duckdb,2,0.3479353943839669,-1,-1,-1,1551.25390625,Scenario4,None
INFO,2024-08-13 11:40:22.191,test_nexmark_query_6,duckdb,3,0.36121332878246903,-1,-1,-1,1572.7890625,Scenario4,None
INFO,2024-08-13 11:40:22.749,test_nexmark_query_6,duckdb,4,0.3506691223010421,-1,-1,-1,1538.79296875,Scenario4,None
INFO,2024-08-13 11:40:22.791,test_nexmark_query_6,polars,-1,-1,-1,-1,-1,-1,Scenario4,Traceback (most recent call last):NEWLINE_ESCAPE   File "/home/ronconi/Projects/ibis-renoir-compiler/benchmark/internal/scenario_benchmark.py"COMMA_ESCAPE line 136COMMA_ESCAPE in runNEWLINE_ESCAPE    timeCOMMA_ESCAPE memo = self.perform_measure(backend)NEWLINE_ESCAPE                 ^^^^^^^^^^^^^^^^^^^^^^^^^^^^^NEWLINE_ESCAPE   File "/home/ronconi/Projects/ibis-renoir-compiler/benchmark/internal/scenario_benchmark.py"COMMA_ESCAPE line 234COMMA_ESCAPE in perform_measureNEWLINE_ESCAPE    return backend.perform_measure_to_none()NEWLINE_ESCAPE           ^^^^^^^^^^^^^^^^^^^^^^^^^^^^^^^^^NEWLINE_ESCAPE   File "/home/ronconi/Projects/ibis-renoir-compiler/benchmark/internal/backend_benchmark.py"COMMA_ESCAPE line 64COMMA_ESCAPE in perform_measure_to_noneNEWLINE_ESCAPE    memo = memory_usage((runCOMMA_ESCAPE [self.test_methodCOMMA_ESCAPE self.test_instance])COMMA_ESCAPE include_children=True)NEWLINE_ESCAPE           ^^^^^^^^^^^^^^^^^^^^^^^^^^^^^^^^^^^^^^^^^^^^^^^^^^^^^^^^^^^^^^^^^^^^^^^^^^^^^^^^^^NEWLINE_ESCAPE   File "/home/ronconi/Projects/ibis-renoir-compiler/.venv3.11/lib/python3.11/site-packages/memory_profiler.py"COMMA_ESCAPE line 379COMMA_ESCAPE in memory_usageNEWLINE_ESCAPE    returned = f(*argsCOMMA_ESCAPE **kw)NEWLINE_ESCAPE               ^^^^^^^^^^^^^^NEWLINE_ESCAPE   File "/home/ronconi/Projects/ibis-renoir-compiler/benchmark/internal/backend_benchmark.py"COMMA_ESCAPE line 62COMMA_ESCAPE in runNEWLINE_ESCAPE    test_instance.query.execute()NEWLINE_ESCAPE   File "/home/ronconi/Projects/ibis-renoir-compiler/.venv3.11/lib/python3.11/site-packages/ibis/expr/types/core.py"COMMA_ESCAPE line 324COMMA_ESCAPE in executeNEWLINE_ESCAPE    return self._find_backend(use_default=True).execute(NEWLINE_ESCAPE           ^^^^^^^^^^^^^^^^^^^^^^^^^^^^^^^^^^^^^^^^^^^^^NEWLINE_ESCAPE   File "/home/ronconi/Projects/ibis-renoir-compiler/.venv3.11/lib/python3.11/site-packages/ibis/backends/polars/__init__.py"COMMA_ESCAPE line 408COMMA_ESCAPE in executeNEWLINE_ESCAPE    lf = self.compile(exprCOMMA_ESCAPE params=paramsCOMMA_ESCAPE **kwargs)NEWLINE_ESCAPE         ^^^^^^^^^^^^^^^^^^^^^^^^^^^^^^^^^^^^^^^^^^^NEWLINE_ESCAPE   File "/home/ronconi/Projects/ibis-renoir-compiler/.venv3.11/lib/python3.11/site-packages/ibis/backends/polars/__init__.py"COMMA_ESCAPE line 395COMMA_ESCAPE in compileNEWLINE_ESCAPE    return translate(nodeCOMMA_ESCAPE ctx=ctx)NEWLINE_ESCAPE           ^^^^^^^^^^^^^^^^^^^^^^^^NEWLINE_ESCAPE   File "/usr/lib/python3.11/functools.py"COMMA_ESCAPE line 909COMMA_ESCAPE in wrapperNEWLINE_ESCAPE    return dispatch(args[0].__class__)(*argsCOMMA_ESCAPE **kw)NEWLINE_ESCAPE           ^^^^^^^^^^^^^^^^^^^^^^^^^^^^^^^^^^^^^^^^NEWLINE_ESCAPE   File "/home/ronconi/Projects/ibis-renoir-compiler/.venv3.11/lib/python3.11/site-packages/ibis/backends/polars/compiler.py"COMMA_ESCAPE line 222COMMA_ESCAPE in selectionNEWLINE_ESCAPE    selections.append(translate(argCOMMA_ESCAPE **kw))NEWLINE_ESCAPE                      ^^^^^^^^^^^^^^^^^^^^NEWLINE_ESCAPE   File "/usr/lib/python3.11/functools.py"COMMA_ESCAPE line 909COMMA_ESCAPE in wrapperNEWLINE_ESCAPE    return dispatch(args[0].__class__)(*argsCOMMA_ESCAPE **kw)NEWLINE_ESCAPE           ^^^^^^^^^^^^^^^^^^^^^^^^^^^^^^^^^^^^^^^^NEWLINE_ESCAPE   File "/home/ronconi/Projects/ibis-renoir-compiler/.venv3.11/lib/python3.11/site-packages/ibis/backends/polars/compiler.py"COMMA_ESCAPE line 86COMMA_ESCAPE in aliasNEWLINE_ESCAPE    arg = translate(op.argCOMMA_ESCAPE **kw)NEWLINE_ESCAPE          ^^^^^^^^^^^^^^^^^^^^^^^NEWLINE_ESCAPE   File "/usr/lib/python3.11/functools.py"COMMA_ESCAPE line 909COMMA_ESCAPE in wrapperNEWLINE_ESCAPE    return dispatch(args[0].__class__)(*argsCOMMA_ESCAPE **kw)NEWLINE_ESCAPE           ^^^^^^^^^^^^^^^^^^^^^^^^^^^^^^^^^^^^^^^^NEWLINE_ESCAPE   File "/home/ronconi/Projects/ibis-renoir-compiler/.venv3.11/lib/python3.11/site-packages/ibis/backends/polars/compiler.py"COMMA_ESCAPE line 52COMMA_ESCAPE in operationNEWLINE_ESCAPE    raise com.OperationNotDefinedError(f"No translation rule for {type(op)}")NEWLINE_ESCAPE ibis.common.exceptions.OperationNotDefinedError: No translation rule for <class 'ibis.expr.operations.window.WindowFunction'>NEWLINE_ESCAPE
INFO,2024-08-13 11:40:25.816,test_nexmark_query_6,flink,-1,-1,-1,-1,-1,-1,Scenario4,Traceback (most recent call last):NEWLINE_ESCAPE   File "/home/ronconi/Projects/ibis-renoir-compiler/benchmark/internal/scenario_benchmark.py"COMMA_ESCAPE line 136COMMA_ESCAPE in runNEWLINE_ESCAPE    timeCOMMA_ESCAPE memo = self.perform_measure(backend)NEWLINE_ESCAPE                 ^^^^^^^^^^^^^^^^^^^^^^^^^^^^^NEWLINE_ESCAPE   File "/home/ronconi/Projects/ibis-renoir-compiler/benchmark/internal/scenario_benchmark.py"COMMA_ESCAPE line 234COMMA_ESCAPE in perform_measureNEWLINE_ESCAPE    return backend.perform_measure_to_none()NEWLINE_ESCAPE           ^^^^^^^^^^^^^^^^^^^^^^^^^^^^^^^^^NEWLINE_ESCAPE   File "/home/ronconi/Projects/ibis-renoir-compiler/benchmark/internal/backend_benchmark.py"COMMA_ESCAPE line 64COMMA_ESCAPE in perform_measure_to_noneNEWLINE_ESCAPE    memo = memory_usage((runCOMMA_ESCAPE [self.test_methodCOMMA_ESCAPE self.test_instance])COMMA_ESCAPE include_children=True)NEWLINE_ESCAPE           ^^^^^^^^^^^^^^^^^^^^^^^^^^^^^^^^^^^^^^^^^^^^^^^^^^^^^^^^^^^^^^^^^^^^^^^^^^^^^^^^^^NEWLINE_ESCAPE   File "/home/ronconi/Projects/ibis-renoir-compiler/.venv3.11/lib/python3.11/site-packages/memory_profiler.py"COMMA_ESCAPE line 379COMMA_ESCAPE in memory_usageNEWLINE_ESCAPE    returned = f(*argsCOMMA_ESCAPE **kw)NEWLINE_ESCAPE               ^^^^^^^^^^^^^^NEWLINE_ESCAPE   File "/home/ronconi/Projects/ibis-renoir-compiler/benchmark/internal/backend_benchmark.py"COMMA_ESCAPE line 62COMMA_ESCAPE in runNEWLINE_ESCAPE    test_instance.query.execute()NEWLINE_ESCAPE   File "/home/ronconi/Projects/ibis-renoir-compiler/.venv3.11/lib/python3.11/site-packages/ibis/expr/types/core.py"COMMA_ESCAPE line 324COMMA_ESCAPE in executeNEWLINE_ESCAPE    return self._find_backend(use_default=True).execute(NEWLINE_ESCAPE           ^^^^^^^^^^^^^^^^^^^^^^^^^^^^^^^^^^^^^^^^^^^^^NEWLINE_ESCAPE   File "/home/ronconi/Projects/ibis-renoir-compiler/.venv3.11/lib/python3.11/site-packages/ibis/backends/flink/__init__.py"COMMA_ESCAPE line 310COMMA_ESCAPE in executeNEWLINE_ESCAPE    sql = self.compile(table_exprCOMMA_ESCAPE **kwargs)NEWLINE_ESCAPE          ^^^^^^^^^^^^^^^^^^^^^^^^^^^^^^^^^^NEWLINE_ESCAPE   File "/home/ronconi/Projects/ibis-renoir-compiler/.venv3.11/lib/python3.11/site-packages/ibis/backends/flink/__init__.py"COMMA_ESCAPE line 302COMMA_ESCAPE in compileNEWLINE_ESCAPE    return super().compile(exprCOMMA_ESCAPE params=params)  # Discard `limit` and other kwargs.NEWLINE_ESCAPE           ^^^^^^^^^^^^^^^^^^^^^^^^^^^^^^^^^^^^NEWLINE_ESCAPE   File "/home/ronconi/Projects/ibis-renoir-compiler/.venv3.11/lib/python3.11/site-packages/ibis/backends/base/__init__.py"COMMA_ESCAPE line 1022COMMA_ESCAPE in compileNEWLINE_ESCAPE    return self.compiler.to_sql(exprCOMMA_ESCAPE params=params)NEWLINE_ESCAPE           ^^^^^^^^^^^^^^^^^^^^^^^^^^^^^^^^^^^^^^^^^NEWLINE_ESCAPE   File "/home/ronconi/Projects/ibis-renoir-compiler/.venv3.11/lib/python3.11/site-packages/ibis/backends/flink/compiler/core.py"COMMA_ESCAPE line 109COMMA_ESCAPE in to_sqlNEWLINE_ESCAPE    return super().to_sql(nodeCOMMA_ESCAPE contextCOMMA_ESCAPE params)NEWLINE_ESCAPE           ^^^^^^^^^^^^^^^^^^^^^^^^^^^^^^^^^^^^^NEWLINE_ESCAPE   File "/home/ronconi/Projects/ibis-renoir-compiler/.venv3.11/lib/python3.11/site-packages/ibis/backends/base/sql/compiler/query_builder.py"COMMA_ESCAPE line 622COMMA_ESCAPE in to_sqlNEWLINE_ESCAPE    return cls.to_ast(nodeCOMMA_ESCAPE context).queries[0].compile()NEWLINE_ESCAPE           ^^^^^^^^^^^^^^^^^^^^^^^^^^^^^^^^^^^^^^^^^^^^^^NEWLINE_ESCAPE   File "/home/ronconi/Projects/ibis-renoir-compiler/.venv3.11/lib/python3.11/site-packages/ibis/backends/base/sql/compiler/query_builder.py"COMMA_ESCAPE line 269COMMA_ESCAPE in compileNEWLINE_ESCAPE    select_frag = self.format_select_set()NEWLINE_ESCAPE                  ^^^^^^^^^^^^^^^^^^^^^^^^NEWLINE_ESCAPE   File "/home/ronconi/Projects/ibis-renoir-compiler/.venv3.11/lib/python3.11/site-packages/ibis/backends/base/sql/compiler/query_builder.py"COMMA_ESCAPE line 324COMMA_ESCAPE in format_select_setNEWLINE_ESCAPE    expr_str = self._translate(nodeCOMMA_ESCAPE named=TrueCOMMA_ESCAPE permit_subquery=True)NEWLINE_ESCAPE               ^^^^^^^^^^^^^^^^^^^^^^^^^^^^^^^^^^^^^^^^^^^^^^^^^^^^^^^NEWLINE_ESCAPE   File "/home/ronconi/Projects/ibis-renoir-compiler/.venv3.11/lib/python3.11/site-packages/ibis/backends/base/sql/compiler/query_builder.py"COMMA_ESCAPE line 239COMMA_ESCAPE in _translateNEWLINE_ESCAPE    return translator.get_result()NEWLINE_ESCAPE           ^^^^^^^^^^^^^^^^^^^^^^^NEWLINE_ESCAPE   File "/home/ronconi/Projects/ibis-renoir-compiler/.venv3.11/lib/python3.11/site-packages/ibis/backends/base/sql/compiler/translator.py"COMMA_ESCAPE line 224COMMA_ESCAPE in get_resultNEWLINE_ESCAPE    translated = self.translate(self.node)NEWLINE_ESCAPE                 ^^^^^^^^^^^^^^^^^^^^^^^^^NEWLINE_ESCAPE   File "/home/ronconi/Projects/ibis-renoir-compiler/.venv3.11/lib/python3.11/site-packages/ibis/backends/base/sql/compiler/translator.py"COMMA_ESCAPE line 256COMMA_ESCAPE in translateNEWLINE_ESCAPE    return formatter(selfCOMMA_ESCAPE op)NEWLINE_ESCAPE           ^^^^^^^^^^^^^^^^^^^NEWLINE_ESCAPE   File "/home/ronconi/Projects/ibis-renoir-compiler/.venv3.11/lib/python3.11/site-packages/ibis/backends/base/sql/registry/main.py"COMMA_ESCAPE line 23COMMA_ESCAPE in aliasNEWLINE_ESCAPE    return translator.translate(op.arg)NEWLINE_ESCAPE           ^^^^^^^^^^^^^^^^^^^^^^^^^^^^NEWLINE_ESCAPE   File "/home/ronconi/Projects/ibis-renoir-compiler/.venv3.11/lib/python3.11/site-packages/ibis/backends/base/sql/compiler/translator.py"COMMA_ESCAPE line 256COMMA_ESCAPE in translateNEWLINE_ESCAPE    return formatter(selfCOMMA_ESCAPE op)NEWLINE_ESCAPE           ^^^^^^^^^^^^^^^^^^^NEWLINE_ESCAPE   File "/home/ronconi/Projects/ibis-renoir-compiler/.venv3.11/lib/python3.11/site-packages/ibis/backends/flink/registry.py"COMMA_ESCAPE line 226COMMA_ESCAPE in _windowNEWLINE_ESCAPE    raise com.UnsupportedOperationError(NEWLINE_ESCAPE ibis.common.exceptions.UnsupportedOperationError: Flink engine does not support generic window clause with no order byNEWLINE_ESCAPE
INFO,2024-08-13 11:40:30.772,test_nexmark_query_6,renoir,-1,4.710349299944937,4.191618211101741,0.4905323530547321,-1,1443.45703125,Scenario4,None
INFO,2024-08-13 11:40:35.701,test_nexmark_query_6,renoir,0,4.717983319889754,4.190068693365902,0.5023958859965205,-1,1505.28515625,Scenario4,None
INFO,2024-08-13 11:40:40.661,test_nexmark_query_6,renoir,1,4.74937335588038,4.230553003028035,0.49431710923090577,-1,1500.19140625,Scenario4,None
INFO,2024-08-13 11:40:45.673,test_nexmark_query_6,renoir,2,4.8017260492779315,4.284943236038089,0.4922715430147946,-1,1393.25,Scenario4,None
INFO,2024-08-13 11:40:50.733,test_nexmark_query_6,renoir,3,4.847946452908218,4.328094410710037,0.49509514309465885,-1,1517.01953125,Scenario4,None
INFO,2024-08-13 11:40:55.817,test_nexmark_query_6,renoir,4,4.873840424232185,4.3559609008952975,0.4931329973042011,-1,1494.83984375,Scenario4,None
INFO,2024-08-13 11:41:04.296,test_tpc_h_query_1,duckdb,-1,6.770264101214707,-1,-1,-1,608.51953125,Scenario4,None
INFO,2024-08-13 11:41:05.653,test_tpc_h_query_1,duckdb,0,0.7685345760546625,-1,-1,-1,552.53515625,Scenario4,None
INFO,2024-08-13 11:41:06.984,test_tpc_h_query_1,duckdb,1,0.7750918380916119,-1,-1,-1,607.42578125,Scenario4,None
INFO,2024-08-13 11:41:08.327,test_tpc_h_query_1,duckdb,2,0.7820631018839777,-1,-1,-1,576.578125,Scenario4,None
INFO,2024-08-13 11:41:09.655,test_tpc_h_query_1,duckdb,3,0.7740144138224423,-1,-1,-1,638.99609375,Scenario4,None
INFO,2024-08-13 11:41:10.986,test_tpc_h_query_1,duckdb,4,0.7741411002352834,-1,-1,-1,665.58203125,Scenario4,None
INFO,2024-08-13 11:41:12.386,test_tpc_h_query_1,polars,-1,1.341735146008432,-1,-1,-1,2043.76171875,Scenario4,None
INFO,2024-08-13 11:41:14.878,test_tpc_h_query_1,polars,0,2.4872423871420324,-1,-1,-1,2416.72265625,Scenario4,None
INFO,2024-08-13 11:41:16.170,test_tpc_h_query_1,polars,1,1.2877287096343935,-1,-1,-1,2544.79296875,Scenario4,None
INFO,2024-08-13 11:41:17.069,test_tpc_h_query_1,polars,2,0.8958264291286469,-1,-1,-1,2624.4140625,Scenario4,None
INFO,2024-08-13 11:41:17.934,test_tpc_h_query_1,polars,3,0.860957691911608,-1,-1,-1,2658.546875,Scenario4,None
INFO,2024-08-13 11:41:18.844,test_tpc_h_query_1,polars,4,0.9054158660583198,-1,-1,-1,2664.30859375,Scenario4,None
INFO,2024-08-13 11:42:37.919,test_tpc_h_query_1,flink,-1,75.54464376484975,-1,-1,-1,2613.703125,Scenario4,None
INFO,2024-08-13 11:43:51.162,test_tpc_h_query_1,flink,0,71.2814163947478,-1,-1,-1,2630.05078125,Scenario4,None
INFO,2024-08-13 11:45:03.945,test_tpc_h_query_1,flink,1,70.75707480311394,-1,-1,-1,2632.703125,Scenario4,None
INFO,2024-08-13 11:46:16.821,test_tpc_h_query_1,flink,2,70.82807012507692,-1,-1,-1,2637.21484375,Scenario4,None
INFO,2024-08-13 11:47:29.637,test_tpc_h_query_1,flink,3,70.69905445817858,-1,-1,-1,2667.82421875,Scenario4,None
INFO,2024-08-13 11:48:42.254,test_tpc_h_query_1,flink,4,70.4875208651647,-1,-1,-1,2682.96484375,Scenario4,None
INFO,2024-08-13 11:48:47.785,test_tpc_h_query_1,renoir,-1,4.96837023505941,3.4782490921206772,1.4549164068885148,-1,3132.23828125,Scenario4,None
INFO,2024-08-13 11:48:51.735,test_tpc_h_query_1,renoir,0,3.396728790830821,1.8969263057224452,1.4653053069487214,-1,3105.7734375,Scenario4,None
INFO,2024-08-13 11:48:55.733,test_tpc_h_query_1,renoir,1,3.4435443528927863,1.9188662613742054,1.4902372038923204,-1,3132.03125,Scenario4,None
INFO,2024-08-13 11:48:59.718,test_tpc_h_query_1,renoir,2,3.4145084507763386,1.8887593052349985,1.4908976778388023,-1,3109.78125,Scenario4,None
INFO,2024-08-13 11:49:03.773,test_tpc_h_query_1,renoir,3,3.496628446970135,1.8991580130532384,1.561734490096569,-1,3116.11328125,Scenario4,None
INFO,2024-08-13 11:49:07.840,test_tpc_h_query_1,renoir,4,3.508383982349187,1.9298775070346892,1.543402920011431,-1,3115.10546875,Scenario4,None
INFO,2024-08-13 11:49:09.126,test_tpc_h_query_6,duckdb,-1,0.7239271821454167,-1,-1,-1,2846.0390625,Scenario4,None
INFO,2024-08-13 11:49:10.414,test_tpc_h_query_6,duckdb,0,0.730594590306282,-1,-1,-1,2858.91796875,Scenario4,None
INFO,2024-08-13 11:49:11.693,test_tpc_h_query_6,duckdb,1,0.7243326823227108,-1,-1,-1,2851.9921875,Scenario4,None
INFO,2024-08-13 11:49:12.970,test_tpc_h_query_6,duckdb,2,0.7228407659567893,-1,-1,-1,2890.53125,Scenario4,None
INFO,2024-08-13 11:49:14.231,test_tpc_h_query_6,duckdb,3,0.7049238728359342,-1,-1,-1,2887.46875,Scenario4,None
INFO,2024-08-13 11:49:15.498,test_tpc_h_query_6,duckdb,4,0.7141916588880122,-1,-1,-1,2906.140625,Scenario4,None
INFO,2024-08-13 11:49:15.872,test_tpc_h_query_6,polars,-1,0.3692963793873787,-1,-1,-1,3393.96484375,Scenario4,None
INFO,2024-08-13 11:49:16.232,test_tpc_h_query_6,polars,0,0.34771078918129206,-1,-1,-1,3294.51953125,Scenario4,None
INFO,2024-08-13 11:49:16.528,test_tpc_h_query_6,polars,1,0.2920997692272067,-1,-1,-1,3313.8359375,Scenario4,None
INFO,2024-08-13 11:49:16.821,test_tpc_h_query_6,polars,2,0.2891712342388928,-1,-1,-1,3266.453125,Scenario4,None
INFO,2024-08-13 11:49:17.116,test_tpc_h_query_6,polars,3,0.2905526547692716,-1,-1,-1,3269.5390625,Scenario4,None
INFO,2024-08-13 11:49:17.411,test_tpc_h_query_6,polars,4,0.29036337276920676,-1,-1,-1,3256.10546875,Scenario4,None
INFO,2024-08-13 11:49:27.726,test_tpc_h_query_6,flink,-1,8.019195697270334,-1,-1,-1,2572.83984375,Scenario4,None
INFO,2024-08-13 11:49:37.946,test_tpc_h_query_6,flink,0,7.869983267039061,-1,-1,-1,2586.8125,Scenario4,None
INFO,2024-08-13 11:49:48.122,test_tpc_h_query_6,flink,1,7.886134033091366,-1,-1,-1,2585.20703125,Scenario4,None
INFO,2024-08-13 11:49:58.245,test_tpc_h_query_6,flink,2,7.701825062278658,-1,-1,-1,2586.48828125,Scenario4,None
INFO,2024-08-13 11:50:08.622,test_tpc_h_query_6,flink,3,7.958387419115752,-1,-1,-1,2587.03125,Scenario4,None
INFO,2024-08-13 11:50:18.987,test_tpc_h_query_6,flink,4,7.709941156208515,-1,-1,-1,2593.86328125,Scenario4,None
INFO,2024-08-13 11:50:22.588,test_tpc_h_query_6,renoir,-1,2.9464689469896257,1.7455171709880233,1.1673664227128029,-1,2954.3984375,Scenario4,None
INFO,2024-08-13 11:50:26.120,test_tpc_h_query_6,renoir,0,2.907974048051983,1.7112797927111387,1.1626745890825987,-1,2959.5546875,Scenario4,None
INFO,2024-08-13 11:50:29.712,test_tpc_h_query_6,renoir,1,2.9403022369369864,1.741497553884983,1.1645937720313668,-1,2958.34375,Scenario4,None
INFO,2024-08-13 11:50:33.287,test_tpc_h_query_6,renoir,2,2.958487678784877,1.7576890639029443,1.1667403099127114,-1,2958.94921875,Scenario4,None
INFO,2024-08-13 11:50:36.886,test_tpc_h_query_6,renoir,3,2.9545106068253517,1.7588793719187379,1.1617605271749198,-1,2959.01953125,Scenario4,None
INFO,2024-08-13 11:50:40.488,test_tpc_h_query_6,renoir,4,2.953900600783527,1.7582012289203703,1.1611334537155926,-1,2964.42578125,Scenario4,None
