{
  "results": [
    {
      "command": "python3 ../ibis-renoir-compiler test.test_operators.TestNullableOperators.test_nullable_filter_select --backend renoir --path_suffix _10000000",
      "mean": 2.629844620279999,
      "stddev": 0.05090326242289409,
      "median": 2.64539961958,
      "user": 7.03164354,
      "system": 1.0149202999999998,
      "min": 2.52431871058,
      "max": 2.69938155758,
      "times": [
        2.69938155758,
        2.66022295158,
        2.52431871058,
        2.66930305458,
        2.6473849495799997,
        2.64341428958,
        2.56943175858,
        2.62265790658,
        2.6495055435799997,
        2.61282548058
      ],
      "exit_codes": [
        0,
        0,
        0,
        0,
        0,
        0,
        0,
        0,
        0,
        0
      ]
    },
    {
      "command": "python3 ../ibis-renoir-compiler test.test_operators.TestNullableOperators.test_nullable_filter_select --backend duckdb --path_suffix _10000000",
      "mean": 1.65403229758,
      "stddev": 0.03605676587221205,
      "median": 1.6480543190799999,
      "user": 1.68286084,
      "system": 0.8662032999999999,
      "min": 1.5962027885799999,
      "max": 1.73073304658,
      "times": [
        1.6463053205799998,
        1.5962027885799999,
        1.64911945458,
        1.73073304658,
        1.64698918358,
        1.61588015258,
        1.6785166135799998,
        1.64693473158,
        1.66579035158,
        1.66385133258
      ],
      "exit_codes": [
        0,
        0,
        0,
        0,
        0,
        0,
        0,
        0,
        0,
        0
      ]
    }
  ]
}
