{
  "results": [
    {
      "command": "python3 ../ibis-renoir-compiler test.test_operators.TestNullableOperators.test_nullable_filter_group_select --backend renoir --path_suffix _100000000",
      "mean": 9.149887133479998,
      "stddev": 0.36701949277708595,
      "median": 9.089343317880001,
      "user": 51.294158200000005,
      "system": 1.93863576,
      "min": 8.79213598188,
      "max": 10.095053674879999,
      "times": [
        9.13320226888,
        8.975313050879999,
        10.095053674879999,
        8.89073975288,
        9.09075468488,
        8.92621925488,
        9.08793195088,
        9.16964575988,
        9.33787495488,
        8.79213598188
      ],
      "exit_codes": [
        0,
        0,
        0,
        0,
        0,
        0,
        0,
        0,
        0,
        0
      ]
    }
  ]
}
