{
  "results": [
    {
      "command": "python3 ../ibis-renoir-compiler test.test_operators.TestNullableOperators.test_nullable_filter_group_select --backend polars --path_suffix _100000000",
      "mean": 3.29779690078,
      "stddev": 0.22189121567278394,
      "median": 3.25086283178,
      "user": 12.918595620000001,
      "system": 2.4832312800000005,
      "min": 3.0712975227799997,
      "max": 3.6591623317799997,
      "times": [
        3.58251600478,
        3.31285677778,
        3.6591623317799997,
        3.53023898278,
        3.3188193717799996,
        3.07827587678,
        3.18886888578,
        3.09874710278,
        3.13718615078,
        3.0712975227799997
      ],
      "exit_codes": [
        0,
        0,
        0,
        0,
        0,
        0,
        0,
        0,
        0,
        0
      ]
    }
  ]
}
