{
  "results": [
    {
      "command": "python3 ../ibis-renoir-compiler test.test_operators.TestNullableOperators.test_nullable_filter_filter_select_select --backend flink --path_suffix _100000000",
      "mean": 10.989082037720001,
      "stddev": 0.23881350631029624,
      "median": 10.932064006120001,
      "user": 9.030985059999997,
      "system": 2.0525526600000004,
      "min": 10.72651609062,
      "max": 11.448717960620002,
      "times": [
        10.82673307862,
        11.448717960620002,
        10.72651609062,
        10.981645702620002,
        10.853893453620001,
        10.95552220062,
        10.73598606562,
        11.18242595162,
        10.908605811620001,
        11.270774061620001
      ],
      "exit_codes": [
        0,
        0,
        0,
        0,
        0,
        0,
        0,
        0,
        0,
        0
      ]
    }
  ]
}
