{
  "results": [
    {
      "command": "python3 ../ibis-renoir-compiler test.test_operators.TestNullableOperators.test_nullable_filter_group_mutate --backend duckdb --path_suffix _100000000",
      "mean": 3.21927335868,
      "stddev": 0.11689993563743221,
      "median": 3.17793799548,
      "user": 12.954259919999998,
      "system": 2.47578682,
      "min": 3.0985596829800004,
      "max": 3.44595438698,
      "times": [
        3.14658341798,
        3.1439734459800004,
        3.1631583249800004,
        3.3789589609800004,
        3.19271766598,
        3.44595438698,
        3.2967720819800004,
        3.0985596829800004,
        3.20989784798,
        3.11615777098
      ],
      "exit_codes": [
        0,
        0,
        0,
        0,
        0,
        0,
        0,
        0,
        0,
        0
      ]
    }
  ]
}
