{
  "results": [
    {
      "command": "python3 ../ibis-renoir-compiler test.test_operators.TestNullableOperators.test_nullable_filter_reduce --backend polars --path_suffix _100000000",
      "mean": 3.1842382785199996,
      "stddev": 0.0948722305910572,
      "median": 3.16111792232,
      "user": 12.71209456,
      "system": 2.48638834,
      "min": 3.09176493582,
      "max": 3.35330897482,
      "times": [
        3.09176493582,
        3.12411654282,
        3.1518336428200002,
        3.12654452182,
        3.35330897482,
        3.19541632382,
        3.17040220182,
        3.09984719982,
        3.35269692382,
        3.1764515178200003
      ],
      "exit_codes": [
        0,
        0,
        0,
        0,
        0,
        0,
        0,
        0,
        0,
        0
      ]
    }
  ]
}
