{
  "results": [
    {
      "command": "python3 ../ibis-renoir-compiler test.test_operators.TestNullableOperators.test_nullable_filter_group_mutate --backend polars --path_suffix _100000000",
      "mean": 3.22955941854,
      "stddev": 0.0691218103945875,
      "median": 3.2051471941400003,
      "user": 12.837912200000002,
      "system": 2.5193702399999998,
      "min": 3.16135430414,
      "max": 3.36284529514,
      "times": [
        3.2142585771400003,
        3.1960358111400002,
        3.36284529514,
        3.21985956914,
        3.18951901814,
        3.34850314514,
        3.2257745571400003,
        3.19264359314,
        3.18480031514,
        3.16135430414
      ],
      "exit_codes": [
        0,
        0,
        0,
        0,
        0,
        0,
        0,
        0,
        0,
        0
      ]
    }
  ]
}
