{
  "results": [
    {
      "command": "python3 ../ibis-renoir-compiler test.test_operators.TestNullableOperators.test_nullable_filter_group_select --backend duckdb --path_suffix _100000000",
      "mean": 3.21034259032,
      "stddev": 0.09865782930194295,
      "median": 3.2060764959199997,
      "user": 12.938363399999997,
      "system": 2.4397138,
      "min": 3.0784888379199997,
      "max": 3.38869404692,
      "times": [
        3.1578620529199997,
        3.24443647692,
        3.32533484492,
        3.26078257092,
        3.0784888379199997,
        3.2003800239199998,
        3.09039811692,
        3.14527596392,
        3.21177296792,
        3.38869404692
      ],
      "exit_codes": [
        0,
        0,
        0,
        0,
        0,
        0,
        0,
        0,
        0,
        0
      ]
    }
  ]
}
