{
  "results": [
    {
      "command": "python3 ../ibis-renoir-compiler test.test_operators.TestNullableOperators.test_nullable_filter_group_mutate --backend renoir --path_suffix _100000000",
      "mean": 9.243067828580001,
      "stddev": 0.383297910514412,
      "median": 9.11358188948,
      "user": 51.29004824,
      "system": 1.9427194599999997,
      "min": 8.541625445480001,
      "max": 9.80829031148,
      "times": [
        8.541625445480001,
        9.80829031148,
        9.73338270848,
        9.122611515480001,
        9.32795496748,
        9.049841265480001,
        9.04673014748,
        9.10455226348,
        9.604365296480001,
        9.09132436448
      ],
      "exit_codes": [
        0,
        0,
        0,
        0,
        0,
        0,
        0,
        0,
        0,
        0
      ]
    }
  ]
}
