{
  "results": [
    {
      "command": "python3 ../ibis-renoir-compiler test.test_operators.TestNullableOperators.test_nullable_filter_reduce --backend renoir --path_suffix _100000000",
      "mean": 9.3320760725,
      "stddev": 0.5194739140463819,
      "median": 9.164772364400001,
      "user": 50.49234611999999,
      "system": 2.14880938,
      "min": 8.725408737899999,
      "max": 10.2040434279,
      "times": [
        9.0227596149,
        8.725408737899999,
        10.0645186029,
        10.2040434279,
        8.8617295719,
        9.1463350179,
        9.8139780829,
        9.3630380039,
        8.935739953899999,
        9.1832097109
      ],
      "exit_codes": [
        0,
        0,
        0,
        0,
        0,
        0,
        0,
        0,
        0,
        0
      ]
    }
  ]
}
