{
  "results": [
    {
      "command": "python3 ../ibis-renoir-compiler test.test_operators.TestNullableOperators.test_nullable_filter_reduce --backend flink --path_suffix _100000000",
      "mean": 6.67008831864,
      "stddev": 2.313457780949026,
      "median": 5.949391760439999,
      "user": 13.937986519999999,
      "system": 2.6370964,
      "min": 5.6005242294399995,
      "max": 13.21947370244,
      "times": [
        13.21947370244,
        5.99296238144,
        6.3332496224399994,
        6.286793460439999,
        5.64754983044,
        5.80475928444,
        6.02539652544,
        5.88435301044,
        5.9058211394399995,
        5.6005242294399995
      ],
      "exit_codes": [
        0,
        0,
        0,
        0,
        0,
        0,
        0,
        0,
        0,
        0
      ]
    }
  ]
}
