{
  "results": [
    {
      "command": "python ../ibis-renoir-compiler test.test_nexmark.TestNexmark.test_nexmark_query_2 --backend renoir --path_suffix _10000",
      "mean": 2.04054140078,
      "stddev": 0.07406684694166096,
      "median": 2.0128853829800004,
      "user": 4.0361088800000005,
      "system": 0.8648780799999999,
      "min": 1.98208150598,
      "max": 2.22025365898,
      "times": [
        2.22025365898,
        2.0257619779800002,
        2.03689618998,
        2.10862405298,
        1.98208150598,
        2.05385544098,
        1.9963001469800001,
        2.00000878798,
        1.9849251359800002,
        1.99670710998
      ],
      "exit_codes": [
        0,
        0,
        0,
        0,
        0,
        0,
        0,
        0,
        0,
        0
      ]
    },
    {
      "command": "python ../ibis-renoir-compiler test.test_nexmark.TestNexmark.test_nexmark_query_2 --backend duckdb --path_suffix _10000",
      "mean": 0.8966766095799998,
      "stddev": 0.014154331992186322,
      "median": 0.8919194019800001,
      "user": 0.95935648,
      "system": 0.67176008,
      "min": 0.88404711098,
      "max": 0.92748712698,
      "times": [
        0.88430481398,
        0.91150438698,
        0.90454854998,
        0.8872285439800001,
        0.8938054629800001,
        0.88404711098,
        0.89003334098,
        0.92748712698,
        0.89791221298,
        0.8858945459800001
      ],
      "exit_codes": [
        0,
        0,
        0,
        0,
        0,
        0,
        0,
        0,
        0,
        0
      ]
    }
  ]
}
