{
  "results": [
    {
      "command": "python3 ../ibis-renoir-compiler test.test_operators.TestNullableOperators.test_nullable_filter_filter_select_select --backend renoir",
      "mean": 1.7511746152,
      "stddev": 0.06028986785408813,
      "median": 1.7267186488000001,
      "user": 3.6411602599999995,
      "system": 0.8889025,
      "min": 1.7123250363,
      "max": 1.9027695623,
      "times": [
        1.9027695623,
        1.7303119343000002,
        1.8051834343000002,
        1.7148096203,
        1.7330591503000001,
        1.7190686293,
        1.7231253633,
        1.7123250363,
        1.7569323503,
        1.7141610713000002
      ],
      "exit_codes": [
        0,
        0,
        0,
        0,
        0,
        0,
        0,
        0,
        0,
        0
      ]
    },
    {
      "command": "python3 ../ibis-renoir-compiler test.test_operators.TestNullableOperators.test_nullable_filter_filter_select_select --backend polars",
      "mean": 0.7727253392000001,
      "stddev": 0.03882083130944321,
      "median": 0.7839751398000001,
      "user": 0.9687653599999999,
      "system": 0.6547104,
      "min": 0.7202118203000001,
      "max": 0.8205134203000001,
      "times": [
        0.7202118203000001,
        0.7453593863000001,
        0.7960771923000001,
        0.8205134203000001,
        0.7374959463,
        0.7219934883000001,
        0.7718730873,
        0.8202544653000001,
        0.7970650853000001,
        0.7964095003000001
      ],
      "exit_codes": [
        0,
        0,
        0,
        0,
        0,
        0,
        0,
        0,
        0,
        0
      ]
    }
  ]
}
