{
  "results": [
    {
      "command": "python3 ../ibis-renoir-compiler test.test_operators.TestNullableOperators.test_nullable_filter_select --backend flink --path_suffix _100000000",
      "mean": 9.05150579438,
      "stddev": 0.11172164123252751,
      "median": 9.04525717918,
      "user": 8.03855882,
      "system": 1.3270247799999997,
      "min": 8.92009584368,
      "max": 9.26178491968,
      "times": [
        8.99896899368,
        8.92009584368,
        9.18026265768,
        8.95813197468,
        9.09346259768,
        8.95501739768,
        9.09499085268,
        9.09154536468,
        8.960797341680001,
        9.26178491968
      ],
      "exit_codes": [
        0,
        0,
        0,
        0,
        0,
        0,
        0,
        0,
        0,
        0
      ]
    }
  ]
}
