{
  "results": [
    {
      "command": "python3 ../ibis-renoir-compiler test.test_operators.TestNullableOperators.test_nullable_filter_select --backend renoir --path_suffix _100000000",
      "mean": 5.21148330226,
      "stddev": 0.03344901045508603,
      "median": 5.223415237559999,
      "user": 43.09241676,
      "system": 1.48587904,
      "min": 5.13991193656,
      "max": 5.248333854559999,
      "times": [
        5.23151995856,
        5.18424585656,
        5.21708518256,
        5.13991193656,
        5.23339527056,
        5.19045705856,
        5.248333854559999,
        5.19758376056,
        5.24255485156,
        5.22974529256
      ],
      "exit_codes": [
        0,
        0,
        0,
        0,
        0,
        0,
        0,
        0,
        0,
        0
      ]
    }
  ]
}
