{
  "results": [
    {
      "command": "python3 ../ibis-renoir-compiler test.test_operators.TestNullableOperators.test_nullable_filter_select --backend polars --path_suffix _100000000",
      "mean": 7.271079951019999,
      "stddev": 0.022503847424650815,
      "median": 7.2704081373200005,
      "user": 6.904395879999998,
      "system": 1.28831914,
      "min": 7.24348718282,
      "max": 7.31274920182,
      "times": [
        7.2758023648200005,
        7.259987354820001,
        7.2695032598200005,
        7.250115855820001,
        7.31274920182,
        7.292516148820001,
        7.24348718282,
        7.24541539582,
        7.2713130148200005,
        7.289909730820001
      ],
      "exit_codes": [
        0,
        0,
        0,
        0,
        0,
        0,
        0,
        0,
        0,
        0
      ]
    }
  ]
}
