{
  "results": [
    {
      "command": "python3 ../ibis-renoir-compiler test.test_operators.TestNullableOperators.test_nullable_filter_group_select --backend flink --path_suffix _100000000",
      "mean": 3.6562011736800004,
      "stddev": 0.05861638749215818,
      "median": 3.6697345428800006,
      "user": 12.27999488,
      "system": 1.45278314,
      "min": 3.55827334138,
      "max": 3.7494185043800003,
      "times": [
        3.6108391613800004,
        3.55827334138,
        3.71467390438,
        3.60315382938,
        3.6914504373800003,
        3.6704889943800003,
        3.6689800913800004,
        3.7494185043800003,
        3.6833303013800003,
        3.61140317138
      ],
      "exit_codes": [
        0,
        0,
        0,
        0,
        0,
        0,
        0,
        0,
        0,
        0
      ]
    }
  ]
}
