{
  "results": [
    {
      "command": "python3 ../ibis-renoir-compiler test.test_operators.TestNullableOperators.test_nullable_filter_reduce --backend renoir --path_suffix _100000000",
      "mean": 5.70962357194,
      "stddev": 0.028680933221884985,
      "median": 5.7023534180399995,
      "user": 47.35343035999999,
      "system": 1.5548143399999999,
      "min": 5.66066397154,
      "max": 5.76796362954,
      "times": [
        5.6998437825399995,
        5.73111577354,
        5.69948248354,
        5.70486305354,
        5.716238628539999,
        5.6941477015399995,
        5.76796362954,
        5.66066397154,
        5.693169719539999,
        5.72874697554
      ],
      "exit_codes": [
        0,
        0,
        0,
        0,
        0,
        0,
        0,
        0,
        0,
        0
      ]
    }
  ]
}
