{
  "results": [
    {
      "command": "python3 ../ibis-renoir-compiler test.test_operators.TestNullableOperators.test_nullable_filter_select --backend duckdb --path_suffix _100000000",
      "mean": 7.21954066978,
      "stddev": 0.04478372624916788,
      "median": 7.20681149488,
      "user": 6.852313580000001,
      "system": 1.2895821400000003,
      "min": 7.172705587379999,
      "max": 7.322452847379999,
      "times": [
        7.19622974038,
        7.27029210838,
        7.20793300238,
        7.322452847379999,
        7.21944757938,
        7.172705587379999,
        7.20151335038,
        7.2056899873799996,
        7.218246928379999,
        7.180895566379999
      ],
      "exit_codes": [
        0,
        0,
        0,
        0,
        0,
        0,
        0,
        0,
        0,
        0
      ]
    }
  ]
}
