{
  "results": [
    {
      "command": "python3 ../ibis-renoir-compiler test.test_operators.TestNullableOperators.test_nullable_filter_group_mutate_reduce --backend polars --path_suffix _100000000",
      "mean": 70.32589407014001,
      "stddev": 0.24726848150813013,
      "median": 70.35830021423999,
      "user": 105.90220889999998,
      "system": 13.616222679999998,
      "min": 69.83670742824,
      "max": 70.73893448824,
      "times": [
        70.38736515224001,
        70.40093783424,
        70.07958734624,
        69.83670742824,
        70.22046456224,
        70.35584573124,
        70.56447275624001,
        70.31387070524,
        70.36075469724,
        70.73893448824
      ],
      "exit_codes": [
        0,
        0,
        0,
        0,
        0,
        0,
        0,
        0,
        0,
        0
      ]
    }
  ]
}
