{
  "results": [
    {
      "command": "python3 ../ibis-renoir-compiler test.test_operators.TestNullableOperators.test_nullable_filter_reduce --backend renoir --path_suffix _100000000",
      "mean": 5.68483842678,
      "stddev": 0.024482350559492803,
      "median": 5.67515440038,
      "user": 47.22628482,
      "system": 1.5153546199999999,
      "min": 5.659956707879999,
      "max": 5.74303010388,
      "times": [
        5.664543678879999,
        5.6947217948799995,
        5.67483655788,
        5.669939792879999,
        5.672520137879999,
        5.659956707879999,
        5.70101437288,
        5.67547224288,
        5.69234887788,
        5.74303010388
      ],
      "exit_codes": [
        0,
        0,
        0,
        0,
        0,
        0,
        0,
        0,
        0,
        0
      ]
    },
    {
      "command": "python3 ../ibis-renoir-compiler test.test_operators.TestNullableOperators.test_nullable_filter_reduce --backend duckdb --path_suffix _100000000",
      "mean": 1.9628024171800003,
      "stddev": 0.012109918442703286,
      "median": 1.9606291988800002,
      "user": 13.29030492,
      "system": 1.44030902,
      "min": 1.95098483688,
      "max": 1.9914387398800002,
      "times": [
        1.9538975568800003,
        1.95398910888,
        1.95098483688,
        1.9540707728800002,
        1.96593282188,
        1.9603932288800001,
        1.9914387398800002,
        1.96328845788,
        1.97316347888,
        1.9608651688800003
      ],
      "exit_codes": [
        0,
        0,
        0,
        0,
        0,
        0,
        0,
        0,
        0,
        0
      ]
    }
  ]
}
