{
  "results": [
    {
      "command": "python3 ../ibis-renoir-compiler test.test_nexmark.TestNexmark.test_nexmark_query_4 --backend renoir --path_suffix _100000000",
      "mean": 56.89041235924001,
      "stddev": 0.8741780948405365,
      "median": 56.58260143374,
      "user": 508.99234788,
      "system": 34.14379004,
      "min": 55.99162313674,
      "max": 58.543342788740006,
      "times": [
        56.23963199074,
        58.376104361740005,
        56.98460076474,
        58.543342788740006,
        55.99162313674,
        56.767971917740006,
        56.429580565740004,
        56.42086747874,
        56.414778285740006,
        56.73562230174
      ],
      "exit_codes": [
        0,
        0,
        0,
        0,
        0,
        0,
        0,
        0,
        0,
        0
      ]
    },
    {
      "command": "python3 ../ibis-renoir-compiler test.test_nexmark.TestNexmark.test_nexmark_query_4 --backend polars --path_suffix _100000000",
      "mean": 6.644435453439999,
      "stddev": 0.033256594650654045,
      "median": 6.64231940174,
      "user": 52.98987118,
      "system": 5.0913080399999995,
      "min": 6.60442281774,
      "max": 6.70988578074,
      "times": [
        6.63776934774,
        6.64195853774,
        6.66407941574,
        6.67919702174,
        6.60442281774,
        6.644949072739999,
        6.60760445074,
        6.70988578074,
        6.64268026574,
        6.6118078237399995
      ],
      "exit_codes": [
        0,
        0,
        0,
        0,
        0,
        0,
        0,
        0,
        0,
        0
      ]
    }
  ]
}
