{
  "results": [
    {
      "command": "python3 ../ibis-renoir-compiler test.test_nexmark.TestNexmark.test_nexmark_query_1 --backend renoir --path_suffix _100000000",
      "mean": 9.351753165120002,
      "stddev": 0.027509597990976135,
      "median": 9.34213631102,
      "user": 88.41966755999998,
      "system": 3.28597552,
      "min": 9.31566990702,
      "max": 9.407188152020002,
      "times": [
        9.31566990702,
        9.33819875502,
        9.333880951020001,
        9.34593461202,
        9.407188152020002,
        9.328474958020001,
        9.338338010020001,
        9.36416964702,
        9.381017274020001,
        9.364659385020001
      ],
      "exit_codes": [
        0,
        0,
        0,
        0,
        0,
        0,
        0,
        0,
        0,
        0
      ]
    },
    {
      "command": "python3 ../ibis-renoir-compiler test.test_nexmark.TestNexmark.test_nexmark_query_1 --backend duckdb --path_suffix _100000000",
      "mean": 28.320674617719998,
      "stddev": 0.5577448645487226,
      "median": 28.55308204952,
      "user": 29.979832859999995,
      "system": 4.969088019999999,
      "min": 27.26726648702,
      "max": 28.74538826202,
      "times": [
        28.56060816202,
        28.47894932802,
        27.26726648702,
        28.74538826202,
        28.62840260702,
        28.46273184102,
        28.60446578902,
        27.279899547019998,
        28.63347821702,
        28.545555937019998
      ],
      "exit_codes": [
        0,
        0,
        0,
        0,
        0,
        0,
        0,
        0,
        0,
        0
      ]
    }
  ]
}
