{
  "results": [
    {
      "command": "python3 ../ibis-renoir-compiler test.test_nexmark.TestNexmark.test_nexmark_query_1 --backend renoir --path_suffix _100000000",
      "mean": 9.384490067320002,
      "stddev": 0.015851442277823438,
      "median": 9.38397492552,
      "user": 88.915366,
      "system": 3.26560304,
      "min": 9.35599775452,
      "max": 9.417648250520001,
      "times": [
        9.35599775452,
        9.37204129552,
        9.381126655520001,
        9.417648250520001,
        9.378637303520001,
        9.380371505520001,
        9.38914512352,
        9.39324319152,
        9.38986639752,
        9.386823195520002
      ],
      "exit_codes": [
        0,
        0,
        0,
        0,
        0,
        0,
        0,
        0,
        0,
        0
      ]
    },
    {
      "command": "python3 ../ibis-renoir-compiler test.test_nexmark.TestNexmark.test_nexmark_query_1 --backend polars --path_suffix _100000000",
      "mean": 28.79927152771999,
      "stddev": 0.7889565856854578,
      "median": 28.74367390652,
      "user": 27.5818917,
      "system": 5.152425040000001,
      "min": 27.62531047652,
      "max": 30.78966715952,
      "times": [
        28.62367623352,
        28.78710371852,
        28.61129682052,
        28.70378553052,
        28.783562282520002,
        28.89535360652,
        27.62531047652,
        28.37822501552,
        30.78966715952,
        28.794734433520002
      ],
      "exit_codes": [
        0,
        0,
        0,
        0,
        0,
        0,
        0,
        0,
        0,
        0
      ]
    }
  ]
}
