{
  "results": [
    {
      "command": "python3 ../ibis-renoir-compiler test.test_nexmark.TestNexmark.test_nexmark_query_2 --backend renoir --path_suffix _100000000",
      "mean": 9.23472311046,
      "stddev": 0.011852402998480687,
      "median": 9.236114389659999,
      "user": 86.82511314,
      "system": 3.3160472199999993,
      "min": 9.21570693016,
      "max": 9.250964049159998,
      "times": [
        9.244096063159999,
        9.221069196159998,
        9.23867118316,
        9.226789866159999,
        9.250964049159998,
        9.233557596159999,
        9.24947348316,
        9.22779627916,
        9.239106458159998,
        9.21570693016
      ],
      "exit_codes": [
        0,
        0,
        0,
        0,
        0,
        0,
        0,
        0,
        0,
        0
      ]
    },
    {
      "command": "python3 ../ibis-renoir-compiler test.test_nexmark.TestNexmark.test_nexmark_query_2 --backend polars --path_suffix _100000000",
      "mean": 20.16581251266,
      "stddev": 0.15821026469073352,
      "median": 20.11899695916,
      "user": 17.932521540000003,
      "system": 3.15614342,
      "min": 19.94150866616,
      "max": 20.44059799216,
      "times": [
        20.20960580716,
        19.94150866616,
        20.11369481616,
        20.41754236016,
        20.08903260616,
        20.18646485316,
        20.12429910216,
        20.44059799216,
        20.022127473159998,
        20.11325145016
      ],
      "exit_codes": [
        0,
        0,
        0,
        0,
        0,
        0,
        0,
        0,
        0,
        0
      ]
    }
  ]
}
