{
  "results": [
    {
      "command": "python3 ../ibis-renoir-compiler test.test_nexmark.TestNexmark.test_nexmark_query_3 --backend renoir --path_suffix _100000000",
      "mean": 6.9734920429,
      "stddev": 0.08471850886743863,
      "median": 6.9545464552,
      "user": 41.72066887999999,
      "system": 5.86676222,
      "min": 6.8562592087,
      "max": 7.1122499537,
      "times": [
        6.8982919737,
        7.0480813147,
        7.1122499537,
        6.9633023927,
        6.9011874737,
        7.0545268757,
        6.8562592087,
        6.9457905177,
        6.9156503497,
        7.0395803687
      ],
      "exit_codes": [
        0,
        0,
        0,
        0,
        0,
        0,
        0,
        0,
        0,
        0
      ]
    },
    {
      "command": "python3 ../ibis-renoir-compiler test.test_nexmark.TestNexmark.test_nexmark_query_3 --backend polars --path_suffix _100000000",
      "mean": 1.2183936705999998,
      "stddev": 0.003616780458966684,
      "median": 1.2177876997000001,
      "user": 1.9479824799999998,
      "system": 0.8542625199999998,
      "min": 1.2135237987,
      "max": 1.2248387817000002,
      "times": [
        1.2230103287,
        1.2135237987,
        1.2248387817000002,
        1.2177376717000001,
        1.2183643687,
        1.2144526647,
        1.2163024607000001,
        1.2211628397,
        1.2178377277,
        1.2167060637000002
      ],
      "exit_codes": [
        0,
        0,
        0,
        0,
        0,
        0,
        0,
        0,
        0,
        0
      ]
    }
  ]
}
