{
  "results": [
    {
      "command": "python3 ../ibis-renoir-compiler test.test_operators.TestNullableOperators.test_nullable_filter_reduce --backend flink --path_suffix _100000000",
      "mean": 3.6458720325000002,
      "stddev": 0.054517672892497926,
      "median": 3.6389882717999997,
      "user": 12.429311159999997,
      "system": 1.4632816,
      "min": 3.5795806443,
      "max": 3.7455972653000003,
      "times": [
        3.6010580353000003,
        3.6096599783000003,
        3.6372842003,
        3.6472944093,
        3.7455972653000003,
        3.6406923433,
        3.5795806443,
        3.5993114533000004,
        3.6751531323,
        3.7230888633
      ],
      "exit_codes": [
        0,
        0,
        0,
        0,
        0,
        0,
        0,
        0,
        0,
        0
      ]
    }
  ]
}
