{
  "results": [
    {
      "command": "python3 ../ibis-renoir-compiler test.test_operators.TestNullableOperators.test_nullable_filter_group_mutate_reduce --backend renoir --path_suffix _100000000",
      "mean": 24.199694486479995,
      "stddev": 0.12268257250296939,
      "median": 24.17576783318,
      "user": 225.60784998,
      "system": 15.489099259999998,
      "min": 24.05649301868,
      "max": 24.42568357568,
      "times": [
        24.324273223680002,
        24.42568357568,
        24.20671538868,
        24.14482027768,
        24.12116907568,
        24.27639205968,
        24.27483871068,
        24.067454567680002,
        24.099104966680002,
        24.05649301868
      ],
      "exit_codes": [
        0,
        0,
        0,
        0,
        0,
        0,
        0,
        0,
        0,
        0
      ]
    }
  ]
}
