{
  "results": [
    {
      "command": "python3 ../ibis-renoir-compiler test.test_operators.TestNullableOperators.test_nullable_filter_group_mutate --backend duckdb --path_suffix _100000000",
      "mean": 1.9966509437800002,
      "stddev": 0.018011052599857788,
      "median": 1.99119864728,
      "user": 13.30495244,
      "system": 1.4321770399999998,
      "min": 1.9739351412800001,
      "max": 2.03673478528,
      "times": [
        1.9739351412800001,
        1.98565505428,
        1.99078583828,
        1.99110963928,
        1.9792549212800001,
        2.00268660028,
        2.00930837828,
        2.03673478528,
        1.99128765528,
        2.00575142428
      ],
      "exit_codes": [
        0,
        0,
        0,
        0,
        0,
        0,
        0,
        0,
        0,
        0
      ]
    }
  ]
}
