{
  "results": [
    {
      "command": "python3 ../ibis-renoir-compiler test.test_operators.TestNullableOperators.test_nullable_group_reduce_group_reduce_join --backend polars --path_suffix _100000000",
      "mean": 23.28698134478,
      "stddev": 0.14118296547935805,
      "median": 23.27124240928,
      "user": 124.65784225999998,
      "system": 11.829855759999997,
      "min": 23.08631538278,
      "max": 23.57182180878,
      "times": [
        23.384519675780002,
        23.57182180878,
        23.235882944780002,
        23.245704046780002,
        23.36037390278,
        23.27675861778,
        23.343026893780003,
        23.26572620078,
        23.08631538278,
        23.099683973780003
      ],
      "exit_codes": [
        0,
        0,
        0,
        0,
        0,
        0,
        0,
        0,
        0,
        0
      ]
    }
  ]
}
