{
  "results": [
    {
      "command": "python3 ../ibis-renoir-compiler test.test_operators.TestNullableOperators.test_nullable_filter_group_select --backend renoir --path_suffix _100000000",
      "mean": 5.709328303120001,
      "stddev": 0.2449989207165134,
      "median": 5.85583003622,
      "user": 46.31587882,
      "system": 1.58781026,
      "min": 5.33957824972,
      "max": 5.8989244137200005,
      "times": [
        5.36117117972,
        5.36532698072,
        5.33957824972,
        5.8244052257200005,
        5.863839355720001,
        5.85685369072,
        5.8636171817200005,
        5.86476037172,
        5.8548063817200005,
        5.8989244137200005
      ],
      "exit_codes": [
        0,
        0,
        0,
        0,
        0,
        0,
        0,
        0,
        0,
        0
      ]
    }
  ]
}
