{
  "results": [
    {
      "command": "python3 ../ibis-renoir-compiler test.test_operators.TestNullableOperators.test_nullable_filter_group_mutate --backend polars --path_suffix _100000000",
      "mean": 2.0497698006799996,
      "stddev": 0.028374182651840742,
      "median": 2.04374055268,
      "user": 13.318608620000001,
      "system": 1.4187545400000001,
      "min": 2.02581571768,
      "max": 2.12635881168,
      "times": [
        2.05234145668,
        2.0414546476799997,
        2.04967136968,
        2.04351470068,
        2.03381216868,
        2.12635881168,
        2.02973543968,
        2.05102728968,
        2.04396640468,
        2.02581571768
      ],
      "exit_codes": [
        0,
        0,
        0,
        0,
        0,
        0,
        0,
        0,
        0,
        0
      ]
    }
  ]
}
