{
  "results": [
    {
      "command": "python3 ../ibis-renoir-compiler test.test_operators.TestNullableOperators.test_nullable_filter_reduce --backend duckdb --path_suffix _100000000",
      "mean": 2.00233579438,
      "stddev": 0.022822665448505558,
      "median": 1.9951198955800002,
      "user": 13.442630979999999,
      "system": 1.42358874,
      "min": 1.98076654758,
      "max": 2.05617801958,
      "times": [
        1.9965803885800002,
        2.0006947685800003,
        1.9933513605800002,
        1.9844876085800003,
        1.98076654758,
        1.99365940258,
        1.9873944705800002,
        2.05617801958,
        2.0265904955800003,
        2.00365488158
      ],
      "exit_codes": [
        0,
        0,
        0,
        0,
        0,
        0,
        0,
        0,
        0,
        0
      ]
    }
  ]
}
