{
  "results": [
    {
      "command": "python3 ../ibis-renoir-compiler test.test_operators.TestNullableOperators.test_nullable_group_reduce_group_reduce_join --backend renoir --path_suffix _100000000",
      "mean": 1478.3744473655602,
      "stddev": 1479.7004143843192,
      "median": 1139.7200993422598,
      "user": 593.48543788,
      "system": 235.44096862,
      "min": 330.52076324676,
      "max": 5267.15161063276,
      "times": [
        5267.15161063276,
        1478.88655298776,
        607.95902095776,
        2090.09266641776,
        917.2930775157599,
        330.52076324676,
        1941.69077779176,
        336.19067778076,
        1362.14712116876,
        451.81220515575995
      ],
      "exit_codes": [
        0,
        0,
        0,
        0,
        0,
        0,
        0,
        0,
        0,
        0
      ]
    }
  ]
}
