{
  "results": [
    {
      "command": "python3 ../ibis-renoir-compiler test.test_nexmark.TestNexmark.test_nexmark_query_6 --backend renoir --path_suffix _100000000",
      "mean": 56.522798912819994,
      "stddev": 0.17757555202020603,
      "median": 56.53711930992,
      "user": 512.2564159599999,
      "system": 36.27919922000001,
      "min": 56.20353855992,
      "max": 56.75149497692,
      "times": [
        56.44765101492,
        56.627148946919995,
        56.74043630592,
        56.20353855992,
        56.75149497692,
        56.30940494292,
        56.58290864592,
        56.491329973919996,
        56.623987576919994,
        56.450088183919995
      ],
      "exit_codes": [
        0,
        0,
        0,
        0,
        0,
        0,
        0,
        0,
        0,
        0
      ]
    },
    {
      "command": "python3 ../ibis-renoir-compiler test.test_nexmark.TestNexmark.test_nexmark_query_6 --backend polars --path_suffix _100000000",
      "mean": 7.19642275122,
      "stddev": 0.03947820403619401,
      "median": 7.179943593920001,
      "user": 55.523225159999996,
      "system": 5.626811119999999,
      "min": 7.136004846920001,
      "max": 7.2540664149200005,
      "times": [
        7.23120677092,
        7.16895741292,
        7.1843951849200005,
        7.21908359792,
        7.1754920029200004,
        7.1751838369200005,
        7.2540664149200005,
        7.24977924692,
        7.136004846920001,
        7.17005819692
      ],
      "exit_codes": [
        0,
        0,
        0,
        0,
        0,
        0,
        0,
        0,
        0,
        0
      ]
    }
  ]
}
