{
  "results": [
    {
      "command": "python3 ../ibis-renoir-compiler test.test_nexmark.TestNexmark.test_nexmark_query_6 --backend renoir --path_suffix _100000000",
      "mean": 56.52417950486,
      "stddev": 0.12380244085206961,
      "median": 56.54478369896,
      "user": 514.20843378,
      "system": 35.946596420000006,
      "min": 56.26946276046,
      "max": 56.67273064746,
      "times": [
        56.42465405446,
        56.56835141746,
        56.26946276046,
        56.55444729146,
        56.53512010646,
        56.67265016346,
        56.45687706446,
        56.47038932146,
        56.67273064746,
        56.61711222146
      ],
      "exit_codes": [
        0,
        0,
        0,
        0,
        0,
        0,
        0,
        0,
        0,
        0
      ]
    },
    {
      "command": "python3 ../ibis-renoir-compiler test.test_nexmark.TestNexmark.test_nexmark_query_6 --backend duckdb --path_suffix _100000000",
      "mean": 7.10163352406,
      "stddev": 0.04562172135554426,
      "median": 7.08740558846,
      "user": 55.381362579999994,
      "system": 5.5684076199999994,
      "min": 7.02573175046,
      "max": 7.18242577246,
      "times": [
        7.02573175046,
        7.15667579946,
        7.08910326146,
        7.18242577246,
        7.07670922046,
        7.0851333504600005,
        7.10258072146,
        7.13829305046,
        7.07397439846,
        7.0857079154600005
      ],
      "exit_codes": [
        0,
        0,
        0,
        0,
        0,
        0,
        0,
        0,
        0,
        0
      ]
    }
  ]
}
