{
  "results": [
    {
      "command": "python3 ../ibis-renoir-compiler test.test_operators.TestNullableOperators.test_nullable_filter_select --backend renoir --path_suffix _100000000",
      "mean": 5.150009194460001,
      "stddev": 0.02241251425123775,
      "median": 5.14342372536,
      "user": 42.8859103,
      "system": 1.4819731399999998,
      "min": 5.12628677186,
      "max": 5.183258660860001,
      "times": [
        5.183258660860001,
        5.13285508586,
        5.1274457488600005,
        5.148292386860001,
        5.175161920860001,
        5.15149563886,
        5.12628677186,
        5.13855506386,
        5.182249228860001,
        5.13449143786
      ],
      "exit_codes": [
        0,
        0,
        0,
        0,
        0,
        0,
        0,
        0,
        0,
        0
      ]
    },
    {
      "command": "python3 ../ibis-renoir-compiler test.test_operators.TestNullableOperators.test_nullable_filter_select --backend duckdb --path_suffix _100000000",
      "mean": 7.284605311760001,
      "stddev": 0.15154758996551276,
      "median": 7.22465206036,
      "user": 6.911515199999999,
      "system": 1.2941734399999998,
      "min": 7.148285870860001,
      "max": 7.63102064286,
      "times": [
        7.17371700586,
        7.16419140386,
        7.63102064286,
        7.3900910928600005,
        7.18253322386,
        7.31408479186,
        7.148285870860001,
        7.223540278860001,
        7.392824964860001,
        7.22576384186
      ],
      "exit_codes": [
        0,
        0,
        0,
        0,
        0,
        0,
        0,
        0,
        0,
        0
      ]
    }
  ]
}
