{
  "results": [
    {
      "command": "python3 ../ibis-renoir-compiler test.test_operators.TestNullableOperators.test_nullable_filter_group_mutate_reduce --backend renoir --path_suffix _100000000",
      "mean": 25.09274838952,
      "stddev": 2.2502004279142636,
      "median": 24.336035862019997,
      "user": 223.75228883999998,
      "system": 16.041560960000005,
      "min": 23.93472167102,
      "max": 31.40793585102,
      "times": [
        31.40793585102,
        24.49204786202,
        24.38087038102,
        24.46718433602,
        24.29117185002,
        24.29120134302,
        24.17902159402,
        24.14056623102,
        25.34276277602,
        23.93472167102
      ],
      "exit_codes": [
        0,
        0,
        0,
        0,
        0,
        0,
        0,
        0,
        0,
        0
      ]
    },
    {
      "command": "python3 ../ibis-renoir-compiler test.test_operators.TestNullableOperators.test_nullable_filter_group_mutate_reduce --backend duckdb --path_suffix _100000000",
      "mean": 70.54333739212001,
      "stddev": 0.5964987192927146,
      "median": 70.44213644151999,
      "user": 105.91158894,
      "system": 13.78733456,
      "min": 69.67405956501999,
      "max": 71.64219408301999,
      "times": [
        70.43859857801999,
        69.67405956501999,
        70.75346025002,
        70.10254395401999,
        70.72091427401999,
        71.64219408301999,
        70.44567430501999,
        70.15936393502,
        70.14943625901999,
        71.34712871801999
      ],
      "exit_codes": [
        0,
        0,
        0,
        0,
        0,
        0,
        0,
        0,
        0,
        0
      ]
    }
  ]
}
