{
  "results": [
    {
      "command": "python3 ../ibis-renoir-compiler test.test_operators.TestNullableOperators.test_nullable_filter_group_select --backend renoir --path_suffix _100000000",
      "mean": 5.66292390308,
      "stddev": 0.23858254360062348,
      "median": 5.80676993518,
      "user": 46.20454742,
      "system": 1.5360818799999998,
      "min": 5.31493328968,
      "max": 5.86272444268,
      "times": [
        5.31645392868,
        5.31493328968,
        5.34120050068,
        5.68663605468,
        5.82145630168,
        5.84732235868,
        5.82497228368,
        5.79282468468,
        5.86272444268,
        5.82071518568
      ],
      "exit_codes": [
        0,
        0,
        0,
        0,
        0,
        0,
        0,
        0,
        0,
        0
      ]
    },
    {
      "command": "python3 ../ibis-renoir-compiler test.test_operators.TestNullableOperators.test_nullable_filter_group_select --backend duckdb --path_suffix _100000000",
      "mean": 1.9677810690800002,
      "stddev": 0.02618728943640909,
      "median": 1.9593323841799999,
      "user": 13.413987420000002,
      "system": 1.4172134799999998,
      "min": 1.94494179968,
      "max": 2.02729242568,
      "times": [
        1.95701978268,
        2.00331114768,
        1.95924938768,
        1.9594153806799999,
        1.95104415568,
        1.94494179968,
        2.02729242568,
        1.95284816368,
        1.9622890436799998,
        1.9603994036799999
      ],
      "exit_codes": [
        0,
        0,
        0,
        0,
        0,
        0,
        0,
        0,
        0,
        0
      ]
    }
  ]
}
