{
  "results": [
    {
      "command": "/usr/bin/time -a -o log/7zeros_all_sola1_wmemo/memo_log.csv -f 'test_nullable_outer_join,flink,%e,%M,%U,%S,%x'         python3 ../ibis-renoir-compiler test.test_operators.TestNullableOperators.test_nullable_outer_join --backend flink --path_suffix _10000000",
      "mean": 45.075634177119994,
      "stddev": 0.8169406810055864,
      "median": 44.70327697842,
      "user": 48.30340108,
      "system": 2.63436456,
      "min": 44.311135795919995,
      "max": 46.496345303919995,
      "times": [
        44.396775733919995,
        44.80460722892,
        45.86984552392,
        44.311135795919995,
        44.62204087592,
        44.66111995392,
        44.556033533919994,
        44.74543400292,
        46.496345303919995,
        46.293003817919995
      ],
      "exit_codes": [
        0,
        0,
        0,
        0,
        0,
        0,
        0,
        0,
        0,
        0
      ]
    }
  ]
}
