{
  "results": [
    {
      "command": "/usr/bin/time -a -o log/7zeros_all_sola1_wmemo/memo_log.csv -f 'test_nexmark_query_6,duckdb,%e,%M,%U,%S,%x'         python3 ../ibis-renoir-compiler test.test_nexmark.TestNexmark.test_nexmark_query_6 --backend duckdb --path_suffix _10000000",
      "mean": 1.73702761272,
      "stddev": 0.01215995265644717,
      "median": 1.74042220262,
      "user": 5.893237940000001,
      "system": 1.3454530199999999,
      "min": 1.70662345062,
      "max": 1.7479653656200003,
      "times": [
        1.70662345062,
        1.73057451762,
        1.7438668076200001,
        1.7451383556200002,
        1.7319009086200001,
        1.7381765236200002,
        1.7455415116200002,
        1.73782080462,
        1.74266788162,
        1.7479653656200003
      ],
      "exit_codes": [
        0,
        0,
        0,
        0,
        0,
        0,
        0,
        0,
        0,
        0
      ]
    }
  ]
}
