{
  "results": [
    {
      "command": "/usr/bin/time -a -o log/7zeros_all_sola1_wmemo/memo_log.csv -f 'test_nullable_filter_reduce,polars,%e,%M,%U,%S,%x'         python3 ../ibis-renoir-compiler test.test_operators.TestNullableOperators.test_nullable_filter_reduce --backend polars --path_suffix _10000000",
      "mean": 1.0315535110799998,
      "stddev": 0.005969428378690772,
      "median": 1.02989886198,
      "user": 2.5711863,
      "system": 0.88115148,
      "min": 1.0246105804799999,
      "max": 1.0431521854799999,
      "times": [
        1.0431521854799999,
        1.02772120148,
        1.03574388648,
        1.0317018654799999,
        1.02650989148,
        1.02809585848,
        1.03176969048,
        1.0246105804799999,
        1.02748519948,
        1.03874475148
      ],
      "exit_codes": [
        0,
        0,
        0,
        0,
        0,
        0,
        0,
        0,
        0,
        0
      ]
    }
  ]
}
