{
  "results": [
    {
      "command": "/usr/bin/time -a -o log/7zeros_all_sola1_wmemo/memo_log.csv -f 'test_nullable_inner_join_select,renoir,%e,%M,%U,%S,%x'         python3 ../ibis-renoir-compiler test.test_operators.TestNullableOperators.test_nullable_inner_join_select --backend renoir --path_suffix _10000000",
      "mean": 4.15570834864,
      "stddev": 0.08544133694936665,
      "median": 4.19328822724,
      "user": 26.22422588,
      "system": 1.7519388,
      "min": 4.0241004587399996,
      "max": 4.27180788974,
      "times": [
        4.1158705287399995,
        4.04985394574,
        4.0241004587399996,
        4.0631855977399995,
        4.21272250674,
        4.20991554774,
        4.19402655874,
        4.22305055674,
        4.19254989574,
        4.27180788974
      ],
      "exit_codes": [
        0,
        0,
        0,
        0,
        0,
        0,
        0,
        0,
        0,
        0
      ]
    }
  ]
}
