{
  "results": [
    {
      "command": "/usr/bin/time -a -o log/7zeros_all_sola1_wmemo/memo_log.csv -f 'test_nullable_filter_group_mutate_reduce,polars,%e,%M,%U,%S,%x'         python3 ../ibis-renoir-compiler test.test_operators.TestNullableOperators.test_nullable_filter_group_mutate_reduce --backend polars --path_suffix _10000000",
      "mean": 7.47652435362,
      "stddev": 0.07845702621274175,
      "median": 7.448764839620001,
      "user": 11.72085202,
      "system": 1.8552770399999996,
      "min": 7.40718877012,
      "max": 7.67069748912,
      "times": [
        7.53244276812,
        7.50024443812,
        7.43163936312,
        7.47693095112,
        7.67069748912,
        7.41623034512,
        7.44348533612,
        7.40718877012,
        7.43233973212,
        7.4540443431200005
      ],
      "exit_codes": [
        0,
        0,
        0,
        0,
        0,
        0,
        0,
        0,
        0,
        0
      ]
    }
  ]
}
