{
  "results": [
    {
      "command": "/usr/bin/time -a -o log/7zeros_all_sola1_wmemo/memo_log.csv -f 'test_nullable_filter_select,polars,%e,%M,%U,%S,%x'         python3 ../ibis-renoir-compiler test.test_operators.TestNullableOperators.test_nullable_filter_select --backend polars --path_suffix _10000000",
      "mean": 1.7519729984399999,
      "stddev": 0.006506963206507903,
      "median": 1.7519165066399998,
      "user": 1.92559188,
      "system": 0.8363826799999998,
      "min": 1.74093688114,
      "max": 1.76707020514,
      "times": [
        1.75451448514,
        1.7521313321399998,
        1.74093688114,
        1.75308515614,
        1.75051510114,
        1.74810571214,
        1.75170168114,
        1.75222685714,
        1.76707020514,
        1.74944257314
      ],
      "exit_codes": [
        0,
        0,
        0,
        0,
        0,
        0,
        0,
        0,
        0,
        0
      ]
    }
  ]
}
