{
  "results": [
    {
      "command": "/usr/bin/time -a -o log/7zeros_all_sola1_wmemo/memo_log.csv -f 'test_nullable_join_group_reduce,renoir,%e,%M,%U,%S,%x'         python3 ../ibis-renoir-compiler test.test_operators.TestNullableOperators.test_nullable_join_group_reduce --backend renoir --path_suffix _10000000",
      "mean": 6.816227737539999,
      "stddev": 0.08529933255277998,
      "median": 6.836479758239999,
      "user": 49.4528572,
      "system": 3.7264511399999996,
      "min": 6.619937470239999,
      "max": 6.920125566239999,
      "times": [
        6.619937470239999,
        6.745174296239999,
        6.920125566239999,
        6.847501653239999,
        6.842273427239999,
        6.878751535239999,
        6.77779295824,
        6.82195320524,
        6.830686089239999,
        6.878081174239999
      ],
      "exit_codes": [
        0,
        0,
        0,
        0,
        0,
        0,
        0,
        0,
        0,
        0
      ]
    }
  ]
}
