{
  "results": [
    {
      "command": "/usr/bin/time -a -o log/7zeros_all_sola1_wmemo/memo_log.csv -f 'test_nullable_filter_reduce,flink,%e,%M,%U,%S,%x'         python3 ../ibis-renoir-compiler test.test_operators.TestNullableOperators.test_nullable_filter_reduce --backend flink --path_suffix _10000000",
      "mean": 2.71820675784,
      "stddev": 0.021548203156905515,
      "median": 2.71292590784,
      "user": 3.0382863799999997,
      "system": 0.9294434600000001,
      "min": 2.68704209134,
      "max": 2.7506822463400002,
      "times": [
        2.70870205134,
        2.71329032934,
        2.74835450734,
        2.7506822463400002,
        2.70624270734,
        2.69320880234,
        2.72980414534,
        2.68704209134,
        2.7125614863400003,
        2.73217921134
      ],
      "exit_codes": [
        0,
        0,
        0,
        0,
        0,
        0,
        0,
        0,
        0,
        0
      ]
    }
  ]
}
