{
  "results": [
    {
      "command": "/usr/bin/time -a -o log/7zeros_all_sola1_wmemo/memo_log.csv -f 'test_nullable_windowing_implicit_mean,renoir,%e,%M,%U,%S,%x'         python3 ../ibis-renoir-compiler test.test_operators.TestNullableOperators.test_nullable_windowing_implicit_mean --backend renoir --path_suffix _10000000",
      "mean": 6.328577129099999,
      "stddev": 0.1002251205585309,
      "median": 6.382663923899999,
      "user": 43.921613820000005,
      "system": 4.421655439999999,
      "min": 6.2065590149,
      "max": 6.4321869299,
      "times": [
        6.2065590149,
        6.2142945919,
        6.2170889359,
        6.2159973188999995,
        6.4032789399,
        6.4185913799,
        6.4321869299,
        6.4124463319,
        6.3776538788999995,
        6.3876739689
      ],
      "exit_codes": [
        0,
        0,
        0,
        0,
        0,
        0,
        0,
        0,
        0,
        0
      ]
    }
  ]
}
