{
  "results": [
    {
      "command": "/usr/bin/time -a -o log/7zeros_all_sola1_wmemo/memo_log.csv -f 'test_nullable_windowing_implicit_mean,polars,%e,%M,%U,%S,%x'         python3 ../ibis-renoir-compiler test.test_operators.TestNullableOperators.test_nullable_windowing_implicit_mean --backend polars --path_suffix _10000000",
      "mean": 5.0341646206799995,
      "stddev": 0.06328919070977107,
      "median": 5.02223364158,
      "user": 5.55529728,
      "system": 2.42013862,
      "min": 4.97367619108,
      "max": 5.19715419908,
      "times": [
        5.07067228208,
        4.98881984108,
        5.02741570908,
        4.97367619108,
        4.99873686008,
        5.03303461608,
        5.19715419908,
        5.01705157408,
        5.02956088008,
        5.00552405408
      ],
      "exit_codes": [
        0,
        0,
        0,
        0,
        0,
        0,
        0,
        0,
        0,
        0
      ]
    }
  ]
}
