{
  "results": [
    {
      "command": "/usr/bin/time -a -o log/7zeros_all_sola1_wmemo/memo_log.csv -f 'test_nullable_windowing_implicit_sum,renoir,%e,%M,%U,%S,%x'         python3 ../ibis-renoir-compiler test.test_operators.TestNullableOperators.test_nullable_windowing_implicit_sum --backend renoir --path_suffix _10000000",
      "mean": 6.179439070980001,
      "stddev": 0.0810072359342978,
      "median": 6.17933252838,
      "user": 42.52418899999999,
      "system": 4.168526979999999,
      "min": 6.08130571138,
      "max": 6.2837371393799994,
      "times": [
        6.11183732938,
        6.13426277538,
        6.08130571138,
        6.09181247938,
        6.10575277538,
        6.24162882838,
        6.26291190938,
        6.22440228138,
        6.256739480379999,
        6.2837371393799994
      ],
      "exit_codes": [
        0,
        0,
        0,
        0,
        0,
        0,
        0,
        0,
        0,
        0
      ]
    }
  ]
}
