{
  "results": [
    {
      "command": "/usr/bin/time -a -o log/7zeros_all_sola1_wmemo/memo_log.csv -f 'test_nullable_group_reduce_join_mutate,duckdb,%e,%M,%U,%S,%x'         python3 ../ibis-renoir-compiler test.test_operators.TestNullableOperators.test_nullable_group_reduce_join_mutate --backend duckdb --path_suffix _10000000",
      "mean": 2.49053850504,
      "stddev": 0.05130336774956247,
      "median": 2.47535128024,
      "user": 9.9521701,
      "system": 1.3952333599999995,
      "min": 2.44669352224,
      "max": 2.62294926724,
      "times": [
        2.50948751224,
        2.46869553924,
        2.44669352224,
        2.50986691724,
        2.4851243162400003,
        2.45085693624,
        2.4819198992400002,
        2.46878266124,
        2.62294926724,
        2.46100847924
      ],
      "exit_codes": [
        0,
        0,
        0,
        0,
        0,
        0,
        0,
        0,
        0,
        0
      ]
    }
  ]
}
