{
  "results": [
    {
      "command": "/usr/bin/time -a -o log/7zeros_all_sola1_wmemo/memo_log.csv -f 'test_nexmark_query_3,flink,%e,%M,%U,%S,%x'         python3 ../ibis-renoir-compiler test.test_nexmark.TestNexmark.test_nexmark_query_3 --backend flink --path_suffix _10000000",
      "mean": 2.9030955035800003,
      "stddev": 0.03279687778897734,
      "median": 2.88761953548,
      "user": 1.7863104000000003,
      "system": 0.9549568399999998,
      "min": 2.87079870348,
      "max": 2.9700615644800004,
      "times": [
        2.88606033248,
        2.9017536764800003,
        2.87079870348,
        2.88878362248,
        2.88645544848,
        2.9324016204800003,
        2.88445961848,
        2.9379943174800003,
        2.9700615644800004,
        2.87218613148
      ],
      "exit_codes": [
        0,
        0,
        0,
        0,
        0,
        0,
        0,
        0,
        0,
        0
      ]
    }
  ]
}
