{
  "results": [
    {
      "command": "/usr/bin/time -a -o log/7zeros_all_sola1_wmemo/memo_log.csv -f 'test_nullable_windowing_implicit_mean,duckdb,%e,%M,%U,%S,%x'         python3 ../ibis-renoir-compiler test.test_operators.TestNullableOperators.test_nullable_windowing_implicit_mean --backend duckdb --path_suffix _10000000",
      "mean": 4.953168724140001,
      "stddev": 0.033144355950156655,
      "median": 4.942426944639999,
      "user": 5.173503739999999,
      "system": 2.41577016,
      "min": 4.90772085414,
      "max": 5.02721588814,
      "times": [
        4.940645089139999,
        4.94038630114,
        4.98039236514,
        5.02721588814,
        4.90772085414,
        4.94403979514,
        4.97350209814,
        4.940814094139999,
        4.94839657314,
        4.928574183139999
      ],
      "exit_codes": [
        0,
        0,
        0,
        0,
        0,
        0,
        0,
        0,
        0,
        0
      ]
    }
  ]
}
