{
  "results": [
    {
      "command": "/usr/bin/time -a -o log/7zeros_all_sola1_wmemo/memo_log.csv -f 'test_nullable_filter_group_select,duckdb,%e,%M,%U,%S,%x'         python3 ../ibis-renoir-compiler test.test_operators.TestNullableOperators.test_nullable_filter_group_select --backend duckdb --path_suffix _10000000",
      "mean": 0.9884142243399999,
      "stddev": 0.005562725107904898,
      "median": 0.98888217894,
      "user": 2.54684918,
      "system": 0.8656028599999999,
      "min": 0.97985407844,
      "max": 0.99535889044,
      "times": [
        0.97985407844,
        0.98733912744,
        0.99359942144,
        0.99535889044,
        0.98683686944,
        0.99442696344,
        0.99042523044,
        0.9826921764400001,
        0.99172107744,
        0.98188840844
      ],
      "exit_codes": [
        0,
        0,
        0,
        0,
        0,
        0,
        0,
        0,
        0,
        0
      ]
    }
  ]
}
