{
  "results": [
    {
      "command": "/usr/bin/time -a -o log/7zeros_all_sola1_wmemo/memo_log.csv -f 'test_nullable_windowing_explicit_window_far,duckdb,%e,%M,%U,%S,%x'         python3 ../ibis-renoir-compiler test.test_operators.TestNullableOperators.test_nullable_windowing_explicit_window_far --backend duckdb --path_suffix _10000000",
      "mean": 5.155770291740001,
      "stddev": 0.05143968723783272,
      "median": 5.13604437964,
      "user": 7.083826199999999,
      "system": 4.21229716,
      "min": 5.11109214214,
      "max": 5.26622804214,
      "times": [
        5.127747660140001,
        5.16550420314,
        5.13980668914,
        5.147694325140001,
        5.26622804214,
        5.22814187214,
        5.1322820701400005,
        5.1220269941400005,
        5.11109214214,
        5.117178919140001
      ],
      "exit_codes": [
        0,
        0,
        0,
        0,
        0,
        0,
        0,
        0,
        0,
        0
      ]
    }
  ]
}
