{
  "results": [
    {
      "command": "/usr/bin/time -a -o log/7zeros_all_sola1_wmemo/memo_log.csv -f 'test_nullable_left_join,flink,%e,%M,%U,%S,%x'         python3 ../ibis-renoir-compiler test.test_operators.TestNullableOperators.test_nullable_left_join --backend flink --path_suffix _10000000",
      "mean": 15.000613886879998,
      "stddev": 0.3130560482963011,
      "median": 14.86081570398,
      "user": 18.587002,
      "system": 1.8209180000000003,
      "min": 14.70499689198,
      "max": 15.56224905398,
      "times": [
        15.48909362498,
        14.82142000198,
        14.76767797798,
        15.56224905398,
        14.882275009979999,
        15.25155156698,
        14.86019566098,
        14.80524333298,
        14.70499689198,
        14.86143574698
      ],
      "exit_codes": [
        0,
        0,
        0,
        0,
        0,
        0,
        0,
        0,
        0,
        0
      ]
    }
  ]
}
