{
  "results": [
    {
      "command": "/usr/bin/time -a -o log/7zeros_all_sola1_wmemo/memo_log.csv -f 'test_nullable_outer_join,polars,%e,%M,%U,%S,%x'         python3 ../ibis-renoir-compiler test.test_operators.TestNullableOperators.test_nullable_outer_join --backend polars --path_suffix _10000000",
      "mean": 42.59308605046,
      "stddev": 0.5190240346082222,
      "median": 42.54308907146,
      "user": 47.0412466,
      "system": 2.5006019999999998,
      "min": 41.85666300246,
      "max": 43.68610006846,
      "times": [
        43.68610006846,
        42.80187903246,
        42.44082360646,
        42.77018335246,
        42.34065389046,
        42.12705532746,
        41.85666300246,
        43.02018077146,
        42.24196691646,
        42.64535453646
      ],
      "exit_codes": [
        0,
        0,
        0,
        0,
        0,
        0,
        0,
        0,
        0,
        0
      ]
    }
  ]
}
