{
  "results": [
    {
      "command": "/usr/bin/time -a -o log/7zeros_all_sola1_wmemo/memo_log.csv -f 'test_nullable_join_group_reduce,polars,%e,%M,%U,%S,%x'         python3 ../ibis-renoir-compiler test.test_operators.TestNullableOperators.test_nullable_join_group_reduce --backend polars --path_suffix _10000000",
      "mean": 2.32274352134,
      "stddev": 0.021355649687534662,
      "median": 2.32141463414,
      "user": 10.2409461,
      "system": 1.39986772,
      "min": 2.28903078564,
      "max": 2.34831007264,
      "times": [
        2.2938696366399998,
        2.34831007264,
        2.33122550064,
        2.3214728076399997,
        2.34699925964,
        2.31312116864,
        2.34815812964,
        2.32135646064,
        2.31389139164,
        2.28903078564
      ],
      "exit_codes": [
        0,
        0,
        0,
        0,
        0,
        0,
        0,
        0,
        0,
        0
      ]
    }
  ]
}
