{
  "results": [
    {
      "command": "/usr/bin/time -a -o log/7zeros_all_sola1_wmemo/memo_log.csv -f 'test_nullable_filter_group_select,renoir,%e,%M,%U,%S,%x'         python3 ../ibis-renoir-compiler test.test_operators.TestNullableOperators.test_nullable_filter_group_select --backend renoir --path_suffix _10000000",
      "mean": 2.7693497219200003,
      "stddev": 0.017444049740928967,
      "median": 2.76371618272,
      "user": 13.713932779999999,
      "system": 1.0814640599999998,
      "min": 2.74890618672,
      "max": 2.80236656872,
      "times": [
        2.78338877372,
        2.7821430617200003,
        2.74890618672,
        2.76629100172,
        2.75890624972,
        2.75780951172,
        2.74996394172,
        2.78258055972,
        2.76114136372,
        2.80236656872
      ],
      "exit_codes": [
        0,
        0,
        0,
        0,
        0,
        0,
        0,
        0,
        0,
        0
      ]
    }
  ]
}
