{
  "results": [
    {
      "command": "/usr/bin/time -a -o log/7zeros_all_sola1_wmemo/memo_log.csv -f 'test_nullable_group_reduce_join_mutate,renoir,%e,%M,%U,%S,%x'         python3 ../ibis-renoir-compiler test.test_operators.TestNullableOperators.test_nullable_group_reduce_join_mutate --backend renoir --path_suffix _10000000",
      "mean": 6.98376199698,
      "stddev": 0.10700430231275782,
      "median": 7.03147569168,
      "user": 50.77255379999999,
      "system": 3.6168232199999997,
      "min": 6.78296820318,
      "max": 7.06910251518,
      "times": [
        6.78296820318,
        6.78915204718,
        7.03850918018,
        7.04768027918,
        7.01263260318,
        7.04190965918,
        6.97959803018,
        7.05162524918,
        7.02444220318,
        7.06910251518
      ],
      "exit_codes": [
        0,
        0,
        0,
        0,
        0,
        0,
        0,
        0,
        0,
        0
      ]
    }
  ]
}
