{
  "results": [
    {
      "command": "python3 ../ibis-renoir-compiler test.test_nexmark.TestNexmark.test_nexmark_query_3 --backend duckdb --path_suffix _10000000",
      "mean": 1.1258794872400002,
      "stddev": 0.007190998191053989,
      "median": 1.12358253824,
      "user": 1.3345387399999997,
      "system": 0.79078176,
      "min": 1.1155306762400001,
      "max": 1.14011727924,
      "times": [
        1.13044613324,
        1.1155306762400001,
        1.12222480724,
        1.12356157424,
        1.11900469624,
        1.12360350224,
        1.12290402124,
        1.14011727924,
        1.12867552524,
        1.13272665724
      ],
      "exit_codes": [
        0,
        0,
        0,
        0,
        0,
        0,
        0,
        0,
        0,
        0
      ]
    }
  ]
}
