{
  "results": [
    {
      "command": "python3 ../ibis-renoir-compiler test.test_nexmark.TestNexmark.test_nexmark_query_6 --backend duckdb --path_suffix _10000000",
      "mean": 1.659995762,
      "stddev": 0.01244023539002223,
      "median": 1.6618488225999999,
      "user": 5.76745124,
      "system": 1.2335637399999997,
      "min": 1.6397931880999999,
      "max": 1.6760127651,
      "times": [
        1.6434567321,
        1.6521223551,
        1.6553062640999998,
        1.6679647790999999,
        1.6397931880999999,
        1.6675512491,
        1.6561463960999998,
        1.6760127651,
        1.6717156871,
        1.6698882041
      ],
      "exit_codes": [
        0,
        0,
        0,
        0,
        0,
        0,
        0,
        0,
        0,
        0
      ]
    }
  ]
}
