{
  "results": [
    {
      "command": "python3 ../ibis-renoir-compiler test.test_operators.TestNullableOperators.test_nullable_filter_group_mutate --backend duckdb --path_suffix _10000000",
      "mean": 0.88148998098,
      "stddev": 0.0068998157414456055,
      "median": 0.87928684518,
      "user": 2.0874572199999997,
      "system": 0.7767531999999999,
      "min": 0.87463235218,
      "max": 0.8968767941800001,
      "times": [
        0.8761675951800001,
        0.87743402918,
        0.8848015761800001,
        0.88703902718,
        0.8968767941800001,
        0.8811396611800001,
        0.87587980218,
        0.88396082718,
        0.8769681451800001,
        0.87463235218
      ],
      "exit_codes": [
        0,
        0,
        0,
        0,
        0,
        0,
        0,
        0,
        0,
        0
      ]
    }
  ]
}
