{
  "results": [
    {
      "command": "python3 ../ibis-renoir-compiler test.test_operators.TestNullableOperators.test_nullable_inner_join_select --backend flink --path_suffix _10000000",
      "mean": 2.8753916356,
      "stddev": 0.07190051203652909,
      "median": 2.8357779731,
      "user": 3.9923716999999996,
      "system": 0.8909116399999999,
      "min": 2.8101920721,
      "max": 3.0151202540999997,
      "times": [
        2.8248797090999997,
        2.8101920721,
        2.9432744811,
        2.9102925050999997,
        3.0151202540999997,
        2.8194847420999998,
        2.8331559551,
        2.8160684071,
        2.9430482391,
        2.8383999910999997
      ],
      "exit_codes": [
        0,
        0,
        0,
        0,
        0,
        0,
        0,
        0,
        0,
        0
      ]
    }
  ]
}
