{
  "results": [
    {
      "command": "python3 ../ibis-renoir-compiler test.test_nexmark.TestNexmark.test_nexmark_query_2 --backend duckdb --path_suffix _10000000",
      "mean": 2.8446201543400003,
      "stddev": 0.015400120927993626,
      "median": 2.84284893114,
      "user": 2.8011025000000003,
      "system": 0.9577103999999999,
      "min": 2.82624268664,
      "max": 2.87478787464,
      "times": [
        2.84257402864,
        2.85156897164,
        2.87478787464,
        2.86220524664,
        2.84312383364,
        2.8316198836399997,
        2.8340522786399998,
        2.8500026576399997,
        2.83002408164,
        2.82624268664
      ],
      "exit_codes": [
        0,
        0,
        0,
        0,
        0,
        0,
        0,
        0,
        0,
        0
      ]
    }
  ]
}
