{
  "results": [
    {
      "command": "python3 ../ibis-renoir-compiler test.test_operators.TestNullableOperators.test_nullable_outer_join --backend duckdb --path_suffix _10000000",
      "mean": 41.51035475602,
      "stddev": 0.7082283105044095,
      "median": 41.26456848172,
      "user": 45.468447780000005,
      "system": 2.51774846,
      "min": 40.91752646322,
      "max": 43.33504178722,
      "times": [
        41.05110674722,
        43.33504178722,
        41.175785299219996,
        41.25247665422,
        40.91752646322,
        41.27666030922,
        41.53302502122,
        41.42584486322,
        41.13497718622,
        42.00110322922
      ],
      "exit_codes": [
        0,
        0,
        0,
        0,
        0,
        0,
        0,
        0,
        0,
        0
      ]
    }
  ]
}
