{
  "results": [
    {
      "command": "python3 ../ibis-renoir-compiler test.test_nexmark.TestNexmark.test_nexmark_query_1 --backend flink --path_suffix _10000000",
      "mean": 5.4099283035,
      "stddev": 0.03372068829890727,
      "median": 5.4130233944,
      "user": 4.07392036,
      "system": 1.24336286,
      "min": 5.3549900139,
      "max": 5.4635113759,
      "times": [
        5.4239490539,
        5.4635113759,
        5.3708779769,
        5.4107416919,
        5.4153050969,
        5.3982462429,
        5.3549900139,
        5.4489803689,
        5.4276249159,
        5.3850562979
      ],
      "exit_codes": [
        0,
        0,
        0,
        0,
        0,
        0,
        0,
        0,
        0,
        0
      ]
    }
  ]
}
