{
  "results": [
    {
      "command": "python3 ../ibis-renoir-compiler test.test_operators.TestNullableOperators.test_nullable_join_group_reduce --backend renoir --path_suffix _10000000",
      "mean": 6.89629210158,
      "stddev": 0.05539377223452203,
      "median": 6.92382309198,
      "user": 49.033958440000006,
      "system": 3.5504236399999995,
      "min": 6.7985403384800005,
      "max": 6.95144764448,
      "times": [
        6.93670922248,
        6.930993137480001,
        6.7985403384800005,
        6.932993452480001,
        6.84802541148,
        6.95144764448,
        6.92467673548,
        6.903546155480001,
        6.81301946948,
        6.92296944848
      ],
      "exit_codes": [
        0,
        0,
        0,
        0,
        0,
        0,
        0,
        0,
        0,
        0
      ]
    }
  ]
}
