{
  "results": [
    {
      "command": "python3 ../ibis-renoir-compiler test.test_operators.TestNullableOperators.test_nullable_windowing_implicit_mean --backend polars --path_suffix _10000000",
      "mean": 4.74353389982,
      "stddev": 0.04262616364440663,
      "median": 4.737924596919999,
      "user": 5.220085039999999,
      "system": 2.35132804,
      "min": 4.70391559592,
      "max": 4.847701153919999,
      "times": [
        4.847701153919999,
        4.7441930249199995,
        4.73425067992,
        4.74159851392,
        4.75885593492,
        4.710924149919999,
        4.70391559592,
        4.717705736919999,
        4.7079495399199995,
        4.7682446679199995
      ],
      "exit_codes": [
        0,
        0,
        0,
        0,
        0,
        0,
        0,
        0,
        0,
        0
      ]
    }
  ]
}
