{
  "results": [
    {
      "command": "python3 ../ibis-renoir-compiler test.test_operators.TestNullableOperators.test_nullable_windowing_implicit_group --backend duckdb --path_suffix _10000000",
      "mean": 4.17237203362,
      "stddev": 0.024173547556222003,
      "median": 4.1752726423199995,
      "user": 11.221484219999999,
      "system": 2.0053632599999998,
      "min": 4.132603921319999,
      "max": 4.21781752432,
      "times": [
        4.132603921319999,
        4.18223368532,
        4.17921056132,
        4.15564849132,
        4.19037656132,
        4.171334723319999,
        4.21781752432,
        4.14718432732,
        4.1630298113199995,
        4.184280729319999
      ],
      "exit_codes": [
        0,
        0,
        0,
        0,
        0,
        0,
        0,
        0,
        0,
        0
      ]
    }
  ]
}
