{
  "results": [
    {
      "command": "python3 ../ibis-renoir-compiler test.test_operators.TestNullableOperators.test_nullable_outer_join --backend renoir --path_suffix _10000000",
      "mean": 6.27162493418,
      "stddev": 0.041617866534839114,
      "median": 6.28164363488,
      "user": 46.619296199999994,
      "system": 4.269081819999999,
      "min": 6.20399443288,
      "max": 6.32430828788,
      "times": [
        6.28592646788,
        6.24873447988,
        6.24133159488,
        6.2773608018800005,
        6.20399443288,
        6.29787782188,
        6.317339730880001,
        6.301496134880001,
        6.217879588880001,
        6.32430828788
      ],
      "exit_codes": [
        0,
        0,
        0,
        0,
        0,
        0,
        0,
        0,
        0,
        0
      ]
    }
  ]
}
