{
  "results": [
    {
      "command": "python3 ../ibis-renoir-compiler test.test_operators.TestNullableOperators.test_nullable_windowing_explicit_group --backend duckdb --path_suffix _10000000",
      "mean": 8.59877902434,
      "stddev": 0.018799453689217312,
      "median": 8.596229790039999,
      "user": 14.814460400000002,
      "system": 2.2787500199999995,
      "min": 8.569868545539999,
      "max": 8.629279794539999,
      "times": [
        8.59583863754,
        8.613333105539999,
        8.58202497954,
        8.629279794539999,
        8.569868545539999,
        8.596063293539999,
        8.59639628654,
        8.62351405454,
        8.59965863854,
        8.58181290754
      ],
      "exit_codes": [
        0,
        0,
        0,
        0,
        0,
        0,
        0,
        0,
        0,
        0
      ]
    }
  ]
}
