{
  "results": [
    {
      "command": "python3 ../ibis-renoir-compiler test.test_operators.TestNullableOperators.test_nullable_filter_filter_select_select --backend renoir --path_suffix _10000000",
      "mean": 2.03785860862,
      "stddev": 0.01131564393916747,
      "median": 2.03807707012,
      "user": 7.02905658,
      "system": 0.9476312799999999,
      "min": 2.02230536962,
      "max": 2.06362343362,
      "times": [
        2.04472355062,
        2.03860180662,
        2.06362343362,
        2.03843793562,
        2.03771620462,
        2.03504620862,
        2.02855664662,
        2.04131927662,
        2.02825565362,
        2.02230536962
      ],
      "exit_codes": [
        0,
        0,
        0,
        0,
        0,
        0,
        0,
        0,
        0,
        0
      ]
    }
  ]
}
