{
  "results": [
    {
      "command": "python3 ../ibis-renoir-compiler test.test_operators.TestNullableOperators.test_nullable_left_join --backend renoir --path_suffix _10000000",
      "mean": 5.795018154220001,
      "stddev": 0.05718557766984572,
      "median": 5.80795577902,
      "user": 41.14363924,
      "system": 4.083743739999999,
      "min": 5.67243708202,
      "max": 5.853148157020001,
      "times": [
        5.80975788002,
        5.85206662402,
        5.72881656802,
        5.67243708202,
        5.84513090202,
        5.853148157020001,
        5.780110194020001,
        5.81214523902,
        5.790415218020001,
        5.80615367802
      ],
      "exit_codes": [
        0,
        0,
        0,
        0,
        0,
        0,
        0,
        0,
        0,
        0
      ]
    }
  ]
}
