{
  "results": [
    {
      "command": "python3 ../ibis-renoir-compiler test.test_nexmark.TestNexmark.test_nexmark_query_1 --backend polars --path_suffix _10000000",
      "mean": 3.7404876208399997,
      "stddev": 0.01084023687691885,
      "median": 3.74190110034,
      "user": 3.63481024,
      "system": 1.1982683199999995,
      "min": 3.72163905284,
      "max": 3.7607447238400002,
      "times": [
        3.74151403684,
        3.72163905284,
        3.73454042884,
        3.7510458908400004,
        3.73092043984,
        3.74376711184,
        3.7607447238400002,
        3.74340795884,
        3.74228816384,
        3.73500840084
      ],
      "exit_codes": [
        0,
        0,
        0,
        0,
        0,
        0,
        0,
        0,
        0,
        0
      ]
    }
  ]
}
