{
  "results": [
    {
      "command": "python3 ../ibis-renoir-compiler test.test_operators.TestNullableOperators.test_nullable_filter_reduce --backend duckdb --path_suffix _10000000",
      "mean": 0.87657337298,
      "stddev": 0.004269659063035854,
      "median": 0.87789424108,
      "user": 2.0702504,
      "system": 0.7896312600000001,
      "min": 0.86816747658,
      "max": 0.88348194258,
      "times": [
        0.8779209395800001,
        0.87193773758,
        0.8744460765800001,
        0.88348194258,
        0.86816747658,
        0.8780866325800001,
        0.87560171558,
        0.87894521958,
        0.87786754258,
        0.87927844658
      ],
      "exit_codes": [
        0,
        0,
        0,
        0,
        0,
        0,
        0,
        0,
        0,
        0
      ]
    }
  ]
}
