{
  "results": [
    {
      "command": "python3 ../ibis-renoir-compiler test.test_operators.TestNullableOperators.test_nullable_join_group_reduce --backend polars --path_suffix _10000000",
      "mean": 2.1951870636599997,
      "stddev": 0.025208001801576063,
      "median": 2.19581090216,
      "user": 9.61625936,
      "system": 1.2792801599999999,
      "min": 2.15139434316,
      "max": 2.2379882001599998,
      "times": [
        2.22255194016,
        2.19008937616,
        2.2075224801599997,
        2.17764326716,
        2.17318915716,
        2.2379882001599998,
        2.15139434316,
        2.2052321081599997,
        2.2015324281599997,
        2.18472733616
      ],
      "exit_codes": [
        0,
        0,
        0,
        0,
        0,
        0,
        0,
        0,
        0,
        0
      ]
    }
  ]
}
