{
  "results": [
    {
      "command": "python3 ../ibis-renoir-compiler test.test_nexmark.TestNexmark.test_nexmark_query_3 --backend flink --path_suffix _10000000",
      "mean": 2.9051363856799997,
      "stddev": 0.07370557029935593,
      "median": 2.89777839078,
      "user": 1.7899146000000001,
      "system": 0.8355880600000001,
      "min": 2.8314440007800004,
      "max": 3.03249939378,
      "times": [
        2.8380236187800003,
        2.8314440007800004,
        2.95521566178,
        2.9543857597800005,
        2.94092209878,
        3.03249939378,
        2.8337903037800003,
        2.8385840147800003,
        2.85463468278,
        2.9718643217800005
      ],
      "exit_codes": [
        0,
        0,
        0,
        0,
        0,
        0,
        0,
        0,
        0,
        0
      ]
    }
  ]
}
