{
  "results": [
    {
      "command": "python3 ../ibis-renoir-compiler test.test_nexmark.TestNexmark.test_nexmark_query_2 --backend renoir --path_suffix _10000000",
      "mean": 2.5318421463,
      "stddev": 0.007594166742338576,
      "median": 2.5322295299,
      "user": 11.262532319999998,
      "system": 1.1618238,
      "min": 2.5204981909,
      "max": 2.5400751789,
      "times": [
        2.5373031209,
        2.5318335269,
        2.5316745359,
        2.5400751789,
        2.5204981909,
        2.5395462579,
        2.5246069909,
        2.5207872239,
        2.5326255329,
        2.5394709039
      ],
      "exit_codes": [
        0,
        0,
        0,
        0,
        0,
        0,
        0,
        0,
        0,
        0
      ]
    }
  ]
}
