{
  "results": [
    {
      "command": "python3 ../ibis-renoir-compiler test.test_nexmark.TestNexmark.test_nexmark_query_4 --backend flink --path_suffix _10000000",
      "mean": 3.3230272528800002,
      "stddev": 0.014221025616598135,
      "median": 3.3227609647799996,
      "user": 6.06724846,
      "system": 1.1849534799999997,
      "min": 3.29648013528,
      "max": 3.34325356628,
      "times": [
        3.32513070028,
        3.31104592628,
        3.33747426228,
        3.29648013528,
        3.33705420728,
        3.31276831028,
        3.3203912292799997,
        3.32783432728,
        3.34325356628,
        3.31883986428
      ],
      "exit_codes": [
        0,
        0,
        0,
        0,
        0,
        0,
        0,
        0,
        0,
        0
      ]
    }
  ]
}
