{
  "results": [
    {
      "command": "python3 ../ibis-renoir-compiler test.test_nexmark.TestNexmark.test_nexmark_query_3 --backend polars --path_suffix _10000000",
      "mean": 1.18378652548,
      "stddev": 0.008395093171883913,
      "median": 1.18220103178,
      "user": 1.40189102,
      "system": 0.7830603,
      "min": 1.17095118128,
      "max": 1.20001046928,
      "times": [
        1.18575529328,
        1.19198881728,
        1.18309352728,
        1.18105148228,
        1.17475486028,
        1.18008460728,
        1.18130853628,
        1.17095118128,
        1.18886648028,
        1.20001046928
      ],
      "exit_codes": [
        0,
        0,
        0,
        0,
        0,
        0,
        0,
        0,
        0,
        0
      ]
    }
  ]
}
