{
  "results": [
    {
      "command": "python3 ../ibis-renoir-compiler test.test_nexmark.TestNexmark.test_nexmark_query_6 --backend polars --path_suffix _10000000",
      "mean": 1.7186370833400002,
      "stddev": 0.013733153527825965,
      "median": 1.71665953654,
      "user": 5.8206007,
      "system": 1.2490889199999997,
      "min": 1.70197672754,
      "max": 1.7429858995399998,
      "times": [
        1.72072103054,
        1.70197672754,
        1.71602636954,
        1.71274472954,
        1.73988277154,
        1.71729270354,
        1.7429858995399998,
        1.7113206275400001,
        1.72115451654,
        1.70226545754
      ],
      "exit_codes": [
        0,
        0,
        0,
        0,
        0,
        0,
        0,
        0,
        0,
        0
      ]
    }
  ]
}
