{
  "results": [
    {
      "command": "python3 ../ibis-renoir-compiler test.test_operators.TestNullableOperators.test_nullable_filter_reduce --backend renoir --path_suffix _10000000",
      "mean": 2.7938863831400003,
      "stddev": 0.010223338203253562,
      "median": 2.79368656604,
      "user": 13.280522580000001,
      "system": 0.9901240799999999,
      "min": 2.77836338354,
      "max": 2.81198448654,
      "times": [
        2.79381722854,
        2.79323143554,
        2.79695513154,
        2.7935559035399997,
        2.79444948354,
        2.78714466554,
        2.81198448654,
        2.80723402254,
        2.77836338354,
        2.78212809054
      ],
      "exit_codes": [
        0,
        0,
        0,
        0,
        0,
        0,
        0,
        0,
        0,
        0
      ]
    }
  ]
}
