{
  "results": [
    {
      "command": "python3 ../ibis-renoir-compiler test.test_operators.TestNullableOperators.test_nullable_windowing_implicit_sum --backend flink --path_suffix _10000000",
      "mean": 11.149106081220001,
      "stddev": 0.08406939613159287,
      "median": 11.14817465552,
      "user": 9.958435479999999,
      "system": 2.6587743,
      "min": 11.00719282202,
      "max": 11.27604043002,
      "times": [
        11.27604043002,
        11.13965866002,
        11.159401327020001,
        11.14418530102,
        11.00719282202,
        11.04458797602,
        11.13745602002,
        11.27574821102,
        11.154626055020001,
        11.15216401002
      ],
      "exit_codes": [
        0,
        0,
        0,
        0,
        0,
        0,
        0,
        0,
        0,
        0
      ]
    }
  ]
}
