{
  "results": [
    {
      "command": "python3 ../ibis-renoir-compiler test.test_operators.TestNullableOperators.test_nullable_windowing_explicit_window_far --backend renoir --path_suffix _10000000",
      "mean": 3.83445872032,
      "stddev": 0.039574901199586676,
      "median": 3.83545540562,
      "user": 14.14676124,
      "system": 1.0936381800000001,
      "min": 3.75420703662,
      "max": 3.8894038156199997,
      "times": [
        3.84454681062,
        3.8894038156199997,
        3.8770639546199996,
        3.82636400062,
        3.8551511326199996,
        3.80806432362,
        3.75420703662,
        3.86112982962,
        3.81621110462,
        3.81244519462
      ],
      "exit_codes": [
        0,
        0,
        0,
        0,
        0,
        0,
        0,
        0,
        0,
        0
      ]
    }
  ]
}
