{
  "results": [
    {
      "command": "python3 ../ibis-renoir-compiler test.test_operators.TestNullableOperators.test_nullable_outer_join --backend polars --path_suffix _10000000",
      "mean": 41.6847691268,
      "stddev": 0.9222455015766883,
      "median": 41.4197804147,
      "user": 45.671586659999996,
      "system": 2.48609464,
      "min": 41.0195618987,
      "max": 44.2424860407,
      "times": [
        41.7280869947,
        41.305878099699996,
        41.2765236487,
        41.2729458537,
        41.0195618987,
        44.2424860407,
        41.5324237727,
        41.6087091287,
        41.3071370567,
        41.5539387737
      ],
      "exit_codes": [
        0,
        0,
        0,
        0,
        0,
        0,
        0,
        0,
        0,
        0
      ]
    }
  ]
}
