{
  "results": [
    {
      "command": "python3 ../ibis-renoir-compiler test.test_operators.TestNullableOperators.test_nullable_filter_reduce --backend flink --path_suffix _10000000",
      "mean": 2.6397112168600003,
      "stddev": 0.049761150056360885,
      "median": 2.61662134026,
      "user": 2.52856922,
      "system": 0.8398916199999998,
      "min": 2.60572920676,
      "max": 2.76515305876,
      "times": [
        2.61103616976,
        2.60572920676,
        2.6787231617600002,
        2.61633046076,
        2.63146218476,
        2.6513612227600003,
        2.76515305876,
        2.61691221976,
        2.6057782617600003,
        2.61462622176
      ],
      "exit_codes": [
        0,
        0,
        0,
        0,
        0,
        0,
        0,
        0,
        0,
        0
      ]
    }
  ]
}
