{
  "results": [
    {
      "command": "python3 ../ibis-renoir-compiler test.test_nexmark.TestNexmark.test_nexmark_query_1 --backend renoir --path_suffix _10000000",
      "mean": 2.57005286564,
      "stddev": 0.009201761356347753,
      "median": 2.56888362244,
      "user": 11.482790799999998,
      "system": 1.1201031,
      "min": 2.55138756594,
      "max": 2.58336239394,
      "times": [
        2.56908915194,
        2.56449643994,
        2.58336239394,
        2.55138756594,
        2.5669888949399997,
        2.56707407594,
        2.57229240694,
        2.58271065794,
        2.56867809294,
        2.57444897594
      ],
      "exit_codes": [
        0,
        0,
        0,
        0,
        0,
        0,
        0,
        0,
        0,
        0
      ]
    }
  ]
}
