{
  "results": [
    {
      "command": "python3 ../ibis-renoir-compiler test.test_nexmark.TestNexmark.test_nexmark_query_4 --backend duckdb --path_suffix _10000000",
      "mean": 1.60517307218,
      "stddev": 0.010502019512902132,
      "median": 1.60791857238,
      "user": 5.541332499999998,
      "system": 1.16677836,
      "min": 1.58689404238,
      "max": 1.61946121238,
      "times": [
        1.61946121238,
        1.58689404238,
        1.59946385438,
        1.61508687638,
        1.6106143143799998,
        1.60966663138,
        1.60617051338,
        1.6052820313799998,
        1.60977638138,
        1.58931486438
      ],
      "exit_codes": [
        0,
        0,
        0,
        0,
        0,
        0,
        0,
        0,
        0,
        0
      ]
    }
  ]
}
