{
  "results": [
    {
      "command": "python3 ../ibis-renoir-compiler test.test_operators.TestNullableOperators.test_nullable_inner_join_select --backend renoir --path_suffix _10000000",
      "mean": 4.10078394132,
      "stddev": 0.03617660323627549,
      "median": 4.09262926812,
      "user": 24.663501739999997,
      "system": 1.45607802,
      "min": 4.059434286119999,
      "max": 4.18971425112,
      "times": [
        4.08689990012,
        4.102494483119999,
        4.10328093412,
        4.08840232412,
        4.18971425112,
        4.09685621212,
        4.079275754119999,
        4.059434286119999,
        4.07498155112,
        4.12649971712
      ],
      "exit_codes": [
        0,
        0,
        0,
        0,
        0,
        0,
        0,
        0,
        0,
        0
      ]
    }
  ]
}
