{
  "results": [
    {
      "command": "python3 ../ibis-renoir-compiler test.test_operators.TestNullableOperators.test_nullable_outer_join --backend flink --path_suffix _10000000",
      "mean": 44.06721447847999,
      "stddev": 0.5698931199449309,
      "median": 43.92905952708,
      "user": 46.77096547999999,
      "system": 2.5784108199999998,
      "min": 43.44533517808,
      "max": 45.46413379608,
      "times": [
        43.585551227079996,
        44.35584369008,
        43.70714581208,
        44.16478703608,
        43.86436231708,
        43.99375673708,
        43.84198277708,
        44.249246214079996,
        43.44533517808,
        45.46413379608
      ],
      "exit_codes": [
        0,
        0,
        0,
        0,
        0,
        0,
        0,
        0,
        0,
        0
      ]
    }
  ]
}
