{
  "results": [
    {
      "command": "python3 ../ibis-renoir-compiler test.test_nexmark.TestNexmark.test_nexmark_query_6 --backend flink --path_suffix _10000000",
      "mean": 3.3981978652799993,
      "stddev": 0.062167644823381885,
      "median": 3.3845779879799998,
      "user": 6.2666442799999995,
      "system": 1.27796624,
      "min": 3.35591875798,
      "max": 3.56734926598,
      "times": [
        3.39984424698,
        3.39897949198,
        3.38508241998,
        3.3840735559799997,
        3.40500695198,
        3.3593217159799997,
        3.35591875798,
        3.36232643098,
        3.3640758149799996,
        3.56734926598
      ],
      "exit_codes": [
        0,
        0,
        0,
        0,
        0,
        0,
        0,
        0,
        0,
        0
      ]
    }
  ]
}
