{
  "results": [
    {
      "command": "python3 ../ibis-renoir-compiler test.test_operators.TestNullableOperators.test_nullable_windowing_implicit_sum --backend duckdb --path_suffix _10000000",
      "mean": 9.31781983302,
      "stddev": 0.039079563893107364,
      "median": 9.32030727242,
      "user": 9.52563294,
      "system": 2.6191342,
      "min": 9.250581839919999,
      "max": 9.380046714919999,
      "times": [
        9.335359966919999,
        9.33038064092,
        9.29282148892,
        9.36491609492,
        9.380046714919999,
        9.250581839919999,
        9.334455841919999,
        9.281709572919999,
        9.310233903919999,
        9.29769226492
      ],
      "exit_codes": [
        0,
        0,
        0,
        0,
        0,
        0,
        0,
        0,
        0,
        0
      ]
    }
  ]
}
