{
  "results": [
    {
      "command": "python3 ../ibis-renoir-compiler test.test_operators.TestNullableOperators.test_nullable_filter_select --backend renoir --path_suffix _10000000",
      "mean": 2.03895948562,
      "stddev": 0.015361471941908391,
      "median": 2.0346392365200003,
      "user": 7.281116279999999,
      "system": 0.97684924,
      "min": 2.01760325102,
      "max": 2.07288415902,
      "times": [
        2.04852985202,
        2.04883000102,
        2.02726738402,
        2.03362374302,
        2.03351891102,
        2.07288415902,
        2.01760325102,
        2.04300523702,
        2.03565473002,
        2.02867758802
      ],
      "exit_codes": [
        0,
        0,
        0,
        0,
        0,
        0,
        0,
        0,
        0,
        0
      ]
    }
  ]
}
