{
  "results": [
    {
      "command": "python3 ../ibis-renoir-compiler test.test_operators.TestNullableOperators.test_nullable_windowing_implicit_mean --backend renoir --path_suffix _10000000",
      "mean": 6.12926674092,
      "stddev": 0.05777400230183369,
      "median": 6.14198072442,
      "user": 41.08710119999999,
      "system": 3.03338896,
      "min": 6.03433014242,
      "max": 6.227394357420001,
      "times": [
        6.09865557242,
        6.07839329042,
        6.15668508242,
        6.14615346642,
        6.07243596442,
        6.1617766854200005,
        6.13780798242,
        6.03433014242,
        6.227394357420001,
        6.17903486542
      ],
      "exit_codes": [
        0,
        0,
        0,
        0,
        0,
        0,
        0,
        0,
        0,
        0
      ]
    }
  ]
}
