{
  "results": [
    {
      "command": "python3 ../ibis-renoir-compiler test.test_operators.TestNullableOperators.test_nullable_group_reduce_join_mutate --backend flink --path_suffix _10000000",
      "mean": 4.06118466688,
      "stddev": 0.051616331342142496,
      "median": 4.05694748388,
      "user": 9.657004400000002,
      "system": 1.3285838599999997,
      "min": 3.9999159973799996,
      "max": 4.15466835638,
      "times": [
        4.04930842538,
        4.06458654238,
        4.0337291323799995,
        3.9999159973799996,
        4.09515208838,
        4.01297309238,
        4.12133833438,
        4.15466835638,
        4.07608691738,
        4.00408778238
      ],
      "exit_codes": [
        0,
        0,
        0,
        0,
        0,
        0,
        0,
        0,
        0,
        0
      ]
    }
  ]
}
