{
  "results": [
    {
      "command": "python3 ../ibis-renoir-compiler test.test_operators.TestNullableOperators.test_nullable_filter_select --backend polars --path_suffix _10000000",
      "mean": 1.4702209504200003,
      "stddev": 0.013265218275588532,
      "median": 1.46531029072,
      "user": 1.61232096,
      "system": 0.7768672599999998,
      "min": 1.45630415972,
      "max": 1.49431981272,
      "times": [
        1.46801767272,
        1.46595950672,
        1.46466107472,
        1.45630415972,
        1.49318972172,
        1.46115097572,
        1.47423253672,
        1.49431981272,
        1.46178352372,
        1.46259051972
      ],
      "exit_codes": [
        0,
        0,
        0,
        0,
        0,
        0,
        0,
        0,
        0,
        0
      ]
    }
  ]
}
