{
  "results": [
    {
      "command": "python3 ../ibis-renoir-compiler test.test_operators.TestNullableOperators.test_nullable_windowing_explicit_group --backend renoir --path_suffix _10000000",
      "mean": 4.58707027192,
      "stddev": 0.028056715035778015,
      "median": 4.5921097274200005,
      "user": 30.136434779999995,
      "system": 3.3164686600000004,
      "min": 4.5503927944199996,
      "max": 4.63571429642,
      "times": [
        4.60115494142,
        4.59044476642,
        4.63571429642,
        4.5986570444199995,
        4.568765819419999,
        4.61632438942,
        4.5503927944199996,
        4.563754793419999,
        4.59377468842,
        4.55171918542
      ],
      "exit_codes": [
        0,
        0,
        0,
        0,
        0,
        0,
        0,
        0,
        0,
        0
      ]
    }
  ]
}
