{
  "results": [
    {
      "command": "python3 ../ibis-renoir-compiler test.test_operators.TestNullableOperators.test_nullable_windowing_explicit --backend polars --path_suffix _10000000",
      "mean": 4.888422654640001,
      "stddev": 0.04908426136149822,
      "median": 4.868142343340001,
      "user": 6.5262604600000005,
      "system": 4.040883320000001,
      "min": 4.845952969840001,
      "max": 4.98720756384,
      "times": [
        4.857184243840001,
        4.86865241084,
        4.87222286584,
        4.86763227584,
        4.98720756384,
        4.86658494284,
        4.845952969840001,
        4.969418491840001,
        4.892647016840001,
        4.85672376484
      ],
      "exit_codes": [
        0,
        0,
        0,
        0,
        0,
        0,
        0,
        0,
        0,
        0
      ]
    }
  ]
}
