{
  "results": [
    {
      "command": "python3 ../ibis-renoir-compiler test.test_operators.TestNullableOperators.test_nullable_filter_select --backend renoir --path_suffix _100000000",
      "mean": 7.01013810732,
      "stddev": 0.33238785856388053,
      "median": 6.98218595232,
      "user": 37.70905854,
      "system": 1.76899722,
      "min": 6.3608552108200005,
      "max": 7.67884499082,
      "times": [
        6.3608552108200005,
        7.67884499082,
        7.04980956782,
        7.12984584282,
        6.89608523282,
        6.9902082968200006,
        6.97416360782,
        6.88259013282,
        7.25880532382,
        6.88017286682
      ],
      "exit_codes": [
        0,
        0,
        0,
        0,
        0,
        0,
        0,
        0,
        0,
        0
      ]
    }
  ]
}
