{
  "results": [
    {
      "command": "python3 ../ibis-renoir-compiler test.test_operators.TestNullableOperators.test_nullable_filter_reduce --backend duckdb --path_suffix _100000000",
      "mean": 3.1694012650200003,
      "stddev": 0.20269660857377894,
      "median": 3.09951045052,
      "user": 12.816525379999998,
      "system": 2.50048128,
      "min": 3.04386292002,
      "max": 3.73460774102,
      "times": [
        3.1030145560199998,
        3.13564133102,
        3.09997239402,
        3.09459820202,
        3.09904850702,
        3.04386292002,
        3.73460774102,
        3.08820947802,
        3.09233014102,
        3.20272738002
      ],
      "exit_codes": [
        0,
        0,
        0,
        0,
        0,
        0,
        0,
        0,
        0,
        0
      ]
    }
  ]
}
