{
  "results": [
    {
      "command": "python3 ../ibis-renoir-compiler test.test_nexmark.TestNexmark.test_nexmark_query_6 --backend duckdb --path_suffix _100000000",
      "mean": 20.869388551099995,
      "stddev": 0.07471142259947501,
      "median": 20.8868728116,
      "user": 43.76160562,
      "system": 14.581191740000003,
      "min": 20.731895857599998,
      "max": 20.9700640726,
      "times": [
        20.765461290599998,
        20.731895857599998,
        20.8278343546,
        20.9000559126,
        20.9052987536,
        20.909320602599998,
        20.9388251096,
        20.9700640726,
        20.873689710599997,
        20.871439846599998
      ],
      "exit_codes": [
        0,
        0,
        0,
        0,
        0,
        0,
        0,
        0,
        0,
        0
      ]
    }
  ]
}
