{
  "results": [
    {
      "command": "python3 ../ibis-renoir-compiler test.test_operators.TestNullableOperators.test_nullable_inner_join_select --backend renoir --path_suffix _100000000",
      "mean": 19.806218262,
      "stddev": 0.46398741833809126,
      "median": 19.7011690567,
      "user": 109.11652483999998,
      "system": 8.857651780000001,
      "min": 19.4125769437,
      "max": 21.0083962137,
      "times": [
        21.0083962137,
        19.7760571197,
        19.5710222927,
        19.9073512697,
        19.4371697207,
        19.6262809937,
        19.9298448627,
        19.5191313267,
        19.8743518767,
        19.4125769437
      ],
      "exit_codes": [
        0,
        0,
        0,
        0,
        0,
        0,
        0,
        0,
        0,
        0
      ]
    }
  ]
}
