{
  "results": [
    {
      "command": "python3 ../ibis-renoir-compiler test.test_nexmark.TestNexmark.test_nexmark_query_4 --backend polars --path_suffix _100000000",
      "mean": 17.8525030469,
      "stddev": 0.0803602594060444,
      "median": 17.854985415899996,
      "user": 41.750988899999996,
      "system": 13.657028599999999,
      "min": 17.7410699089,
      "max": 17.9590518049,
      "times": [
        17.7912050429,
        17.746253982899997,
        17.880852844899998,
        17.8085069059,
        17.9590518049,
        17.7410699089,
        17.947261458899998,
        17.8291179869,
        17.9215393309,
        17.900171201899997
      ],
      "exit_codes": [
        0,
        0,
        0,
        0,
        0,
        0,
        0,
        0,
        0,
        0
      ]
    }
  ]
}
