{
  "results": [
    {
      "command": "python3 ../ibis-renoir-compiler test.test_operators.TestNullableOperators.test_nullable_join_group_reduce --backend polars --path_suffix _100000000",
      "mean": 24.8860803932,
      "stddev": 0.3866631075363528,
      "median": 24.8388028989,
      "user": 76.72791667999999,
      "system": 11.39044618,
      "min": 24.3970817924,
      "max": 25.5609630514,
      "times": [
        24.8264887314,
        24.3970817924,
        25.227946681400002,
        24.556331454400002,
        25.5609630514,
        24.8511170664,
        24.6805627584,
        24.4208950864,
        25.192985500400003,
        25.1464318094
      ],
      "exit_codes": [
        0,
        0,
        0,
        0,
        0,
        0,
        0,
        0,
        0,
        0
      ]
    }
  ]
}
