{
  "results": [
    {
      "command": "python3 ../ibis-renoir-compiler test.test_nexmark.TestNexmark.test_nexmark_query_1 --backend renoir --path_suffix _100000000",
      "mean": 17.31410200446,
      "stddev": 0.18123304754262737,
      "median": 17.32970548486,
      "user": 85.59889645999999,
      "system": 10.55185244,
      "min": 16.917671466359998,
      "max": 17.49026167236,
      "times": [
        16.917671466359998,
        17.25598847336,
        17.38727251436,
        17.47864511936,
        17.17498706736,
        17.43868902036,
        17.27213845536,
        17.48568258736,
        17.49026167236,
        17.239683668359998
      ],
      "exit_codes": [
        0,
        0,
        0,
        0,
        0,
        0,
        0,
        0,
        0,
        0
      ]
    }
  ]
}
