{
  "results": [
    {
      "command": "python3 ../ibis-renoir-compiler test.test_operators.TestNullableOperators.test_nullable_join_group_reduce --backend duckdb --path_suffix _100000000",
      "mean": 24.537926971159997,
      "stddev": 0.32123409402934405,
      "median": 24.42701020246,
      "user": 76.84304426,
      "system": 11.454562659999999,
      "min": 24.201275595960002,
      "max": 25.09293308996,
      "times": [
        24.72829841196,
        24.22009709096,
        24.92490463896,
        24.35078922896,
        24.319730929960002,
        24.201275595960002,
        24.25843101296,
        24.50323117596,
        25.09293308996,
        24.77957853596
      ],
      "exit_codes": [
        0,
        0,
        0,
        0,
        0,
        0,
        0,
        0,
        0,
        0
      ]
    }
  ]
}
