{
  "results": [
    {
      "command": "python3 ../ibis-renoir-compiler test.test_operators.TestNullableOperators.test_nullable_filter_select --backend flink --path_suffix _100000000",
      "mean": 10.7945226013,
      "stddev": 0.17662074485500073,
      "median": 10.7268303961,
      "user": 9.697620359999998,
      "system": 2.00876564,
      "min": 10.556930554600001,
      "max": 11.102323528600001,
      "times": [
        10.7210739016,
        11.102323528600001,
        10.556930554600001,
        10.6887335506,
        11.005068043600001,
        10.8229891176,
        10.674769302600001,
        10.975815581600001,
        10.6649355416,
        10.7325868906
      ],
      "exit_codes": [
        0,
        0,
        0,
        0,
        0,
        0,
        0,
        0,
        0,
        0
      ]
    }
  ]
}
