{
  "results": [
    {
      "command": "python3 ../ibis-renoir-compiler test.test_operators.TestNullableOperators.test_nullable_filter_reduce --backend flink --path_suffix _100000000",
      "mean": 5.628440857319999,
      "stddev": 0.48300437250729444,
      "median": 5.780979220519999,
      "user": 13.690535640000002,
      "system": 2.4950883,
      "min": 4.89608092702,
      "max": 6.251964217019999,
      "times": [
        4.89608092702,
        4.93180549202,
        5.06340936002,
        5.89358589002,
        5.86632268002,
        6.251964217019999,
        5.771683397019999,
        6.047843472019999,
        5.7902750440199995,
        5.77143809402
      ],
      "exit_codes": [
        0,
        0,
        0,
        0,
        0,
        0,
        0,
        0,
        0,
        0
      ]
    }
  ]
}
