{
  "results": [
    {
      "command": "python3 ../ibis-renoir-compiler test.test_operators.TestNullableOperators.test_nullable_filter_reduce --backend renoir --path_suffix _100000000",
      "mean": 8.63920864192,
      "stddev": 0.15705384599055858,
      "median": 8.59122407712,
      "user": 47.641877859999994,
      "system": 1.8637805000000003,
      "min": 8.45269293012,
      "max": 8.901057550119999,
      "times": [
        8.45269293012,
        8.80168856612,
        8.59173662712,
        8.52112136712,
        8.59486554912,
        8.859110765119999,
        8.59071152712,
        8.49769563912,
        8.58140589812,
        8.901057550119999
      ],
      "exit_codes": [
        0,
        0,
        0,
        0,
        0,
        0,
        0,
        0,
        0,
        0
      ]
    }
  ]
}
