{
  "results": [
    {
      "command": "python3 ../ibis-renoir-compiler test.test_nexmark.TestNexmark.test_nexmark_query_2 --backend flink --path_suffix _100000000",
      "mean": 31.347670542000003,
      "stddev": 0.8086078369760472,
      "median": 31.67084352,
      "user": 18.405207639999997,
      "system": 9.051257019999998,
      "min": 30.0911780625,
      "max": 32.398099749500005,
      "times": [
        30.4808859115,
        32.2734276905,
        30.0911780625,
        31.6741183205,
        31.835584287499998,
        30.3930381975,
        31.6675687195,
        31.6743948745,
        30.9884096065,
        32.398099749500005
      ],
      "exit_codes": [
        0,
        0,
        0,
        0,
        0,
        0,
        0,
        0,
        0,
        0
      ]
    }
  ]
}
