{
  "results": [
    {
      "command": "python3 ../ibis-renoir-compiler test.test_nexmark.TestNexmark.test_nexmark_query_3 --backend duckdb --path_suffix _100000000",
      "mean": 1.46185828678,
      "stddev": 0.029648118930544358,
      "median": 1.4530311067800001,
      "user": 1.8005688599999998,
      "system": 0.9944966000000001,
      "min": 1.43284531428,
      "max": 1.53484136428,
      "times": [
        1.48184467228,
        1.4463998282800001,
        1.43284531428,
        1.43943279128,
        1.4476753612800002,
        1.47216450728,
        1.4598025272800002,
        1.53484136428,
        1.45838685228,
        1.44518964928
      ],
      "exit_codes": [
        0,
        0,
        0,
        0,
        0,
        0,
        0,
        0,
        0,
        0
      ]
    }
  ]
}
