{
  "results": [
    {
      "command": "python3 ../ibis-renoir-compiler test.test_operators.TestNullableOperators.test_nullable_filter_select --backend duckdb --path_suffix _100000000",
      "mean": 8.50746220064,
      "stddev": 0.23540354313070733,
      "median": 8.42593067214,
      "user": 9.594233999999998,
      "system": 2.0309427799999997,
      "min": 8.33145370264,
      "max": 9.11720451264,
      "times": [
        8.55755295764,
        8.41799915464,
        8.43386218964,
        8.37726178064,
        9.11720451264,
        8.47157081864,
        8.36885554664,
        8.33145370264,
        8.35372903064,
        8.64513231264
      ],
      "exit_codes": [
        0,
        0,
        0,
        0,
        0,
        0,
        0,
        0,
        0,
        0
      ]
    }
  ]
}
