{
  "results": [
    {
      "command": "python3 ../ibis-renoir-compiler test.test_operators.TestNullableOperators.test_nullable_filter_filter_select_select --backend flink --path_suffix _100000000",
      "mean": 10.762225458580001,
      "stddev": 0.09979603370915575,
      "median": 10.759016238180001,
      "user": 9.65549276,
      "system": 1.9646295599999999,
      "min": 10.61799167168,
      "max": 10.91671247068,
      "times": [
        10.88517671568,
        10.716233883680001,
        10.80731673668,
        10.66044581068,
        10.91671247068,
        10.80179859268,
        10.68025174768,
        10.70907534968,
        10.82725160668,
        10.61799167168
      ],
      "exit_codes": [
        0,
        0,
        0,
        0,
        0,
        0,
        0,
        0,
        0,
        0
      ]
    }
  ]
}
