{
  "results": [
    {
      "command": "python3 ../ibis-renoir-compiler test.test_operators.TestNullableOperators.test_nullable_filter_group_mutate --backend renoir --path_suffix _100000000",
      "mean": 8.7847684137,
      "stddev": 0.21587403457477433,
      "median": 8.6970119963,
      "user": 48.94865839999999,
      "system": 1.7779889399999997,
      "min": 8.544104608800001,
      "max": 9.278004090800001,
      "times": [
        8.677717325800002,
        9.278004090800001,
        8.7034061248,
        9.027497078800002,
        8.796614334800001,
        8.6906178678,
        8.544104608800001,
        8.8103190258,
        8.671452286800001,
        8.647951392800001
      ],
      "exit_codes": [
        0,
        0,
        0,
        0,
        0,
        0,
        0,
        0,
        0,
        0
      ]
    }
  ]
}
