{
  "results": [
    {
      "command": "python3 ../ibis-renoir-compiler test.test_nexmark.TestNexmark.test_nexmark_query_2 --backend polars --path_suffix _100000000",
      "mean": 28.589584538460002,
      "stddev": 1.173192608421815,
      "median": 28.427295137759998,
      "user": 17.7872286,
      "system": 8.65827008,
      "min": 26.328243638260002,
      "max": 30.440168399260003,
      "times": [
        30.16219729426,
        28.758866211260003,
        27.889401364260003,
        30.440168399260003,
        28.081362968260002,
        28.27252418326,
        28.20171459426,
        29.179300639260003,
        26.328243638260002,
        28.58206609226
      ],
      "exit_codes": [
        0,
        0,
        0,
        0,
        0,
        0,
        0,
        0,
        0,
        0
      ]
    }
  ]
}
