{
  "results": [
    {
      "command": "python3 ../ibis-renoir-compiler test.test_operators.TestNullableOperators.test_nullable_windowing_explicit --backend renoir --path_suffix _100000000",
      "mean": 21.150590222339996,
      "stddev": 0.23077120397644232,
      "median": 21.111309292439998,
      "user": 58.73047671999999,
      "system": 2.0992177599999993,
      "min": 20.77796869394,
      "max": 21.55526237794,
      "times": [
        20.98510294294,
        21.022265672939998,
        21.55526237794,
        21.46448896594,
        20.77796869394,
        21.141543092939997,
        21.113133063939998,
        21.044829929939997,
        21.109485520939998,
        21.29182196194
      ],
      "exit_codes": [
        0,
        0,
        0,
        0,
        0,
        0,
        0,
        0,
        0,
        0
      ]
    }
  ]
}
