{
  "results": [
    {
      "command": "python3 ../ibis-renoir-compiler test.test_nexmark.TestNexmark.test_nexmark_query_2 --backend duckdb --path_suffix _100000000",
      "mean": 27.9349539225,
      "stddev": 0.32400797293763844,
      "median": 27.8903418552,
      "user": 17.56507442,
      "system": 8.37629816,
      "min": 27.4809658142,
      "max": 28.5840033972,
      "times": [
        28.0372453212,
        27.7103243542,
        27.4809658142,
        28.2202977902,
        27.825309827199998,
        27.9288162132,
        27.5875094082,
        28.5840033972,
        27.8518674972,
        28.1231996022
      ],
      "exit_codes": [
        0,
        0,
        0,
        0,
        0,
        0,
        0,
        0,
        0,
        0
      ]
    }
  ]
}
