{
  "results": [
    {
      "command": "python3 ../ibis-renoir-compiler test.test_nexmark.TestNexmark.test_nexmark_query_3 --backend renoir --path_suffix _100000000",
      "mean": 9.111041848480001,
      "stddev": 0.20619925397163655,
      "median": 9.11242278618,
      "user": 43.580030859999994,
      "system": 3.8137877800000006,
      "min": 8.64825527418,
      "max": 9.40784524218,
      "times": [
        8.64825527418,
        9.34057039718,
        9.15561889518,
        9.06658270318,
        9.06922667718,
        9.40784524218,
        9.00564702318,
        9.06505253918,
        9.189792948180001,
        9.16182678518
      ],
      "exit_codes": [
        0,
        0,
        0,
        0,
        0,
        0,
        0,
        0,
        0,
        0
      ]
    }
  ]
}
