{
  "results": [
    {
      "command": "python3 ../ibis-renoir-compiler test.test_operators.TestNullableOperators.test_nullable_filter_group_mutate --backend polars --path_suffix _100000000",
      "mean": 3.14968761112,
      "stddev": 0.04559359028496013,
      "median": 3.1332645692199996,
      "user": 12.711448579999999,
      "system": 2.41009654,
      "min": 3.11252717972,
      "max": 3.2666722557199996,
      "times": [
        3.1331214207199998,
        3.12368369272,
        3.13340771772,
        3.1300706577199997,
        3.1379403667199997,
        3.11252717972,
        3.15453460672,
        3.1219196337199997,
        3.18299857972,
        3.2666722557199996
      ],
      "exit_codes": [
        0,
        0,
        0,
        0,
        0,
        0,
        0,
        0,
        0,
        0
      ]
    }
  ]
}
