{
  "results": [
    {
      "command": "python3 ../ibis-renoir-compiler test.test_nexmark.TestNexmark.test_nexmark_query_6 --backend renoir --path_suffix _10000000",
      "mean": 11.091613939560002,
      "stddev": 0.19166914857069992,
      "median": 11.03746692166,
      "user": 83.43886380000001,
      "system": 5.462058399999999,
      "min": 10.95046421966,
      "max": 11.60849763266,
      "times": [
        10.99184127566,
        11.16747641866,
        11.092528572660001,
        11.03467892666,
        11.00562240066,
        11.60849763266,
        10.98073717466,
        11.04025491666,
        10.95046421966,
        11.04403785766
      ],
      "exit_codes": [
        0,
        0,
        0,
        0,
        0,
        0,
        0,
        0,
        0,
        0
      ]
    },
    {
      "command": "python3 ../ibis-renoir-compiler test.test_nexmark.TestNexmark.test_nexmark_query_6 --backend duckdb --path_suffix _10000000",
      "mean": 2.14656115206,
      "stddev": 0.018121406318191594,
      "median": 2.1478892401600005,
      "user": 9.707742399999999,
      "system": 2.6290477,
      "min": 2.12289715566,
      "max": 2.17845285866,
      "times": [
        2.17845285866,
        2.12289715566,
        2.15847824966,
        2.1508838156600003,
        2.16342576166,
        2.1448946646600002,
        2.13351316066,
        2.12417789766,
        2.15563063866,
        2.13325731766
      ],
      "exit_codes": [
        0,
        0,
        0,
        0,
        0,
        0,
        0,
        0,
        0,
        0
      ]
    }
  ]
}
