{
  "results": [
    {
      "command": "python3 ../ibis-renoir-compiler test.test_nexmark.TestNexmark.test_nexmark_query_2 --backend renoir --path_suffix _10000000",
      "mean": 2.44262988906,
      "stddev": 0.018204822651677322,
      "median": 2.4382568012599997,
      "user": 10.690070579999999,
      "system": 1.11921144,
      "min": 2.42323747776,
      "max": 2.4806769477599997,
      "times": [
        2.43861596176,
        2.4378976407599997,
        2.4441564097599997,
        2.43920749576,
        2.4684937577599997,
        2.42538768976,
        2.4353038157599998,
        2.43332169376,
        2.4806769477599997,
        2.42323747776
      ],
      "exit_codes": [
        0,
        0,
        0,
        0,
        0,
        0,
        0,
        0,
        0,
        0
      ]
    },
    {
      "command": "python3 ../ibis-renoir-compiler test.test_nexmark.TestNexmark.test_nexmark_query_2 --backend polars --path_suffix _10000000",
      "mean": 2.86717150196,
      "stddev": 0.026496719729175684,
      "median": 2.86157448176,
      "user": 2.80113518,
      "system": 0.9900885399999998,
      "min": 2.8396282667599997,
      "max": 2.93508371876,
      "times": [
        2.8396282667599997,
        2.93508371876,
        2.88216431076,
        2.8696947317599997,
        2.8541047597599998,
        2.8510343097599997,
        2.86434458576,
        2.8613269237599996,
        2.86182203976,
        2.85251137276
      ],
      "exit_codes": [
        0,
        0,
        0,
        0,
        0,
        0,
        0,
        0,
        0,
        0
      ]
    }
  ]
}
