{
  "results": [
    {
      "command": "python3 ../ibis-renoir-compiler test.test_nexmark.TestNexmark.test_nexmark_query_1 --backend renoir --path_suffix _10000000",
      "mean": 2.4713029838400002,
      "stddev": 0.014047789802079868,
      "median": 2.47027102874,
      "user": 10.84610814,
      "system": 1.1463182199999997,
      "min": 2.45168430974,
      "max": 2.50328881374,
      "times": [
        2.4622791197400002,
        2.46776286274,
        2.46822969174,
        2.47231236574,
        2.45168430974,
        2.47422743074,
        2.47308827774,
        2.45892247874,
        2.48123448774,
        2.50328881374
      ],
      "exit_codes": [
        0,
        0,
        0,
        0,
        0,
        0,
        0,
        0,
        0,
        0
      ]
    },
    {
      "command": "python3 ../ibis-renoir-compiler test.test_nexmark.TestNexmark.test_nexmark_query_1 --backend polars --path_suffix _10000000",
      "mean": 3.7011870905399995,
      "stddev": 0.012543861915164283,
      "median": 3.7028098812400003,
      "user": 3.6143961399999993,
      "system": 1.1843524199999997,
      "min": 3.67603229774,
      "max": 3.71715755474,
      "times": [
        3.69443943474,
        3.71715755474,
        3.68875996974,
        3.71112607674,
        3.71446299874,
        3.67603229774,
        3.70517908374,
        3.70632113974,
        3.70044067874,
        3.6979516707399998
      ],
      "exit_codes": [
        0,
        0,
        0,
        0,
        0,
        0,
        0,
        0,
        0,
        0
      ]
    }
  ]
}
