{
  "results": [
    {
      "command": "python3 ../ibis-renoir-compiler test.test_nexmark.TestNexmark.test_nexmark_query_6 --backend renoir --path_suffix _10000000",
      "mean": 11.045472650799999,
      "stddev": 0.10681581261996158,
      "median": 11.018034879,
      "user": 83.45566838,
      "system": 4.9608685800000005,
      "min": 10.9159469915,
      "max": 11.2971672165,
      "times": [
        11.2971672165,
        11.0746354245,
        11.0174337225,
        11.0186360355,
        10.9159469915,
        10.972026079499999,
        11.0581835005,
        11.0129190955,
        10.9614818675,
        11.1262965745
      ],
      "exit_codes": [
        0,
        0,
        0,
        0,
        0,
        0,
        0,
        0,
        0,
        0
      ]
    },
    {
      "command": "python3 ../ibis-renoir-compiler test.test_nexmark.TestNexmark.test_nexmark_query_6 --backend polars --path_suffix _10000000",
      "mean": 2.2013571504000002,
      "stddev": 0.025890813440468386,
      "median": 2.202633209,
      "user": 9.68908638,
      "system": 2.69330488,
      "min": 2.1657211885,
      "max": 2.2568009935,
      "times": [
        2.1777541275,
        2.1798415825,
        2.2118341275,
        2.2158608615,
        2.2103334635,
        2.2568009935,
        2.1657211885,
        2.1949329545,
        2.2108434155000003,
        2.1896487895
      ],
      "exit_codes": [
        0,
        0,
        0,
        0,
        0,
        0,
        0,
        0,
        0,
        0
      ]
    }
  ]
}
