{
  "results": [
    {
      "command": "python3 ../ibis-renoir-compiler test.test_nexmark.TestNexmark.test_nexmark_query_1 --backend renoir --path_suffix _10000000",
      "mean": 2.4735959771200005,
      "stddev": 0.010797407651621621,
      "median": 2.4711223054199998,
      "user": 10.83534842,
      "system": 1.1401803,
      "min": 2.45780729542,
      "max": 2.4906750784200002,
      "times": [
        2.47427264242,
        2.4906750784200002,
        2.46704557942,
        2.48928071042,
        2.46481553342,
        2.45780729542,
        2.48258499842,
        2.46723332242,
        2.47315716642,
        2.46908744442
      ],
      "exit_codes": [
        0,
        0,
        0,
        0,
        0,
        0,
        0,
        0,
        0,
        0
      ]
    },
    {
      "command": "python3 ../ibis-renoir-compiler test.test_nexmark.TestNexmark.test_nexmark_query_1 --backend duckdb --path_suffix _10000000",
      "mean": 3.6285954820200006,
      "stddev": 0.03652679592367728,
      "median": 3.63494456842,
      "user": 3.68517732,
      "system": 1.1756201,
      "min": 3.53385030442,
      "max": 3.66173775942,
      "times": [
        3.6426630004200002,
        3.53385030442,
        3.62177906442,
        3.64869526342,
        3.62722613642,
        3.65459073942,
        3.66173775942,
        3.62314719842,
        3.62090915242,
        3.65135620142
      ],
      "exit_codes": [
        0,
        0,
        0,
        0,
        0,
        0,
        0,
        0,
        0,
        0
      ]
    }
  ]
}
