{
  "results": [
    {
      "command": "python3 ../ibis-renoir-compiler test.test_nexmark.TestNexmark.test_nexmark_query_4 --backend renoir --path_suffix _10000000",
      "mean": 9.704751212080001,
      "stddev": 0.06116347697449345,
      "median": 9.687785116879999,
      "user": 72.56383986,
      "system": 4.428591920000001,
      "min": 9.64742351138,
      "max": 9.846435377379999,
      "times": [
        9.70445855138,
        9.695570740379999,
        9.664194604379999,
        9.674144734379999,
        9.679999493379999,
        9.64742351138,
        9.71945952538,
        9.649633569379999,
        9.76619201338,
        9.846435377379999
      ],
      "exit_codes": [
        0,
        0,
        0,
        0,
        0,
        0,
        0,
        0,
        0,
        0
      ]
    },
    {
      "command": "python3 ../ibis-renoir-compiler test.test_nexmark.TestNexmark.test_nexmark_query_4 --backend duckdb --path_suffix _10000000",
      "mean": 1.5639942650800003,
      "stddev": 0.00585490530765128,
      "median": 1.5645154658800002,
      "user": 5.52813236,
      "system": 1.1492912199999998,
      "min": 1.55214476838,
      "max": 1.5730611393800003,
      "times": [
        1.5605018103800001,
        1.5656463413800001,
        1.5730611393800003,
        1.5644422783800003,
        1.55214476838,
        1.57106601238,
        1.5645886533800002,
        1.56413244838,
        1.5595523263800002,
        1.5648068723800002
      ],
      "exit_codes": [
        0,
        0,
        0,
        0,
        0,
        0,
        0,
        0,
        0,
        0
      ]
    }
  ]
}
