{
  "results": [
    {
      "command": "python3 ../ibis-renoir-compiler test.test_nexmark.TestNexmark.test_nexmark_query_3 --backend renoir --path_suffix _10000000",
      "mean": 3.8295800470600008,
      "stddev": 0.08080880421386356,
      "median": 3.80798496356,
      "user": 18.7448873,
      "system": 1.7395612599999999,
      "min": 3.73394855856,
      "max": 3.98305422556,
      "times": [
        3.90077731056,
        3.87577932956,
        3.80099259356,
        3.7995723775599997,
        3.73418666256,
        3.76374804556,
        3.73394855856,
        3.8887640335599998,
        3.98305422556,
        3.81497733356
      ],
      "exit_codes": [
        0,
        0,
        0,
        0,
        0,
        0,
        0,
        0,
        0,
        0
      ]
    },
    {
      "command": "python3 ../ibis-renoir-compiler test.test_nexmark.TestNexmark.test_nexmark_query_3 --backend polars --path_suffix _10000000",
      "mean": 1.1436992382600002,
      "stddev": 0.004785402744995486,
      "median": 1.14361300906,
      "user": 1.3470471,
      "system": 0.80452966,
      "min": 1.13761510256,
      "max": 1.15427148356,
      "times": [
        1.1464318365600001,
        1.14454864656,
        1.13761510256,
        1.14076088356,
        1.13845825356,
        1.1436319695600001,
        1.15427148356,
        1.14359404856,
        1.14638624656,
        1.14129391156
      ],
      "exit_codes": [
        0,
        0,
        0,
        0,
        0,
        0,
        0,
        0,
        0,
        0
      ]
    }
  ]
}
