{
  "results": [
    {
      "command": "python3 ../ibis-renoir-compiler test.test_operators.TestNullableOperators.test_nullable_inner_join_select --backend renoir --path_suffix _10000000",
      "mean": 7.0049464202600005,
      "stddev": 0.2352312690155582,
      "median": 7.05183090646,
      "user": 29.34394954,
      "system": 1.9236172599999997,
      "min": 6.71960179796,
      "max": 7.3641875079600005,
      "times": [
        6.99381585496,
        7.20506035396,
        6.76674541696,
        7.10984595796,
        7.232397750960001,
        6.7945056819600005,
        6.7407968169600005,
        6.71960179796,
        7.3641875079600005,
        7.1225070629600005
      ],
      "exit_codes": [
        0,
        0,
        0,
        0,
        0,
        0,
        0,
        0,
        0,
        0
      ]
    },
    {
      "command": "python3 ../ibis-renoir-compiler test.test_operators.TestNullableOperators.test_nullable_inner_join_select --backend duckdb --path_suffix _10000000",
      "mean": 1.41462113326,
      "stddev": 0.015368309769577416,
      "median": 1.4126604404599998,
      "user": 3.3141237399999994,
      "system": 1.0687851599999998,
      "min": 1.39340200096,
      "max": 1.43545003996,
      "times": [
        1.40618064296,
        1.39460573396,
        1.40698694296,
        1.42511115696,
        1.43545003996,
        1.41833393796,
        1.39340200096,
        1.42891694796,
        1.4318667999599999,
        1.40535712896
      ],
      "exit_codes": [
        0,
        0,
        0,
        0,
        0,
        0,
        0,
        0,
        0,
        0
      ]
    }
  ]
}
