{
  "results": [
    {
      "command": "python3 ../ibis-renoir-compiler test.test_operators.TestNullableOperators.test_nullable_filter_reduce --backend renoir --path_suffix _10000000",
      "mean": 4.07631924296,
      "stddev": 0.13284631321078935,
      "median": 4.07515156286,
      "user": 15.466379099999997,
      "system": 1.10315028,
      "min": 3.90737227736,
      "max": 4.3759149293599995,
      "times": [
        3.96968255236,
        3.90737227736,
        3.94536663436,
        4.13321374336,
        4.13006752436,
        4.1046055813599995,
        4.12117735736,
        4.04569754436,
        4.03009428536,
        4.3759149293599995
      ],
      "exit_codes": [
        0,
        0,
        0,
        0,
        0,
        0,
        0,
        0,
        0,
        0
      ]
    },
    {
      "command": "python3 ../ibis-renoir-compiler test.test_operators.TestNullableOperators.test_nullable_filter_reduce --backend duckdb --path_suffix _10000000",
      "mean": 1.1241013302599998,
      "stddev": 0.022815584409071134,
      "median": 1.13051939036,
      "user": 1.8950742999999999,
      "system": 0.89903878,
      "min": 1.08691766836,
      "max": 1.1553855573599998,
      "times": [
        1.10320783836,
        1.1553855573599998,
        1.1275922403599998,
        1.08691766836,
        1.1397773253599999,
        1.10559548936,
        1.13958867836,
        1.10285728436,
        1.14664468036,
        1.1334465403599998
      ],
      "exit_codes": [
        0,
        0,
        0,
        0,
        0,
        0,
        0,
        0,
        0,
        0
      ]
    }
  ]
}
