{
  "results": [
    {
      "command": "python3 ../ibis-renoir-compiler test.test_operators.TestNullableOperators.test_nullable_filter_group_mutate --backend renoir --path_suffix _10000000",
      "mean": 4.11023796766,
      "stddev": 0.07383561316781904,
      "median": 4.0810559918600005,
      "user": 16.016515599999998,
      "system": 1.1249141200000001,
      "min": 4.024867090360001,
      "max": 4.23735686136,
      "times": [
        4.089707537360001,
        4.16603032036,
        4.0393099683600004,
        4.23735686136,
        4.07018636236,
        4.05462845936,
        4.07240444636,
        4.024867090360001,
        4.13647504436,
        4.21141358636
      ],
      "exit_codes": [
        0,
        0,
        0,
        0,
        0,
        0,
        0,
        0,
        0,
        0
      ]
    },
    {
      "command": "python3 ../ibis-renoir-compiler test.test_operators.TestNullableOperators.test_nullable_filter_group_mutate --backend duckdb --path_suffix _10000000",
      "mean": 1.09624791046,
      "stddev": 0.0390637847121299,
      "median": 1.07923374986,
      "user": 1.9170344999999998,
      "system": 0.88081092,
      "min": 1.06248690836,
      "max": 1.1793037903599999,
      "times": [
        1.06578090936,
        1.1793037903599999,
        1.13840334036,
        1.12500778736,
        1.09572033536,
        1.06248690836,
        1.07391167836,
        1.08455582136,
        1.07016608836,
        1.06714244536
      ],
      "exit_codes": [
        0,
        0,
        0,
        0,
        0,
        0,
        0,
        0,
        0,
        0
      ]
    }
  ]
}
