{
  "results": [
    {
      "command": "python3 ../ibis-renoir-compiler test.test_operators.TestNullableOperators.test_nullable_windowing_implicit_mean --backend renoir --path_suffix _10000000",
      "mean": 10.45110382262,
      "stddev": 0.35648996513291775,
      "median": 10.398735133619999,
      "user": 49.23487654,
      "system": 2.8320295999999994,
      "min": 9.97278225412,
      "max": 11.07543812312,
      "times": [
        10.01083658712,
        10.316631725119999,
        11.07543812312,
        10.725709888119999,
        10.52545187312,
        10.24676076612,
        10.480838542119999,
        10.85876871412,
        10.297819753119999,
        9.97278225412
      ],
      "exit_codes": [
        0,
        0,
        0,
        0,
        0,
        0,
        0,
        0,
        0,
        0
      ]
    },
    {
      "command": "python3 ../ibis-renoir-compiler test.test_operators.TestNullableOperators.test_nullable_windowing_implicit_mean --backend duckdb --path_suffix _10000000",
      "mean": 5.563117325220001,
      "stddev": 0.08365342666872087,
      "median": 5.517979926120001,
      "user": 5.00159394,
      "system": 2.7506121999999995,
      "min": 5.47660418212,
      "max": 5.69807326112,
      "times": [
        5.54801449212,
        5.69807326112,
        5.47660418212,
        5.50890909812,
        5.51117134612,
        5.509935840120001,
        5.678495782120001,
        5.666997564120001,
        5.52478850612,
        5.5081831801200005
      ],
      "exit_codes": [
        0,
        0,
        0,
        0,
        0,
        0,
        0,
        0,
        0,
        0
      ]
    }
  ]
}
