{
  "results": [
    {
      "command": "python3 ../ibis-renoir-compiler test.test_nexmark.TestNexmark.test_nexmark_query_6 --backend renoir --path_suffix _100000000",
      "mean": 71.36056692279999,
      "stddev": 0.2354630279542684,
      "median": 71.2498836689,
      "user": 633.05314196,
      "system": 39.55332521999999,
      "min": 71.0874613494,
      "max": 71.7205164594,
      "times": [
        71.2072455804,
        71.26871511040001,
        71.5292003054,
        71.2310522274,
        71.7205164594,
        71.1457675284,
        71.0874613494,
        71.57459244340001,
        71.1771089914,
        71.6640092324
      ],
      "exit_codes": [
        0,
        0,
        0,
        0,
        0,
        0,
        0,
        0,
        0,
        0
      ]
    },
    {
      "command": "python3 ../ibis-renoir-compiler test.test_nexmark.TestNexmark.test_nexmark_query_6 --backend polars --path_suffix _100000000",
      "mean": 11.5462756442,
      "stddev": 0.03606778621465479,
      "median": 11.5492568644,
      "user": 98.89142736000001,
      "system": 11.30456462,
      "min": 11.485418882400001,
      "max": 11.600739023400001,
      "times": [
        11.565153199400001,
        11.485418882400001,
        11.600739023400001,
        11.5243435894,
        11.5781919464,
        11.5051669204,
        11.574715816400001,
        11.5305133354,
        11.563698781400001,
        11.534814947400001
      ],
      "exit_codes": [
        0,
        0,
        0,
        0,
        0,
        0,
        0,
        0,
        0,
        0
      ]
    }
  ]
}
