{
  "results": [
    {
      "command": "python3 ../ibis-renoir-compiler test.test_nexmark.TestNexmark.test_nexmark_query_3 --backend renoir --path_suffix _100000000",
      "mean": 6.9582991423400005,
      "stddev": 0.07555684214394148,
      "median": 6.933604540139999,
      "user": 41.452664,
      "system": 5.962969379999999,
      "min": 6.886322380639999,
      "max": 7.11027092364,
      "times": [
        6.90790234464,
        6.88847077264,
        6.93988102464,
        6.90175346764,
        7.054552150639999,
        7.11027092364,
        7.00171480464,
        6.96479549864,
        6.927328055639999,
        6.886322380639999
      ],
      "exit_codes": [
        0,
        0,
        0,
        0,
        0,
        0,
        0,
        0,
        0,
        0
      ]
    },
    {
      "command": "python3 ../ibis-renoir-compiler test.test_nexmark.TestNexmark.test_nexmark_query_3 --backend duckdb --path_suffix _100000000",
      "mean": 1.1643483973400002,
      "stddev": 0.0055025789073156785,
      "median": 1.1629921366400002,
      "user": 1.865206,
      "system": 0.8565011800000001,
      "min": 1.1538425336400002,
      "max": 1.1723589736400002,
      "times": [
        1.16208211264,
        1.17053216764,
        1.1611208886400002,
        1.1617735256400001,
        1.1617542196400001,
        1.16929956564,
        1.1538425336400002,
        1.1639021606400002,
        1.1668178256400001,
        1.1723589736400002
      ],
      "exit_codes": [
        0,
        0,
        0,
        0,
        0,
        0,
        0,
        0,
        0,
        0
      ]
    }
  ]
}
