{
  "results": [
    {
      "command": "python3 ../ibis-renoir-compiler test.test_nexmark.TestNexmark.test_nexmark_query_4 --backend renoir --path_suffix _100000000",
      "mean": 56.868945483740006,
      "stddev": 0.851797506760523,
      "median": 56.74195474444,
      "user": 508.54026035999993,
      "system": 35.525330700000005,
      "min": 55.59118092294,
      "max": 58.79165797294,
      "times": [
        56.38135687694,
        56.667371208940004,
        56.913333992940004,
        57.36373772694,
        55.59118092294,
        58.79165797294,
        57.30831893594,
        56.21506728494,
        56.640891634940004,
        56.81653827994
      ],
      "exit_codes": [
        0,
        0,
        0,
        0,
        0,
        0,
        0,
        0,
        0,
        0
      ]
    },
    {
      "command": "python3 ../ibis-renoir-compiler test.test_nexmark.TestNexmark.test_nexmark_query_4 --backend duckdb --path_suffix _100000000",
      "mean": 6.58597386404,
      "stddev": 0.02521709650774201,
      "median": 6.58066966144,
      "user": 53.02231145999999,
      "system": 5.0230745,
      "min": 6.54836274094,
      "max": 6.6319778219400005,
      "times": [
        6.6319778219400005,
        6.56612399094,
        6.582999265940001,
        6.62329974594,
        6.57662322894,
        6.54836274094,
        6.58148196594,
        6.57339908294,
        6.59561343994,
        6.579857356940001
      ],
      "exit_codes": [
        0,
        0,
        0,
        0,
        0,
        0,
        0,
        0,
        0,
        0
      ]
    }
  ]
}
