{
  "results": [
    {
      "command": "python3 ../ibis-renoir-compiler test.test_operators.TestNullableOperators.test_nullable_filter_group_select --backend duckdb --path_suffix _100000000",
      "mean": 1.9923742574600003,
      "stddev": 0.011980462958780002,
      "median": 1.98871671326,
      "user": 13.37446334,
      "system": 1.42090462,
      "min": 1.9761970002600002,
      "max": 2.01519016426,
      "times": [
        1.98921070126,
        1.9866665532600003,
        2.01519016426,
        2.00350214626,
        1.9882227252600002,
        1.9761970002600002,
        2.00587699526,
        1.98777694526,
        1.9817251502600002,
        1.9893741932600002
      ],
      "exit_codes": [
        0,
        0,
        0,
        0,
        0,
        0,
        0,
        0,
        0,
        0
      ]
    }
  ]
}
