{
  "results": [
    {
      "command": "python3 ../ibis-renoir-compiler test.test_operators.TestNullableOperators.test_nullable_filter_reduce --backend polars --path_suffix _100000000",
      "mean": 2.04610040814,
      "stddev": 0.011375512391505162,
      "median": 2.04714646624,
      "user": 13.438926999999998,
      "system": 1.4332121599999998,
      "min": 2.02505476274,
      "max": 2.0658574927399997,
      "times": [
        2.04967247474,
        2.0658574927399997,
        2.02505476274,
        2.04116225974,
        2.05762270974,
        2.03402785674,
        2.04917443074,
        2.04681519674,
        2.04413916174,
        2.04747773574
      ],
      "exit_codes": [
        0,
        0,
        0,
        0,
        0,
        0,
        0,
        0,
        0,
        0
      ]
    }
  ]
}
