{
  "results": [
    {
      "command": "python3 ../ibis-renoir-compiler test.test_operators.TestNullableOperators.test_nullable_filter_group_mutate --backend flink --path_suffix _100000000",
      "mean": 3.6359620440400002,
      "stddev": 0.0549643763015248,
      "median": 3.6176042963399997,
      "user": 12.457072359999998,
      "system": 1.4354512199999998,
      "min": 3.57954955284,
      "max": 3.75590065884,
      "times": [
        3.6247179308399997,
        3.59576486384,
        3.60330310084,
        3.75590065884,
        3.6104906618399997,
        3.7060010058399997,
        3.63411580384,
        3.6024123588399997,
        3.57954955284,
        3.64736450284
      ],
      "exit_codes": [
        0,
        0,
        0,
        0,
        0,
        0,
        0,
        0,
        0,
        0
      ]
    }
  ]
}
