{
  "results": [
    {
      "command": "python3 ../ibis-renoir-compiler test.test_operators.TestNullableOperators.test_nullable_filter_group_mutate_reduce --backend flink --path_suffix _100000000",
      "mean": 73.48212472764,
      "stddev": 0.43098856539875924,
      "median": 73.43320687424,
      "user": 107.59040824000002,
      "system": 13.793768419999997,
      "min": 72.88692996724,
      "max": 74.26855659323999,
      "times": [
        74.26855659323999,
        73.14438421324,
        73.42272392523999,
        73.40535540424,
        73.01484578524,
        74.00161862624,
        72.88692996724,
        73.44368982323999,
        73.45895618624,
        73.77418675224
      ],
      "exit_codes": [
        0,
        0,
        0,
        0,
        0,
        0,
        0,
        0,
        0,
        0
      ]
    }
  ]
}
