{
  "results": [
    {
      "command": "python3 ../ibis-renoir-compiler test.test_operators.TestNullableOperators.test_nullable_filter_group_mutate --backend renoir --path_suffix _100000000",
      "mean": 5.66081405814,
      "stddev": 0.23619454751824295,
      "median": 5.80468466304,
      "user": 45.285515419999996,
      "system": 1.5613344200000001,
      "min": 5.31598764354,
      "max": 5.859826862539999,
      "times": [
        5.31598764354,
        5.31822461354,
        5.34445104754,
        5.67475562754,
        5.81114457354,
        5.7982247525399995,
        5.83467007554,
        5.821567527539999,
        5.82928785754,
        5.859826862539999
      ],
      "exit_codes": [
        0,
        0,
        0,
        0,
        0,
        0,
        0,
        0,
        0,
        0
      ]
    }
  ]
}
