{
  "results": [
    {
      "command": "python ../ibis-renoir-compiler test.test_nexmark.TestNexmark.test_nexmark_query_2 --backend renoir --path_suffix _10000000",
      "mean": 3.0170054033,
      "stddev": 0.0841554330257062,
      "median": 3.0241443004,
      "user": 10.330313839999999,
      "system": 1.32736544,
      "min": 2.8459780804,
      "max": 3.1373777884000003,
      "times": [
        2.9366629154000004,
        3.0518716554000003,
        3.0024442514,
        2.8459780804,
        3.1089702554,
        2.9786688814000004,
        3.1373777884000003,
        3.0128092174,
        3.0354793834000002,
        3.0597916044000004
      ],
      "exit_codes": [
        0,
        0,
        0,
        0,
        0,
        0,
        0,
        0,
        0,
        0
      ]
    },
    {
      "command": "python ../ibis-renoir-compiler test.test_nexmark.TestNexmark.test_nexmark_query_2 --backend polars --path_suffix _10000000",
      "mean": 3.4306057754,
      "stddev": 0.04227590398397882,
      "median": 3.4256250719000003,
      "user": 2.7357139399999997,
      "system": 1.4346498399999998,
      "min": 3.3625171464,
      "max": 3.5177484414,
      "times": [
        3.4068422464,
        3.5177484414,
        3.4731164664,
        3.4236423954000004,
        3.4391990384000004,
        3.3980752944000003,
        3.4166893204,
        3.4406196564000004,
        3.4276077484000003,
        3.3625171464
      ],
      "exit_codes": [
        0,
        0,
        0,
        0,
        0,
        0,
        0,
        0,
        0,
        0
      ]
    }
  ]
}
