{
  "results": [
    {
      "command": "python ../ibis-renoir-compiler test.test_nexmark.TestNexmark.test_nexmark_query_1 --backend renoir --path_suffix _10000000",
      "mean": 3.21292626408,
      "stddev": 0.13278233898703656,
      "median": 3.18598554808,
      "user": 10.7653459,
      "system": 1.3041391199999999,
      "min": 3.08507671358,
      "max": 3.52737875558,
      "times": [
        3.14656617358,
        3.09767772058,
        3.22229971058,
        3.52737875558,
        3.10603977358,
        3.19567956758,
        3.17629152858,
        3.31694793258,
        3.25530476458,
        3.08507671358
      ],
      "exit_codes": [
        0,
        0,
        0,
        0,
        0,
        0,
        0,
        0,
        0,
        0
      ]
    },
    {
      "command": "python ../ibis-renoir-compiler test.test_nexmark.TestNexmark.test_nexmark_query_1 --backend duckdb --path_suffix _10000000",
      "mean": 4.26907154448,
      "stddev": 0.11275721608734617,
      "median": 4.23717338758,
      "user": 3.5764140999999996,
      "system": 1.7858563199999995,
      "min": 4.13972225358,
      "max": 4.478316942579999,
      "times": [
        4.438862041579999,
        4.478316942579999,
        4.23361702258,
        4.191856201579999,
        4.13972225358,
        4.22395772558,
        4.250406453579999,
        4.32929776758,
        4.163949283579999,
        4.24072975258
      ],
      "exit_codes": [
        0,
        0,
        0,
        0,
        0,
        0,
        0,
        0,
        0,
        0
      ]
    }
  ]
}
