{
  "results": [
    {
      "command": "python ../ibis-renoir-compiler test.test_nexmark.TestNexmark.test_nexmark_query_3 --backend renoir --path_suffix _10000000",
      "mean": 5.79237874902,
      "stddev": 0.1777300167977845,
      "median": 5.77676632542,
      "user": 23.7048907,
      "system": 1.54544726,
      "min": 5.47333565842,
      "max": 6.1048533984199995,
      "times": [
        5.593602650419999,
        5.47333565842,
        5.86004388442,
        6.1048533984199995,
        5.83817337242,
        5.77801199442,
        5.7755206564199995,
        5.77181207842,
        5.9813494044199995,
        5.74708439242
      ],
      "exit_codes": [
        0,
        0,
        0,
        0,
        0,
        0,
        0,
        0,
        0,
        0
      ]
    },
    {
      "command": "python ../ibis-renoir-compiler test.test_nexmark.TestNexmark.test_nexmark_query_3 --backend duckdb --path_suffix _10000000",
      "mean": 1.2669840642199999,
      "stddev": 0.01673790935221233,
      "median": 1.26717177942,
      "user": 1.2355293,
      "system": 0.8433419600000001,
      "min": 1.2440765594199998,
      "max": 1.29747480642,
      "times": [
        1.26386918242,
        1.29747480642,
        1.28929255842,
        1.27144479842,
        1.25249335542,
        1.2440765594199998,
        1.2669323254199998,
        1.24885846342,
        1.2674112334199998,
        1.26798735942
      ],
      "exit_codes": [
        0,
        0,
        0,
        0,
        0,
        0,
        0,
        0,
        0,
        0
      ]
    }
  ]
}
