{
  "results": [
    {
      "command": "python ../ibis-renoir-compiler test.test_nexmark.TestNexmark.test_nexmark_query_6 --backend renoir --path_suffix _10000000",
      "mean": 17.74893070302,
      "stddev": 0.5528239254330611,
      "median": 17.761123684719998,
      "user": 91.98886642000001,
      "system": 5.507881819999999,
      "min": 17.02953979222,
      "max": 18.56907973422,
      "times": [
        17.346486921220002,
        17.24634527022,
        17.15569568922,
        18.04626119322,
        18.01142721922,
        18.56907973422,
        18.311441109220002,
        18.26220995122,
        17.51082015022,
        17.02953979222
      ],
      "exit_codes": [
        0,
        0,
        0,
        0,
        0,
        0,
        0,
        0,
        0,
        0
      ]
    },
    {
      "command": "python ../ibis-renoir-compiler test.test_nexmark.TestNexmark.test_nexmark_query_6 --backend polars --path_suffix _10000000",
      "mean": 2.76351183152,
      "stddev": 0.08423545504277322,
      "median": 2.7289529642200003,
      "user": 7.61921332,
      "system": 2.66174712,
      "min": 2.69710262622,
      "max": 2.96544350422,
      "times": [
        2.7420292882200004,
        2.69710262622,
        2.7348123382200002,
        2.77392517022,
        2.72185626522,
        2.96544350422,
        2.8549754022200005,
        2.7139682132200003,
        2.70791191722,
        2.72309359022
      ],
      "exit_codes": [
        0,
        0,
        0,
        0,
        0,
        0,
        0,
        0,
        0,
        0
      ]
    }
  ]
}
