{
  "results": [
    {
      "command": "python ../ibis-renoir-compiler test.test_nexmark.TestNexmark.test_nexmark_query_2 --backend renoir --path_suffix _10000000",
      "mean": 3.0827956051800003,
      "stddev": 0.1528636732443435,
      "median": 2.9917498289800006,
      "user": 10.34682124,
      "system": 1.30071114,
      "min": 2.9258645269800003,
      "max": 3.2831484519800003,
      "times": [
        2.9737817359800003,
        2.9762844769800005,
        2.96642542298,
        2.9258645269800003,
        3.0072151809800003,
        2.9506131409800003,
        3.2831484519800003,
        3.2006824109800003,
        3.2793986909800004,
        3.2645420129800002
      ],
      "exit_codes": [
        0,
        0,
        0,
        0,
        0,
        0,
        0,
        0,
        0,
        0
      ]
    },
    {
      "command": "python ../ibis-renoir-compiler test.test_nexmark.TestNexmark.test_nexmark_query_2 --backend duckdb --path_suffix _10000000",
      "mean": 3.3681141280800007,
      "stddev": 0.1673366734183918,
      "median": 3.29880630348,
      "user": 2.70699374,
      "system": 1.3587433399999997,
      "min": 3.2554528559800002,
      "max": 3.7842972309800005,
      "times": [
        3.7842972309800005,
        3.4655225899800004,
        3.30097808498,
        3.30423639398,
        3.29663452198,
        3.26504756498,
        3.2554528559800002,
        3.47590470698,
        3.2714865049800004,
        3.2615808259800003
      ],
      "exit_codes": [
        0,
        0,
        0,
        0,
        0,
        0,
        0,
        0,
        0,
        0
      ]
    }
  ]
}
