{
  "results": [
    {
      "command": "python3 ../ibis-renoir-compiler test.test_nexmark.TestNexmark.test_nexmark_query_6 --backend duckdb --path_suffix _10000000 --table_origin backend",
      "mean": 0.88495930054,
      "stddev": 0.005191268022466549,
      "median": 0.8856298545400001,
      "user": 1.93268706,
      "system": 0.9025109600000001,
      "min": 0.87563174454,
      "max": 0.89290255054,
      "times": [
        0.88488713354,
        0.8878417015400001,
        0.88073750354,
        0.8826759325400001,
        0.88939978454,
        0.89290255054,
        0.88637257554,
        0.87563174454,
        0.8801516955400001,
        0.8889923835400001
      ],
      "exit_codes": [
        0,
        0,
        0,
        0,
        0,
        0,
        0,
        0,
        0,
        0
      ]
    }
  ]
}
