{
  "results": [
    {
      "command": "python3 ../ibis-renoir-compiler test.test_operators.TestNullableOperators.test_nullable_filter_select --backend renoir --path_suffix _10000000",
      "mean": 1.9558049052400002,
      "stddev": 0.04038056954423511,
      "median": 1.94621844514,
      "user": 6.85893138,
      "system": 1.03474242,
      "min": 1.92231464064,
      "max": 2.06723930364,
      "times": [
        1.94711479364,
        2.06723930364,
        1.93615054164,
        1.9411536946399999,
        1.94745003264,
        1.95185450764,
        1.9594813716400001,
        1.92231464064,
        1.9399680696400001,
        1.94532209664
      ],
      "exit_codes": [
        0,
        0,
        0,
        0,
        0,
        0,
        0,
        0,
        0,
        0
      ]
    }
  ]
}
