{
  "results": [
    {
      "command": "python3 ../ibis-renoir-compiler test.test_nexmark.TestNexmark.test_nexmark_query_2 --backend renoir --path_suffix _10000000",
      "mean": 2.4544102717,
      "stddev": 0.014346916405798882,
      "median": 2.4501220022999997,
      "user": 10.933214060000001,
      "system": 1.2248220799999998,
      "min": 2.4323756588,
      "max": 2.4777745008,
      "times": [
        2.4777745008,
        2.4475424178,
        2.4323756588,
        2.4520128887999997,
        2.4445712598,
        2.4758489498,
        2.4637097158,
        2.4482311157999996,
        2.4453576468,
        2.4566785627999996
      ],
      "exit_codes": [
        0,
        0,
        0,
        0,
        0,
        0,
        0,
        0,
        0,
        0
      ]
    }
  ]
}
