{
  "results": [
    {
      "command": "python3 ../ibis-renoir-compiler test.test_nexmark.TestNexmark.test_nexmark_query_6 --backend duckdb --path_suffix _10000000",
      "mean": 1.7394351656800002,
      "stddev": 0.007188920639061959,
      "median": 1.7380937812800001,
      "user": 5.8801508799999995,
      "system": 1.3239473400000001,
      "min": 1.7288470847800002,
      "max": 1.7500893127800001,
      "times": [
        1.7288470847800002,
        1.7365916357800002,
        1.7480728807800001,
        1.7299640127800002,
        1.7438421347800002,
        1.7500893127800001,
        1.7361959777800002,
        1.73641916778,
        1.74473352278,
        1.73959592678
      ],
      "exit_codes": [
        0,
        0,
        0,
        0,
        0,
        0,
        0,
        0,
        0,
        0
      ]
    }
  ]
}
