{
  "results": [
    {
      "command": "python3 ../ibis-renoir-compiler test.test_operators.TestNullableOperators.test_nullable_filter_group_mutate --backend renoir --path_suffix _10000000",
      "mean": 2.75540652682,
      "stddev": 0.017648358923563815,
      "median": 2.7554405450200004,
      "user": 13.73496132,
      "system": 1.0866404199999997,
      "min": 2.73311615202,
      "max": 2.7785568880200002,
      "times": [
        2.73419511602,
        2.7785568880200002,
        2.77720659202,
        2.73311615202,
        2.7338648180200003,
        2.7550959880200003,
        2.75792101002,
        2.77468076202,
        2.7557851020200004,
        2.75364284002
      ],
      "exit_codes": [
        0,
        0,
        0,
        0,
        0,
        0,
        0,
        0,
        0,
        0
      ]
    }
  ]
}
