{
  "results": [
    {
      "command": "python3 ../ibis-renoir-compiler test.test_operators.TestNullableOperators.test_nullable_windowing_explicit --backend renoir --path_suffix _10000000",
      "mean": 3.7334237388400004,
      "stddev": 0.07231739324890965,
      "median": 3.71574795794,
      "user": 13.320713399999997,
      "system": 1.1907343999999997,
      "min": 3.5942850294400004,
      "max": 3.82796614744,
      "times": [
        3.82796614744,
        3.7078717184400003,
        3.69231679244,
        3.82263386344,
        3.7076175804400004,
        3.5942850294400004,
        3.7486170394400005,
        3.81198976244,
        3.69731525744,
        3.72362419744
      ],
      "exit_codes": [
        0,
        0,
        0,
        0,
        0,
        0,
        0,
        0,
        0,
        0
      ]
    }
  ]
}
