{
  "results": [
    {
      "command": "python3 ../ibis-renoir-compiler test.test_operators.TestNullableOperators.test_nullable_outer_join --backend duckdb --path_suffix _10000000",
      "mean": 43.1450281593,
      "stddev": 0.4848465737989443,
      "median": 43.156664053,
      "user": 47.5684172,
      "system": 2.5189781,
      "min": 42.556699225500005,
      "max": 44.124031329500006,
      "times": [
        43.306199300500005,
        43.669413273500005,
        42.7834012575,
        42.556699225500005,
        42.9006788625,
        43.133216807500006,
        43.1801112985,
        44.124031329500006,
        43.211727117500004,
        42.584803120500005
      ],
      "exit_codes": [
        0,
        0,
        0,
        0,
        0,
        0,
        0,
        0,
        0,
        0
      ]
    }
  ]
}
