{
  "results": [
    {
      "command": "python ../ibis-renoir-compiler test.test_nexmark.TestNexmark.test_nexmark_query_3 --backend renoir --path_suffix _10000000",
      "mean": 6.060775957280001,
      "stddev": 0.12100127632850963,
      "median": 6.0103663558800005,
      "user": 24.6771204,
      "system": 1.6640689000000002,
      "min": 5.95432712388,
      "max": 6.32753448188,
      "times": [
        5.95432712388,
        6.01634930788,
        6.02132563788,
        6.22725709788,
        5.99181278388,
        5.99713459888,
        6.00438340388,
        6.32753448188,
        6.08174730288,
        5.98588783388
      ],
      "exit_codes": [
        0,
        0,
        0,
        0,
        0,
        0,
        0,
        0,
        0,
        0
      ]
    },
    {
      "command": "python ../ibis-renoir-compiler test.test_nexmark.TestNexmark.test_nexmark_query_3 --backend polars --path_suffix _10000000",
      "mean": 1.3677474179799998,
      "stddev": 0.011520380377514928,
      "median": 1.3648129228800001,
      "user": 1.3350144999999998,
      "system": 0.8589053999999999,
      "min": 1.35641475688,
      "max": 1.39546800588,
      "times": [
        1.35641475688,
        1.36772190388,
        1.36284467488,
        1.37244750088,
        1.37587566588,
        1.36678117088,
        1.39546800588,
        1.35980082788,
        1.35880767988,
        1.36131199288
      ],
      "exit_codes": [
        0,
        0,
        0,
        0,
        0,
        0,
        0,
        0,
        0,
        0
      ]
    }
  ]
}
