{
  "results": [
    {
      "command": "python ../ibis-renoir-compiler test.test_nexmark.TestNexmark.test_nexmark_query_1 --backend renoir --path_suffix _10000000",
      "mean": 2.98250918552,
      "stddev": 0.03543068494595651,
      "median": 2.96803187132,
      "user": 10.914411959999999,
      "system": 1.32750994,
      "min": 2.94681377732,
      "max": 3.04025931832,
      "times": [
        2.9532905143200003,
        2.9691700033200004,
        2.96689373932,
        2.99138803232,
        2.9630111453200003,
        2.94681377732,
        3.04025931832,
        3.04007370932,
        3.0052202013200002,
        2.9489714143200003
      ],
      "exit_codes": [
        0,
        0,
        0,
        0,
        0,
        0,
        0,
        0,
        0,
        0
      ]
    },
    {
      "command": "python ../ibis-renoir-compiler test.test_nexmark.TestNexmark.test_nexmark_query_1 --backend polars --path_suffix _10000000",
      "mean": 4.35229063952,
      "stddev": 0.07618635524378625,
      "median": 4.32821514532,
      "user": 3.68354516,
      "system": 1.7470651399999997,
      "min": 4.23966601232,
      "max": 4.46642914132,
      "times": [
        4.39773024632,
        4.29620183732,
        4.33714955432,
        4.31928073632,
        4.2893116103199995,
        4.42127857732,
        4.23966601232,
        4.44848904832,
        4.46642914132,
        4.307369631319999
      ],
      "exit_codes": [
        0,
        0,
        0,
        0,
        0,
        0,
        0,
        0,
        0,
        0
      ]
    }
  ]
}
