{
  "results": [
    {
      "command": "python3 ../ibis-renoir-compiler test.test_operators.TestNullableOperators.test_nullable_filter_select --backend duckdb --path_suffix _10000000",
      "mean": 1.70039033778,
      "stddev": 0.006065379865285095,
      "median": 1.70190368308,
      "user": 1.7696471199999997,
      "system": 0.8572520599999999,
      "min": 1.68768772108,
      "max": 1.70829888808,
      "times": [
        1.70829888808,
        1.68768772108,
        1.70383259808,
        1.69599759408,
        1.70234604208,
        1.70722297408,
        1.69732612008,
        1.70146132408,
        1.69717670108,
        1.7025534150800001
      ],
      "exit_codes": [
        0,
        0,
        0,
        0,
        0,
        0,
        0,
        0,
        0,
        0
      ]
    }
  ]
}
