{
  "results": [
    {
      "command": "python3 ../ibis-renoir-compiler test.test_operators.TestNullableOperators.test_nullable_filter_reduce --backend renoir --path_suffix _10000000",
      "mean": 2.7177749321399998,
      "stddev": 0.021150704134315326,
      "median": 2.7240416532399996,
      "user": 13.074123659999998,
      "system": 1.06138098,
      "min": 2.66316690674,
      "max": 2.74150110174,
      "times": [
        2.72348703074,
        2.72665715474,
        2.7118901597400003,
        2.73089450174,
        2.72591761374,
        2.71078061574,
        2.66316690674,
        2.7245962757399997,
        2.71885796074,
        2.74150110174
      ],
      "exit_codes": [
        0,
        0,
        0,
        0,
        0,
        0,
        0,
        0,
        0,
        0
      ]
    }
  ]
}
