{
  "results": [
    {
      "command": "python3 ../ibis-renoir-compiler test.test_operators.TestNullableOperators.test_nullable_windowing_explicit --backend duckdb --path_suffix _10000000",
      "mean": 5.1593408933000005,
      "stddev": 0.018509484577094507,
      "median": 5.156838653000001,
      "user": 6.54063744,
      "system": 4.18217924,
      "min": 5.1327586595,
      "max": 5.1841334095,
      "times": [
        5.151240151500001,
        5.1837444155000005,
        5.1432112045,
        5.1841334095,
        5.1327586595,
        5.155949410500001,
        5.1766125465,
        5.1693725955000005,
        5.157727895500001,
        5.1386586445
      ],
      "exit_codes": [
        0,
        0,
        0,
        0,
        0,
        0,
        0,
        0,
        0,
        0
      ]
    }
  ]
}
