{
  "results": [
    {
      "command": "python3 ../ibis-renoir-compiler test.test_nexmark.TestNexmark.test_nexmark_query_3 --backend duckdb --path_suffix _10000000 --table_origin backend",
      "mean": 0.7235151429800001,
      "stddev": 0.004182325785023961,
      "median": 0.7222335578800001,
      "user": 0.9056411000000001,
      "system": 0.7491372400000001,
      "min": 0.71890168438,
      "max": 0.7326622323800001,
      "times": [
        0.7326622323800001,
        0.7230874903800001,
        0.7258806603800001,
        0.72788407838,
        0.72077762838,
        0.71890168438,
        0.7217514583800001,
        0.7227156573800001,
        0.72003144238,
        0.72145909738
      ],
      "exit_codes": [
        0,
        0,
        0,
        0,
        0,
        0,
        0,
        0,
        0,
        0
      ]
    }
  ]
}
