{
  "results": [
    {
      "command": "python3 ../ibis-renoir-compiler test.test_operators.TestNullableOperators.test_nullable_inner_join_select --backend duckdb --path_suffix _10000000",
      "mean": 1.2270256182600001,
      "stddev": 0.01067456235257501,
      "median": 1.22921474176,
      "user": 4.2638148000000005,
      "system": 0.9501961400000001,
      "min": 1.21337546076,
      "max": 1.2479944497600002,
      "times": [
        1.21337546076,
        1.2182542627600002,
        1.23130051476,
        1.23373330476,
        1.22899573476,
        1.2479944497600002,
        1.21849419476,
        1.22943374876,
        1.2153268967600002,
        1.2333476147600002
      ],
      "exit_codes": [
        0,
        0,
        0,
        0,
        0,
        0,
        0,
        0,
        0,
        0
      ]
    }
  ]
}
