{
  "results": [
    {
      "command": "python3 ../ibis-renoir-compiler test.test_operators.TestNullableOperators.test_nullable_filter_group_select --backend duckdb --path_suffix _10000000",
      "mean": 0.9888119209600001,
      "stddev": 0.005160940033410995,
      "median": 0.9874664199600001,
      "user": 2.5522285399999998,
      "system": 0.8630030599999999,
      "min": 0.98183966446,
      "max": 0.99856029946,
      "times": [
        0.99856029946,
        0.9859781994600001,
        0.9937443384600001,
        0.98520478546,
        0.98183966446,
        0.9837984084600001,
        0.9913332344600001,
        0.9927274394600001,
        0.9878269524600001,
        0.98710588746
      ],
      "exit_codes": [
        0,
        0,
        0,
        0,
        0,
        0,
        0,
        0,
        0,
        0
      ]
    }
  ]
}
