{
  "results": [
    {
      "command": "python3 ../ibis-renoir-compiler test.test_nexmark.TestNexmark.test_nexmark_query_4 --backend renoir --path_suffix _10000000",
      "mean": 8.66527855864,
      "stddev": 0.07785772805884766,
      "median": 8.65046043924,
      "user": 66.81281598,
      "system": 4.3958307,
      "min": 8.58050040724,
      "max": 8.81845293624,
      "times": [
        8.58050040724,
        8.67546139124,
        8.60391018624,
        8.71670590524,
        8.69449046724,
        8.59689129224,
        8.59896260124,
        8.81845293624,
        8.74195091224,
        8.62545948724
      ],
      "exit_codes": [
        0,
        0,
        0,
        0,
        0,
        0,
        0,
        0,
        0,
        0
      ]
    }
  ]
}
