{
  "results": [
    {
      "command": "python3 ../ibis-renoir-compiler test.test_nexmark.TestNexmark.test_nexmark_query_4 --backend duckdb --path_suffix _10000000 --table_origin backend",
      "mean": 0.8280984125800002,
      "stddev": 0.004855928820593257,
      "median": 0.82673144658,
      "user": 1.6987351199999998,
      "system": 0.8266079999999999,
      "min": 0.82140286258,
      "max": 0.83606858158,
      "times": [
        0.83529109658,
        0.82531683058,
        0.82799145458,
        0.82741452058,
        0.83209111258,
        0.82140286258,
        0.82604837258,
        0.83606858158,
        0.82512413358,
        0.82423516058
      ],
      "exit_codes": [
        0,
        0,
        0,
        0,
        0,
        0,
        0,
        0,
        0,
        0
      ]
    }
  ]
}
