{
  "results": [
    {
      "command": "python3 ../ibis-renoir-compiler test.test_operators.TestNullableOperators.test_nullable_outer_join --backend renoir --path_suffix _10000000",
      "mean": 6.121306792020001,
      "stddev": 0.05260341403771268,
      "median": 6.13222060302,
      "user": 46.96841592,
      "system": 3.3140187599999997,
      "min": 6.037207777520001,
      "max": 6.20593626452,
      "times": [
        6.0748305375200005,
        6.037207777520001,
        6.184407455520001,
        6.07865812252,
        6.0825183245200005,
        6.14801000952,
        6.133753336520001,
        6.13705822252,
        6.20593626452,
        6.13068786952
      ],
      "exit_codes": [
        0,
        0,
        0,
        0,
        0,
        0,
        0,
        0,
        0,
        0
      ]
    }
  ]
}
