{
  "results": [
    {
      "command": "python3 ../ibis-renoir-compiler test.test_operators.TestNullableOperators.test_nullable_filter_group_mutate_reduce --backend renoir --path_suffix _10000000",
      "mean": 3.82462833158,
      "stddev": 0.019155592321445265,
      "median": 3.8277048002800003,
      "user": 24.17268996,
      "system": 1.9926042399999997,
      "min": 3.7991126572800002,
      "max": 3.8544797012800003,
      "times": [
        3.83396048728,
        3.8122252422800003,
        3.8544797012800003,
        3.82713915928,
        3.80046145828,
        3.7991126572800002,
        3.80979071528,
        3.8305039072800002,
        3.82827044128,
        3.8503395462800003
      ],
      "exit_codes": [
        0,
        0,
        0,
        0,
        0,
        0,
        0,
        0,
        0,
        0
      ]
    }
  ]
}
