{
  "results": [
    {
      "command": "python3 ../ibis-renoir-compiler test.test_operators.TestNullableOperators.test_nullable_left_join --backend duckdb --path_suffix _10000000",
      "mean": 13.022347533760001,
      "stddev": 0.08541164699866036,
      "median": 13.015405024460001,
      "user": 17.79899528,
      "system": 1.7471379199999997,
      "min": 12.89369057296,
      "max": 13.21844056796,
      "times": [
        12.89369057296,
        12.96089859396,
        13.07292582596,
        13.02580762596,
        13.024598067960001,
        13.21844056796,
        13.00621198096,
        12.986739396960001,
        13.053934571960001,
        12.98022813296
      ],
      "exit_codes": [
        0,
        0,
        0,
        0,
        0,
        0,
        0,
        0,
        0,
        0
      ]
    }
  ]
}
