{
  "results": [
    {
      "command": "python3 ../ibis-renoir-compiler test.test_operators.TestNullableOperators.test_nullable_filter_group_mutate --backend duckdb --path_suffix _10000000",
      "mean": 0.99701597404,
      "stddev": 0.005756224641410096,
      "median": 0.9983539721400001,
      "user": 2.5536498,
      "system": 0.8751876799999998,
      "min": 0.9863881506400001,
      "max": 1.0045667256400002,
      "times": [
        0.9863881506400001,
        0.9946797786400001,
        0.9979536856400001,
        0.9916204826400001,
        1.0045667256400002,
        0.9991703026400001,
        0.9924145986400001,
        0.9987542586400001,
        1.00030680664,
        1.0043049506400001
      ],
      "exit_codes": [
        0,
        0,
        0,
        0,
        0,
        0,
        0,
        0,
        0,
        0
      ]
    }
  ]
}
