{
  "results": [
    {
      "command": "python3 ../ibis-renoir-compiler test.test_operators.TestNullableOperators.test_nullable_windowing_implicit_mean --backend duckdb --path_suffix _10000000",
      "mean": 4.97352630976,
      "stddev": 0.017770513934222135,
      "median": 4.97213858676,
      "user": 5.208691420000001,
      "system": 2.386250380000001,
      "min": 4.95353707876,
      "max": 5.012885154759999,
      "times": [
        5.012885154759999,
        4.97115075176,
        4.98456168976,
        4.984105576759999,
        4.956328324759999,
        4.977076933759999,
        4.95655950576,
        4.97312642176,
        4.96593165976,
        4.95353707876
      ],
      "exit_codes": [
        0,
        0,
        0,
        0,
        0,
        0,
        0,
        0,
        0,
        0
      ]
    }
  ]
}
