{
  "results": [
    {
      "command": "python3 ../ibis-renoir-compiler test.test_operators.TestNullableOperators.test_nullable_windowing_implicit_group --backend renoir --path_suffix _10000000",
      "mean": 15.526315290280001,
      "stddev": 0.07476059703978354,
      "median": 15.520535873579998,
      "user": 77.49994278,
      "system": 6.368221480000001,
      "min": 15.36593939808,
      "max": 15.618750556079998,
      "times": [
        15.523769248079999,
        15.57524591408,
        15.618750556079998,
        15.563627822079999,
        15.47526858008,
        15.51588024708,
        15.36593939808,
        15.51730249908,
        15.490633987079999,
        15.61673465108
      ],
      "exit_codes": [
        0,
        0,
        0,
        0,
        0,
        0,
        0,
        0,
        0,
        0
      ]
    }
  ]
}
