{
  "results": [
    {
      "command": "python3 ../ibis-renoir-compiler test.test_operators.TestNullableOperators.test_nullable_windowing_explicit --backend renoir --path_suffix _10000000",
      "mean": 5.63037865628,
      "stddev": 0.1470287034722882,
      "median": 5.5917923494799995,
      "user": 17.87866802,
      "system": 1.0135693199999998,
      "min": 5.48348756848,
      "max": 5.97159718148,
      "times": [
        5.97159718148,
        5.63704159148,
        5.61893231748,
        5.53022194048,
        5.79616164348,
        5.54232537148,
        5.5874380514799995,
        5.54043424948,
        5.48348756848,
        5.5961466474799995
      ],
      "exit_codes": [
        0,
        0,
        0,
        0,
        0,
        0,
        0,
        0,
        0,
        0
      ]
    },
    {
      "command": "python3 ../ibis-renoir-compiler test.test_operators.TestNullableOperators.test_nullable_windowing_explicit --backend duckdb --path_suffix _10000000",
      "mean": 5.95364090888,
      "stddev": 0.07861360851866692,
      "median": 5.94946817298,
      "user": 6.383921120000001,
      "system": 4.118513219999999,
      "min": 5.854895626479999,
      "max": 6.13902803048,
      "times": [
        5.96278618748,
        5.95087209948,
        5.9480642464799995,
        5.91203408648,
        5.8803492214799995,
        5.91315359548,
        5.854895626479999,
        5.97478236048,
        6.00044363448,
        6.13902803048
      ],
      "exit_codes": [
        0,
        0,
        0,
        0,
        0,
        0,
        0,
        0,
        0,
        0
      ]
    }
  ]
}
