{
  "results": [
    {
      "command": "python3 ../ibis-renoir-compiler test.test_operators.TestNullableOperators.test_nullable_windowing_implicit_sum --backend renoir --path_suffix _10000000",
      "mean": 9.745947455980001,
      "stddev": 0.33383942732862265,
      "median": 9.84602904808,
      "user": 48.2245355,
      "system": 2.67815828,
      "min": 9.24810285108,
      "max": 10.17099216908,
      "times": [
        9.24810285108,
        9.271154068080001,
        9.34588203208,
        9.956890946080001,
        10.17099216908,
        9.86930145108,
        9.80787529208,
        10.04226536108,
        9.82275664508,
        9.924253744080001
      ],
      "exit_codes": [
        0,
        0,
        0,
        0,
        0,
        0,
        0,
        0,
        0,
        0
      ]
    },
    {
      "command": "python3 ../ibis-renoir-compiler test.test_operators.TestNullableOperators.test_nullable_windowing_implicit_sum --backend duckdb --path_suffix _10000000",
      "mean": 10.539107194980001,
      "stddev": 0.33304382356878465,
      "median": 10.70621500108,
      "user": 9.4392419,
      "system": 3.1787829800000003,
      "min": 10.00024806008,
      "max": 10.929280719080001,
      "times": [
        10.00024806008,
        10.26257469708,
        10.727145187080001,
        10.39081407708,
        10.929280719080001,
        10.749940399080002,
        10.685284815080001,
        10.77248238708,
        10.811192291080001,
        10.062109317080001
      ],
      "exit_codes": [
        0,
        0,
        0,
        0,
        0,
        0,
        0,
        0,
        0,
        0
      ]
    }
  ]
}
