{
  "results": [
    {
      "command": "python3 ../ibis-renoir-compiler test.test_operators.TestNullableOperators.test_nullable_windowing_explicit_window_far --backend renoir --path_suffix _10000000",
      "mean": 6.16580056604,
      "stddev": 0.10838411824231756,
      "median": 6.17064645614,
      "user": 18.004584880000003,
      "system": 1.05746606,
      "min": 6.00431951314,
      "max": 6.31894454414,
      "times": [
        6.19960097614,
        6.31508564714,
        6.13093201814,
        6.18844089714,
        6.23177144914,
        6.01747792514,
        6.31894454414,
        6.15285201514,
        6.09858067514,
        6.00431951314
      ],
      "exit_codes": [
        0,
        0,
        0,
        0,
        0,
        0,
        0,
        0,
        0,
        0
      ]
    },
    {
      "command": "python3 ../ibis-renoir-compiler test.test_operators.TestNullableOperators.test_nullable_windowing_explicit_window_far --backend duckdb --path_suffix _10000000",
      "mean": 6.21082190484,
      "stddev": 0.11748114134379035,
      "median": 6.19771604564,
      "user": 6.638812079999999,
      "system": 4.01189456,
      "min": 6.03860321414,
      "max": 6.41343177214,
      "times": [
        6.41343177214,
        6.36046671314,
        6.24823907314,
        6.03860321414,
        6.2755419971399995,
        6.13721310814,
        6.14796327014,
        6.22539454814,
        6.09132780914,
        6.170037543139999
      ],
      "exit_codes": [
        0,
        0,
        0,
        0,
        0,
        0,
        0,
        0,
        0,
        0
      ]
    }
  ]
}
