{
  "results": [
    {
      "command": "python3 ../ibis-renoir-compiler test.test_operators.TestNullableOperators.test_nullable_inner_join_select --backend polars --path_suffix _10000000",
      "mean": 1.1650190197599999,
      "stddev": 0.007961898401387925,
      "median": 1.16714771916,
      "user": 3.5207765199999996,
      "system": 0.8950512799999999,
      "min": 1.15335551916,
      "max": 1.17398588216,
      "times": [
        1.1730190191599998,
        1.15857349316,
        1.1571804641599999,
        1.17398588216,
        1.16617586416,
        1.15601188816,
        1.1712702501599999,
        1.16811957416,
        1.15335551916,
        1.17249824316
      ],
      "exit_codes": [
        0,
        0,
        0,
        0,
        0,
        0,
        0,
        0,
        0,
        0
      ]
    }
  ]
}
