{
  "results": [
    {
      "command": "python3 ../ibis-renoir-compiler test.test_operators.TestNullableOperators.test_nullable_inner_join_select --backend renoir --path_suffix _10000000",
      "mean": 4.106229136359999,
      "stddev": 0.053336584533159176,
      "median": 4.08712465176,
      "user": 24.073014619999995,
      "system": 1.5666566,
      "min": 4.043565215259999,
      "max": 4.1914076072599995,
      "times": [
        4.087471873259999,
        4.077253293259999,
        4.051397220259999,
        4.043565215259999,
        4.06689740726,
        4.08677743026,
        4.11944110226,
        4.1914076072599995,
        4.15825440026,
        4.17982581426
      ],
      "exit_codes": [
        0,
        0,
        0,
        0,
        0,
        0,
        0,
        0,
        0,
        0
      ]
    }
  ]
}
