{
  "results": [
    {
      "command": "python3 ../ibis-renoir-compiler test.test_operators.TestNullableOperators.test_nullable_filter_group_select --backend duckdb --path_suffix _10000000",
      "mean": 0.8920005237199999,
      "stddev": 0.004769157690291896,
      "median": 0.8912281361200001,
      "user": 2.06045096,
      "system": 0.8112008799999998,
      "min": 0.8870932556200001,
      "max": 0.89973152162,
      "times": [
        0.8942933536200001,
        0.8879483976200001,
        0.8880128666200001,
        0.8874404976200001,
        0.8870932556200001,
        0.89973152162,
        0.89351680162,
        0.8923602866200001,
        0.89951227062,
        0.89009598562
      ],
      "exit_codes": [
        0,
        0,
        0,
        0,
        0,
        0,
        0,
        0,
        0,
        0
      ]
    }
  ]
}
