{
  "results": [
    {
      "command": "python3 ../ibis-renoir-compiler test.test_operators.TestNonNullableOperators.test_non_nullable_filter_group_mutate --backend renoir --path_suffix _10000000",
      "mean": 2.75598818488,
      "stddev": 0.013396977389393482,
      "median": 2.75688669178,
      "user": 12.79221706,
      "system": 1.0506161800000002,
      "min": 2.7301521107799998,
      "max": 2.7797895747799997,
      "times": [
        2.7797895747799997,
        2.7465485527799998,
        2.7662428857799997,
        2.75261763578,
        2.74650735578,
        2.7566732047799998,
        2.7301521107799998,
        2.75710017878,
        2.76421787678,
        2.76003247278
      ],
      "exit_codes": [
        0,
        0,
        0,
        0,
        0,
        0,
        0,
        0,
        0,
        0
      ]
    }
  ]
}
