{
  "results": [
    {
      "command": "python3 ../ibis-renoir-compiler test.test_operators.TestNullableOperators.test_nullable_left_join --backend polars --path_suffix _10000000",
      "mean": 12.60368916486,
      "stddev": 0.29999990515414043,
      "median": 12.42953274736,
      "user": 16.806600359999997,
      "system": 1.7968774399999998,
      "min": 12.34791804336,
      "max": 13.15034127136,
      "times": [
        12.36486894836,
        13.15034127136,
        12.42781778936,
        12.34791804336,
        12.43124770536,
        13.07781279736,
        12.38931462036,
        12.66879725836,
        12.751640032360001,
        12.42713318236
      ],
      "exit_codes": [
        0,
        0,
        0,
        0,
        0,
        0,
        0,
        0,
        0,
        0
      ]
    }
  ]
}
