{
  "results": [
    {
      "command": "python3 ../ibis-renoir-compiler test.test_nexmark.TestNexmark.test_nexmark_query_3 --backend flink --path_suffix _10000000",
      "mean": 2.9115648071800004,
      "stddev": 0.06625673404914438,
      "median": 2.87348970168,
      "user": 1.8051288799999998,
      "system": 0.8491195000000001,
      "min": 2.85435027868,
      "max": 3.02752318768,
      "times": [
        2.86799031268,
        3.02752318768,
        2.87204820168,
        2.85435027868,
        2.96266720168,
        3.0177936286800002,
        2.87019004868,
        2.87493120168,
        2.86323979268,
        2.90491421768
      ],
      "exit_codes": [
        0,
        0,
        0,
        0,
        0,
        0,
        0,
        0,
        0,
        0
      ]
    }
  ]
}
