{
  "results": [
    {
      "command": "python3 ../ibis-renoir-compiler test.test_nexmark.TestNexmark.test_nexmark_query_6 --backend flink --path_suffix _10000000",
      "mean": 3.4466971709400007,
      "stddev": 0.057078695520623925,
      "median": 3.42211241504,
      "user": 6.257169060000001,
      "system": 1.3122740199999998,
      "min": 3.39552281954,
      "max": 3.54496582854,
      "times": [
        3.4071748475400003,
        3.43064880454,
        3.4316284555400003,
        3.5259972275400004,
        3.50933142354,
        3.39552281954,
        3.4135760255400003,
        3.4093425065400003,
        3.54496582854,
        3.39878377054
      ],
      "exit_codes": [
        0,
        0,
        0,
        0,
        0,
        0,
        0,
        0,
        0,
        0
      ]
    }
  ]
}
