{
  "results": [
    {
      "command": "python3 ../ibis-renoir-compiler test.test_operators.TestNullableOperators.test_nullable_outer_join --backend duckdb --path_suffix _10000000",
      "mean": 41.3740095826,
      "stddev": 0.8218756634139883,
      "median": 41.032649668800005,
      "user": 45.28241732,
      "system": 2.58785652,
      "min": 40.7838554378,
      "max": 43.4981592878,
      "times": [
        40.943461193800005,
        40.8848130378,
        40.9990033608,
        41.0662959768,
        40.836012864800004,
        41.7149810768,
        41.7497325068,
        41.2637810828,
        43.4981592878,
        40.7838554378
      ],
      "exit_codes": [
        0,
        0,
        0,
        0,
        0,
        0,
        0,
        0,
        0,
        0
      ]
    }
  ]
}
