{
  "results": [
    {
      "command": "python3 ../ibis-renoir-compiler test.test_operators.TestNullableOperators.test_nullable_join_group_reduce --backend duckdb --path_suffix _10000000",
      "mean": 2.1720396602200003,
      "stddev": 0.020529671518502133,
      "median": 2.1667835014200003,
      "user": 9.490945459999999,
      "system": 1.37365842,
      "min": 2.1464603344200004,
      "max": 2.2055340624200004,
      "times": [
        2.1560659184200004,
        2.15791009942,
        2.1464603344200004,
        2.17807991442,
        2.2051234294200004,
        2.1590001294200003,
        2.2055340624200004,
        2.1580076214200004,
        2.17964821942,
        2.1745668734200003
      ],
      "exit_codes": [
        0,
        0,
        0,
        0,
        0,
        0,
        0,
        0,
        0,
        0
      ]
    }
  ]
}
