{
  "results": [
    {
      "command": "python3 ../ibis-renoir-compiler test.test_operators.TestNullableOperators.test_nullable_join_group_reduce --backend polars --path_suffix _10000000",
      "mean": 2.21619059098,
      "stddev": 0.011913844965307448,
      "median": 2.21284165588,
      "user": 9.602700899999999,
      "system": 1.3371851,
      "min": 2.19919179388,
      "max": 2.23816735088,
      "times": [
        2.21428431988,
        2.2087714368799998,
        2.23816735088,
        2.2067866928799997,
        2.2267188878799997,
        2.21139899188,
        2.19919179388,
        2.22233143388,
        2.2075061908799998,
        2.2267488108799998
      ],
      "exit_codes": [
        0,
        0,
        0,
        0,
        0,
        0,
        0,
        0,
        0,
        0
      ]
    }
  ]
}
