{
  "results": [
    {
      "command": "python3 ../ibis-renoir-compiler test.test_operators.TestNullableOperators.test_nullable_windowing_explicit --backend renoir --path_suffix _10000000",
      "mean": 3.888548670640001,
      "stddev": 0.04672026038424612,
      "median": 3.88263761524,
      "user": 14.342311659999998,
      "system": 1.09548018,
      "min": 3.7966831782400003,
      "max": 3.96705650624,
      "times": [
        3.8524138582400003,
        3.96705650624,
        3.92936743024,
        3.7966831782400003,
        3.8852900632400003,
        3.9179581642400003,
        3.87998516724,
        3.91145234224,
        3.87937719024,
        3.8659028062400003
      ],
      "exit_codes": [
        0,
        0,
        0,
        0,
        0,
        0,
        0,
        0,
        0,
        0
      ]
    }
  ]
}
