{
  "results": [
    {
      "command": "python3 ../ibis-renoir-compiler test.test_operators.TestNonNullableOperators.test_non_nullable_left_join --backend renoir --path_suffix _10000000",
      "mean": 9.8966369633,
      "stddev": 0.2079712829557968,
      "median": 9.9146750011,
      "user": 79.49101865999998,
      "system": 5.73914882,
      "min": 9.6004324561,
      "max": 10.162441982099999,
      "times": [
        9.6450751841,
        10.072857687099999,
        9.6004324561,
        10.162441982099999,
        9.8468270731,
        9.7356738541,
        10.063550297099999,
        9.7402314491,
        9.9825229291,
        10.1167567211
      ],
      "exit_codes": [
        0,
        0,
        0,
        0,
        0,
        0,
        0,
        0,
        0,
        0
      ]
    }
  ]
}
