{
  "results": [
    {
      "command": "python3 ../ibis-renoir-compiler test.test_operators.TestNullableOperators.test_nullable_filter_group_mutate --backend renoir --path_suffix _10000000",
      "mean": 2.8703431174200005,
      "stddev": 0.016873699144213456,
      "median": 2.8712487917200002,
      "user": 13.4922123,
      "system": 1.0655755599999999,
      "min": 2.8417888062200003,
      "max": 2.89785161122,
      "times": [
        2.8524646002200003,
        2.8565878232200004,
        2.89785161122,
        2.8738207462200003,
        2.8417888062200003,
        2.86651735022,
        2.8859286722200004,
        2.8835440362200004,
        2.86867683722,
        2.87625069122
      ],
      "exit_codes": [
        0,
        0,
        0,
        0,
        0,
        0,
        0,
        0,
        0,
        0
      ]
    }
  ]
}
