{
  "results": [
    {
      "command": "python3 ../ibis-renoir-compiler test.test_nexmark.TestNexmark.test_nexmark_query_3 --backend polars --path_suffix _10000000",
      "mean": 1.2004931545999997,
      "stddev": 0.005155790632400715,
      "median": 1.1997572229,
      "user": 1.39722266,
      "system": 0.8054945800000001,
      "min": 1.1908320588999999,
      "max": 1.2114772039,
      "times": [
        1.1995815939,
        1.2114772039,
        1.1976808919,
        1.2019183499,
        1.2019318739,
        1.1994080109,
        1.1908320588999999,
        1.2033451199,
        1.1999328518999999,
        1.1988235909
      ],
      "exit_codes": [
        0,
        0,
        0,
        0,
        0,
        0,
        0,
        0,
        0,
        0
      ]
    }
  ]
}
