{
  "results": [
    {
      "command": "python3 ../ibis-renoir-compiler test.test_operators.TestNullableOperators.test_nullable_windowing_explicit_group --backend flink --path_suffix _10000000",
      "mean": 10.508423183019998,
      "stddev": 0.06772059967088356,
      "median": 10.498171834719999,
      "user": 15.398665859999998,
      "system": 2.43474814,
      "min": 10.402399535219999,
      "max": 10.62069974822,
      "times": [
        10.58811182222,
        10.402399535219999,
        10.48088556922,
        10.507199802219999,
        10.45076833622,
        10.62069974822,
        10.56514947222,
        10.45305564822,
        10.48914386722,
        10.52681802922
      ],
      "exit_codes": [
        0,
        0,
        0,
        0,
        0,
        0,
        0,
        0,
        0,
        0
      ]
    }
  ]
}
