{
  "results": [
    {
      "command": "python3 ../ibis-renoir-compiler test.test_nexmark.TestNexmark.test_nexmark_query_1 --backend renoir --path_suffix _10000000",
      "mean": 2.54552677194,
      "stddev": 0.007705863580221876,
      "median": 2.5464126183399998,
      "user": 10.894987219999999,
      "system": 1.1794242799999999,
      "min": 2.53474761584,
      "max": 2.55635639284,
      "times": [
        2.54736396384,
        2.55635639284,
        2.55000878084,
        2.53474761584,
        2.54036208484,
        2.53567908684,
        2.55512443884,
        2.54546127284,
        2.5506192998399997,
        2.5395447828399997
      ],
      "exit_codes": [
        0,
        0,
        0,
        0,
        0,
        0,
        0,
        0,
        0,
        0
      ]
    }
  ]
}
