{
  "results": [
    {
      "command": "python3 ../ibis-renoir-compiler test.test_operators.TestNullableOperators.test_nullable_outer_join --backend renoir --path_suffix _10000000",
      "mean": 7.53051717646,
      "stddev": 0.19377916267281228,
      "median": 7.51028208076,
      "user": 52.02042236,
      "system": 5.57863476,
      "min": 7.23237118976,
      "max": 7.86317378076,
      "times": [
        7.45277575776,
        7.56778840376,
        7.63985156276,
        7.3803271947599995,
        7.23237118976,
        7.34936836976,
        7.86317378076,
        7.67741909276,
        7.43180502676,
        7.71029138576
      ],
      "exit_codes": [
        0,
        0,
        0,
        0,
        0,
        0,
        0,
        0,
        0,
        0
      ]
    }
  ]
}
