{
  "results": [
    {
      "command": "python3 ../ibis-renoir-compiler test.test_operators.TestNonNullableOperators.test_non_nullable_filter_select --backend renoir --path_suffix _10000000",
      "mean": 1.91961704968,
      "stddev": 0.010138229028316731,
      "median": 1.9176803230800001,
      "user": 6.477951040000001,
      "system": 0.9870113400000001,
      "min": 1.90762417308,
      "max": 1.9431713620800002,
      "times": [
        1.90918453408,
        1.9431713620800002,
        1.91851439208,
        1.9262472620800002,
        1.9247120050800002,
        1.9168462540800002,
        1.9146655580800003,
        1.9193539590800002,
        1.90762417308,
        1.9158509970800002
      ],
      "exit_codes": [
        0,
        0,
        0,
        0,
        0,
        0,
        0,
        0,
        0,
        0
      ]
    }
  ]
}
