{
  "results": [
    {
      "command": "python3 ../ibis-renoir-compiler test.test_nexmark.TestNexmark.test_nexmark_query_4 --backend flink --path_suffix _10000000",
      "mean": 3.4051588319799997,
      "stddev": 0.0661380273554449,
      "median": 3.3867717595799998,
      "user": 5.960078579999999,
      "system": 1.2667128399999998,
      "min": 3.33828254908,
      "max": 3.52150122708,
      "times": [
        3.33828254908,
        3.44473870508,
        3.3567307510799997,
        3.33833714308,
        3.3623928360799997,
        3.41115068308,
        3.52150122708,
        3.34573442108,
        3.45943488008,
        3.47328512408
      ],
      "exit_codes": [
        0,
        0,
        0,
        0,
        0,
        0,
        0,
        0,
        0,
        0
      ]
    }
  ]
}
