{
  "results": [
    {
      "command": "python3 ../ibis-renoir-compiler test.test_nexmark.TestNexmark.test_nexmark_query_3 --backend duckdb --path_suffix _10000000",
      "mean": 1.1420874224,
      "stddev": 0.0023469486765273257,
      "median": 1.1422173293000002,
      "user": 1.35247878,
      "system": 0.7943534,
      "min": 1.1381104048000001,
      "max": 1.1453857508,
      "times": [
        1.1413341558,
        1.1437370868,
        1.1381104048000001,
        1.1422652618,
        1.1453857508,
        1.1407340808000002,
        1.1421693968000002,
        1.1394717278000002,
        1.1422868938000001,
        1.1453794648
      ],
      "exit_codes": [
        0,
        0,
        0,
        0,
        0,
        0,
        0,
        0,
        0,
        0
      ]
    }
  ]
}
