{
  "results": [
    {
      "command": "python3 ../ibis-renoir-compiler test.test_operators.TestNullableOperators.test_nullable_filter_filter_select_select --backend flink --path_suffix _10000000",
      "mean": 3.21749089654,
      "stddev": 0.06324635753031294,
      "median": 3.1950831548400003,
      "user": 2.00728948,
      "system": 0.8541002599999998,
      "min": 3.1496177063400004,
      "max": 3.32793837734,
      "times": [
        3.16691638834,
        3.18826991234,
        3.27793815334,
        3.1654490393400003,
        3.2011951623400003,
        3.3074179163400004,
        3.32793837734,
        3.20078374834,
        3.1893825613400004,
        3.1496177063400004
      ],
      "exit_codes": [
        0,
        0,
        0,
        0,
        0,
        0,
        0,
        0,
        0,
        0
      ]
    }
  ]
}
