{
  "results": [
    {
      "command": "python3 ../ibis-renoir-compiler test.test_operators.TestNullableOperators.test_nullable_windowing_implicit_mean --backend renoir --path_suffix _10000000",
      "mean": 6.416710285799999,
      "stddev": 0.12691966705793753,
      "median": 6.4850369793,
      "user": 40.137604620000005,
      "system": 2.8185794,
      "min": 6.2141045333000005,
      "max": 6.5437193103,
      "times": [
        6.3014132083,
        6.2141045333000005,
        6.2619587393,
        6.3187010063,
        6.5204535863,
        6.5280922943,
        6.5085862213,
        6.5437193103,
        6.4862352703,
        6.4838386883
      ],
      "exit_codes": [
        0,
        0,
        0,
        0,
        0,
        0,
        0,
        0,
        0,
        0
      ]
    }
  ]
}
