{
  "results": [
    {
      "command": "python3 ../ibis-renoir-compiler test.test_nexmark.TestNexmark.test_nexmark_query_2 --backend duckdb --path_suffix _10000000",
      "mean": 2.895172766040001,
      "stddev": 0.03554016186260402,
      "median": 2.88800943264,
      "user": 2.7916682999999995,
      "system": 1.0235459,
      "min": 2.86635340464,
      "max": 2.99306181264,
      "times": [
        2.8921197646400003,
        2.99306181264,
        2.87298611164,
        2.8904922436400002,
        2.88362150564,
        2.89538285064,
        2.89057356964,
        2.86635340464,
        2.88552662164,
        2.8816097756400003
      ],
      "exit_codes": [
        0,
        0,
        0,
        0,
        0,
        0,
        0,
        0,
        0,
        0
      ]
    }
  ]
}
