{
  "results": [
    {
      "command": "python3 ../ibis-renoir-compiler test.test_nexmark.TestNexmark.test_nexmark_query_6 --backend duckdb --path_suffix _10000000",
      "mean": 1.6838916757,
      "stddev": 0.013660073612577006,
      "median": 1.6858194034,
      "user": 5.75094012,
      "system": 1.28206108,
      "min": 1.6671810424,
      "max": 1.7093621123999998,
      "times": [
        1.6693095843999999,
        1.6866100634,
        1.6875572934,
        1.6865813764,
        1.6850574304,
        1.6685429023999998,
        1.7093621123999998,
        1.6790134423999998,
        1.6671810424,
        1.6997015093999999
      ],
      "exit_codes": [
        0,
        0,
        0,
        0,
        0,
        0,
        0,
        0,
        0,
        0
      ]
    }
  ]
}
