{
  "results": [
    {
      "command": "python3 ../ibis-renoir-compiler test.test_operators.TestNullableOperators.test_nullable_filter_reduce --backend duckdb --path_suffix _10000000",
      "mean": 0.8889358680200001,
      "stddev": 0.006202092829329334,
      "median": 0.88796342242,
      "user": 2.05167622,
      "system": 0.8234416,
      "min": 0.87845977992,
      "max": 0.90030423392,
      "times": [
        0.88768262592,
        0.88599243992,
        0.88442340092,
        0.89583321092,
        0.89333060892,
        0.88824421892,
        0.88590562392,
        0.90030423392,
        0.87845977992,
        0.88918253692
      ],
      "exit_codes": [
        0,
        0,
        0,
        0,
        0,
        0,
        0,
        0,
        0,
        0
      ]
    }
  ]
}
