{
  "results": [
    {
      "command": "python3 ../ibis-renoir-compiler test.test_nexmark.TestNexmark.test_nexmark_query_4 --backend polars --path_suffix _10000000",
      "mean": 1.6865744741200004,
      "stddev": 0.011889201702759188,
      "median": 1.6841711516200002,
      "user": 5.617939059999999,
      "system": 1.1989337599999998,
      "min": 1.67073061762,
      "max": 1.7114386276200002,
      "times": [
        1.6833280506200001,
        1.67572173262,
        1.6938064866200002,
        1.6948243116200001,
        1.6836161226200002,
        1.67582603762,
        1.69172657362,
        1.67073061762,
        1.7114386276200002,
        1.6847261806200002
      ],
      "exit_codes": [
        0,
        0,
        0,
        0,
        0,
        0,
        0,
        0,
        0,
        0
      ]
    }
  ]
}
