{
  "results": [
    {
      "command": "python3 ../ibis-renoir-compiler test.test_nexmark.TestNexmark.test_nexmark_query_3 --backend renoir --path_suffix _10000000",
      "mean": 3.86599405376,
      "stddev": 0.03393096725684992,
      "median": 3.8654268925600004,
      "user": 18.614897379999995,
      "system": 1.7736049799999996,
      "min": 3.82468529906,
      "max": 3.93638788706,
      "times": [
        3.89511310806,
        3.8595056150600002,
        3.85098226306,
        3.8817448030599997,
        3.93638788706,
        3.82468529906,
        3.87134817006,
        3.87435486106,
        3.82796686406,
        3.83785166706
      ],
      "exit_codes": [
        0,
        0,
        0,
        0,
        0,
        0,
        0,
        0,
        0,
        0
      ]
    }
  ]
}
