{
  "results": [
    {
      "command": "python3 ../ibis-renoir-compiler test.test_nexmark.TestNexmark.test_nexmark_query_2 --backend polars --path_suffix _10000000",
      "mean": 2.9376558143400002,
      "stddev": 0.011196384475257209,
      "median": 2.9369779247400003,
      "user": 2.83982458,
      "system": 1.02209906,
      "min": 2.92339732874,
      "max": 2.9579167927400003,
      "times": [
        2.9433017457400004,
        2.9402031867400003,
        2.9337526627400003,
        2.9313264177400002,
        2.92858400674,
        2.95013603174,
        2.92515142874,
        2.9579167927400003,
        2.94278854174,
        2.92339732874
      ],
      "exit_codes": [
        0,
        0,
        0,
        0,
        0,
        0,
        0,
        0,
        0,
        0
      ]
    }
  ]
}
