{
  "results": [
    {
      "command": "python3 ../ibis-renoir-compiler test.test_operators.TestNullableOperators.test_nullable_filter_reduce --backend polars --path_suffix _10000000",
      "mean": 0.9440514724800002,
      "stddev": 0.004562764356604319,
      "median": 0.94412941048,
      "user": 2.1118351399999997,
      "system": 0.81910688,
      "min": 0.9365094539800001,
      "max": 0.9532121199800001,
      "times": [
        0.9532121199800001,
        0.94559694098,
        0.9471667409800001,
        0.9365094539800001,
        0.94625736398,
        0.94279826198,
        0.9411080179800001,
        0.94196380798,
        0.94044145798,
        0.94546055898
      ],
      "exit_codes": [
        0,
        0,
        0,
        0,
        0,
        0,
        0,
        0,
        0,
        0
      ]
    }
  ]
}
