{
  "results": [
    {
      "command": "python3 ../ibis-renoir-compiler test.test_nexmark.TestNexmark.test_nexmark_query_6 --backend polars --path_suffix _10000000",
      "mean": 1.7430489431200002,
      "stddev": 0.011780711424451982,
      "median": 1.7467923297199999,
      "user": 5.8244004,
      "system": 1.2787104999999996,
      "min": 1.72007713472,
      "max": 1.75476859872,
      "times": [
        1.74039909572,
        1.74864442672,
        1.75476859872,
        1.74817635972,
        1.75432505572,
        1.7242426947199998,
        1.74707051272,
        1.7465141467199998,
        1.72007713472,
        1.74627140572
      ],
      "exit_codes": [
        0,
        0,
        0,
        0,
        0,
        0,
        0,
        0,
        0,
        0
      ]
    }
  ]
}
