{
  "results": [
    {
      "command": "python3 ../ibis-renoir-compiler test.test_nexmark.TestNexmark.test_nexmark_query_6 --backend renoir --path_suffix _10000000",
      "mean": 9.857930233160001,
      "stddev": 0.0863246128373084,
      "median": 9.867378952360001,
      "user": 73.2568933,
      "system": 4.73723122,
      "min": 9.70965476186,
      "max": 9.96286430186,
      "times": [
        9.70965476186,
        9.951498216860001,
        9.96286430186,
        9.80927026986,
        9.87563094786,
        9.823042214860001,
        9.75344837186,
        9.873700984860001,
        9.95913534186,
        9.861056919860001
      ],
      "exit_codes": [
        0,
        0,
        0,
        0,
        0,
        0,
        0,
        0,
        0,
        0
      ]
    }
  ]
}
