{
  "results": [
    {
      "command": "python3 ../ibis-renoir-compiler test.test_operators.TestNullableOperators.test_nullable_join_group_reduce --backend flink --path_suffix _10000000",
      "mean": 3.9443445996399995,
      "stddev": 0.06516199555650977,
      "median": 3.94527107364,
      "user": 9.935987020000002,
      "system": 1.428995,
      "min": 3.85399979114,
      "max": 4.03567567814,
      "times": [
        3.94125271514,
        4.01319758914,
        3.99914205514,
        3.85399979114,
        3.94928943214,
        3.9972040191400002,
        4.03567567814,
        3.89600742614,
        3.86832547414,
        3.88935181614
      ],
      "exit_codes": [
        0,
        0,
        0,
        0,
        0,
        0,
        0,
        0,
        0,
        0
      ]
    }
  ]
}
