{
  "results": [
    {
      "command": "python3 ../ibis-renoir-compiler test.test_operators.TestNullableOperators.test_nullable_filter_group_select --backend polars --path_suffix _10000000",
      "mean": 0.94681307688,
      "stddev": 0.006283142441111167,
      "median": 0.9459493809800001,
      "user": 2.09635208,
      "system": 0.82846858,
      "min": 0.93724924748,
      "max": 0.9576381834800001,
      "times": [
        0.94942550548,
        0.93724924748,
        0.9470091034800001,
        0.9487559254800001,
        0.9439985804800001,
        0.95523581948,
        0.9576381834800001,
        0.9437573984800001,
        0.9401713464800001,
        0.9448896584800001
      ],
      "exit_codes": [
        0,
        0,
        0,
        0,
        0,
        0,
        0,
        0,
        0,
        0
      ]
    }
  ]
}
