{
  "results": [
    {
      "command": "python3 ../ibis-renoir-compiler test.test_operators.TestNullableOperators.test_nullable_outer_join --backend polars --path_suffix _10000000",
      "mean": 41.70090496628001,
      "stddev": 0.8039437740903471,
      "median": 41.514910037380005,
      "user": 45.5877036,
      "system": 2.65239856,
      "min": 40.69183941138,
      "max": 43.742391591380006,
      "times": [
        40.69183941138,
        41.45275995638001,
        41.23701135438,
        43.742391591380006,
        41.88056990338001,
        41.81148433738,
        41.91740556338,
        41.337957075380004,
        41.577060118380004,
        41.360570351380005
      ],
      "exit_codes": [
        0,
        0,
        0,
        0,
        0,
        0,
        0,
        0,
        0,
        0
      ]
    }
  ]
}
