{
  "results": [
    {
      "command": "python3 ../ibis-renoir-compiler test.test_nexmark.TestNexmark.test_nexmark_query_1 --backend duckdb --path_suffix _10000000",
      "mean": 3.7174258865,
      "stddev": 0.025441351039610174,
      "median": 3.713781095,
      "user": 3.56012416,
      "system": 1.2446349199999998,
      "min": 3.6723540115000004,
      "max": 3.7686819825000004,
      "times": [
        3.7074487945000003,
        3.7406441325,
        3.7079022435000004,
        3.7007802975,
        3.7206090825,
        3.7154936265000003,
        3.7282761305000003,
        3.7120685635,
        3.7686819825000004,
        3.6723540115000004
      ],
      "exit_codes": [
        0,
        0,
        0,
        0,
        0,
        0,
        0,
        0,
        0,
        0
      ]
    }
  ]
}
