{
  "results": [
    {
      "command": "python3 ../ibis-renoir-compiler test.test_operators.TestNullableOperators.test_nullable_filter_reduce --backend flink --path_suffix _10000000",
      "mean": 2.7044814341200003,
      "stddev": 0.08669304188667346,
      "median": 2.64702867662,
      "user": 2.530913279999999,
      "system": 0.85819932,
      "min": 2.6300683156200004,
      "max": 2.8155458286200004,
      "times": [
        2.8057414896200004,
        2.64193921862,
        2.6391058916200003,
        2.8155458286200004,
        2.6521181346200002,
        2.63042178962,
        2.6333194916200005,
        2.6300683156200004,
        2.78338695862,
        2.81316722262
      ],
      "exit_codes": [
        0,
        0,
        0,
        0,
        0,
        0,
        0,
        0,
        0,
        0
      ]
    }
  ]
}
