{
  "results": [
    {
      "command": "python3 ../ibis-renoir-compiler test.test_operators.TestNullableOperators.test_nullable_group_reduce_join_mutate --backend flink --path_suffix _10000000",
      "mean": 4.101936673459999,
      "stddev": 0.07911896730636336,
      "median": 4.057858750259999,
      "user": 9.691728899999998,
      "system": 1.432813,
      "min": 4.03443696876,
      "max": 4.28215158076,
      "times": [
        4.28215158076,
        4.03443696876,
        4.0416416247599996,
        4.058129011759999,
        4.1562728797599995,
        4.0463486047599995,
        4.13665405376,
        4.150679429759999,
        4.055464091759999,
        4.05758848876
      ],
      "exit_codes": [
        0,
        0,
        0,
        0,
        0,
        0,
        0,
        0,
        0,
        0
      ]
    }
  ]
}
