{
  "results": [
    {
      "command": "python3 ../ibis-renoir-compiler test.test_operators.TestNullableOperators.test_nullable_group_reduce_group_reduce_join --backend polars --path_suffix _10000000",
      "mean": 2.8203546438200005,
      "stddev": 0.02528232964937832,
      "median": 2.82903644822,
      "user": 13.036544319999999,
      "system": 1.69100382,
      "min": 2.7650639582200003,
      "max": 2.8462926142200002,
      "times": [
        2.80338047722,
        2.83796470522,
        2.8276160752200004,
        2.83980943822,
        2.79378150922,
        2.8268803532200004,
        2.8323004862200003,
        2.8304568212200003,
        2.7650639582200003,
        2.8462926142200002
      ],
      "exit_codes": [
        0,
        0,
        0,
        0,
        0,
        0,
        0,
        0,
        0,
        0
      ]
    }
  ]
}
