{
  "results": [
    {
      "command": "python3 ../ibis-renoir-compiler test.test_operators.TestNullableOperators.test_nullable_windowing_explicit --backend flink --path_suffix _10000000",
      "mean": 6.694967822139999,
      "stddev": 0.10530132659838876,
      "median": 6.657613100339999,
      "user": 6.94576472,
      "system": 4.199260819999998,
      "min": 6.6131590313399995,
      "max": 6.92841140734,
      "times": [
        6.68185327634,
        6.66661835834,
        6.84562794834,
        6.61909269534,
        6.63024833434,
        6.649755304339999,
        6.92841140734,
        6.66547089634,
        6.64944096934,
        6.6131590313399995
      ],
      "exit_codes": [
        0,
        0,
        0,
        0,
        0,
        0,
        0,
        0,
        0,
        0
      ]
    }
  ]
}
