{
  "results": [
    {
      "command": "python3 ../ibis-renoir-compiler test.test_operators.TestNullableOperators.test_nullable_filter_filter_select_select --backend duckdb --path_suffix _10000000",
      "mean": 1.43135789484,
      "stddev": 0.007705949551917829,
      "median": 1.43215288804,
      "user": 1.5537820199999999,
      "system": 0.79815072,
      "min": 1.4209698800400001,
      "max": 1.4422323030400002,
      "times": [
        1.4215770460400001,
        1.43462694804,
        1.4296788280400001,
        1.4422323030400002,
        1.43871411004,
        1.42283696104,
        1.4388229240400001,
        1.4292610780400001,
        1.43485887004,
        1.4209698800400001
      ],
      "exit_codes": [
        0,
        0,
        0,
        0,
        0,
        0,
        0,
        0,
        0,
        0
      ]
    }
  ]
}
