{
  "results": [
    {
      "command": "python3 ../ibis-renoir-compiler test.test_operators.TestNullableOperators.test_nullable_filter_group_mutate --backend polars --path_suffix _10000000",
      "mean": 0.94867238756,
      "stddev": 0.004570904695174215,
      "median": 0.9486876873600001,
      "user": 2.0979652,
      "system": 0.8267376399999998,
      "min": 0.9431837688600001,
      "max": 0.95672824586,
      "times": [
        0.94705784486,
        0.95247662986,
        0.95672824586,
        0.95176258386,
        0.95145261286,
        0.94342481986,
        0.9432619948600001,
        0.9496491918600001,
        0.9477261828600001,
        0.9431837688600001
      ],
      "exit_codes": [
        0,
        0,
        0,
        0,
        0,
        0,
        0,
        0,
        0,
        0
      ]
    }
  ]
}
