{
  "results": [
    {
      "command": "python3 ../ibis-renoir-compiler test.test_nexmark.TestNexmark.test_nexmark_query_6 --backend renoir --path_suffix _100000000",
      "mean": 71.23482202224,
      "stddev": 0.20321151815371558,
      "median": 71.24049590514001,
      "user": 632.07795126,
      "system": 39.35965652,
      "min": 70.95495447664001,
      "max": 71.54551936164,
      "times": [
        70.95495447664001,
        71.03170930764,
        71.42823775964001,
        71.21347507664001,
        71.24237637564,
        70.97350260764,
        71.23861543464001,
        71.54551936164,
        71.26499457764001,
        71.45483524464001
      ],
      "exit_codes": [
        0,
        0,
        0,
        0,
        0,
        0,
        0,
        0,
        0,
        0
      ]
    },
    {
      "command": "python3 ../ibis-renoir-compiler test.test_nexmark.TestNexmark.test_nexmark_query_6 --backend duckdb --path_suffix _100000000",
      "mean": 11.488499659439999,
      "stddev": 0.028925445565289636,
      "median": 11.494128261139998,
      "user": 98.96053066,
      "system": 11.262836920000002,
      "min": 11.42061334264,
      "max": 11.51754108664,
      "times": [
        11.495611628639999,
        11.49264489364,
        11.511994851639999,
        11.47955219264,
        11.51754108664,
        11.42061334264,
        11.471518762639999,
        11.50729543364,
        11.475758746639999,
        11.51246565564
      ],
      "exit_codes": [
        0,
        0,
        0,
        0,
        0,
        0,
        0,
        0,
        0,
        0
      ]
    }
  ]
}
