{
  "results": [
    {
      "command": "python3 ../ibis-renoir-compiler test.test_nexmark.TestNexmark.test_nexmark_query_2 --backend renoir --path_suffix _100000000",
      "mean": 9.240659854699999,
      "stddev": 0.022540277044537874,
      "median": 9.248518066399999,
      "user": 86.84927033999999,
      "system": 3.26787388,
      "min": 9.200479672399998,
      "max": 9.268065094399999,
      "times": [
        9.200479672399998,
        9.245162574399998,
        9.2518735584,
        9.211300011399999,
        9.268065094399999,
        9.221984191399999,
        9.253836099399999,
        9.2535069894,
        9.263035993399999,
        9.2373543624
      ],
      "exit_codes": [
        0,
        0,
        0,
        0,
        0,
        0,
        0,
        0,
        0,
        0
      ]
    },
    {
      "command": "python3 ../ibis-renoir-compiler test.test_nexmark.TestNexmark.test_nexmark_query_2 --backend duckdb --path_suffix _100000000",
      "mean": 20.461129919999998,
      "stddev": 1.4917911142835847,
      "median": 19.9916067734,
      "user": 18.234263539999997,
      "system": 3.1512195800000002,
      "min": 19.9320579434,
      "max": 24.704937821399998,
      "times": [
        19.9404398734,
        19.9576308274,
        24.704937821399998,
        20.061369497399998,
        19.9544796384,
        20.039593656399997,
        19.9886781924,
        20.0375763954,
        19.9945353544,
        19.9320579434
      ],
      "exit_codes": [
        0,
        0,
        0,
        0,
        0,
        0,
        0,
        0,
        0,
        0
      ]
    }
  ]
}
