{
  "results": [
    {
      "command": "python ../ibis-renoir-compiler test.test_nexmark.TestNexmark.test_nexmark_query_6 --backend renoir --path_suffix _10000000",
      "mean": 17.4617527688,
      "stddev": 0.3332203479381509,
      "median": 17.385002958,
      "user": 91.1082904,
      "system": 5.385572679999999,
      "min": 17.0467315145,
      "max": 17.9801943565,
      "times": [
        17.8226685565,
        17.9801943565,
        17.3055923675,
        17.3911864205,
        17.3788194955,
        17.262436113499998,
        17.0626663075,
        17.0467315145,
        17.9008144605,
        17.4664180955
      ],
      "exit_codes": [
        0,
        0,
        0,
        0,
        0,
        0,
        0,
        0,
        0,
        0
      ]
    },
    {
      "command": "python ../ibis-renoir-compiler test.test_nexmark.TestNexmark.test_nexmark_query_6 --backend duckdb --path_suffix _10000000",
      "mean": 2.7653218969,
      "stddev": 0.07953045689677579,
      "median": 2.7680849619999996,
      "user": 7.601985599999999,
      "system": 2.6655676799999997,
      "min": 2.6721984155,
      "max": 2.8908470185,
      "times": [
        2.6934737935,
        2.6892329335,
        2.6721984155,
        2.6913277485,
        2.7716853875,
        2.7644845365,
        2.7852972045,
        2.8143384965,
        2.8803334345000002,
        2.8908470185
      ],
      "exit_codes": [
        0,
        0,
        0,
        0,
        0,
        0,
        0,
        0,
        0,
        0
      ]
    }
  ]
}
