{
  "results": [
    {
      "command": "python ../ibis-renoir-compiler test.test_nexmark.TestNexmark.test_nexmark_query_3 --backend renoir --path_suffix _10000000",
      "mean": 5.88088152548,
      "stddev": 0.10147514224349116,
      "median": 5.841408789380001,
      "user": 24.0669564,
      "system": 1.5885417199999998,
      "min": 5.78813590838,
      "max": 6.07529222738,
      "times": [
        5.909164441380001,
        5.82845061538,
        6.04894033538,
        5.82367290838,
        5.85436696338,
        5.85722262038,
        5.82593604138,
        6.07529222738,
        5.78813590838,
        5.79763319338
      ],
      "exit_codes": [
        0,
        0,
        0,
        0,
        0,
        0,
        0,
        0,
        0,
        0
      ]
    },
    {
      "command": "python ../ibis-renoir-compiler test.test_nexmark.TestNexmark.test_nexmark_query_3 --backend polars --path_suffix _10000000",
      "mean": 1.32894175168,
      "stddev": 0.017026221299074332,
      "median": 1.3236394208800002,
      "user": 1.2989946999999997,
      "system": 0.8454297199999999,
      "min": 1.3144104303800002,
      "max": 1.36048028938,
      "times": [
        1.3164812623800002,
        1.32736779338,
        1.3144104303800002,
        1.31991104838,
        1.36048028938,
        1.3194624243800002,
        1.35842095538,
        1.3284799413800001,
        1.3297497043800002,
        1.3146536673800002
      ],
      "exit_codes": [
        0,
        0,
        0,
        0,
        0,
        0,
        0,
        0,
        0,
        0
      ]
    }
  ]
}
