{
  "results": [
    {
      "command": "python ../ibis-renoir-compiler test.test_nexmark.TestNexmark.test_nexmark_query_4 --backend renoir --path_suffix _10000000",
      "mean": 15.582308436820004,
      "stddev": 0.611234535233613,
      "median": 15.46126551382,
      "user": 77.88842580000001,
      "system": 4.68688086,
      "min": 14.79070559332,
      "max": 16.76991417932,
      "times": [
        15.05446431732,
        15.09379032932,
        15.89646540032,
        15.43327262232,
        16.36499598832,
        15.32632622532,
        14.79070559332,
        15.489258405320001,
        15.603891307320001,
        16.76991417932
      ],
      "exit_codes": [
        0,
        0,
        0,
        0,
        0,
        0,
        0,
        0,
        0,
        0
      ]
    },
    {
      "command": "python ../ibis-renoir-compiler test.test_nexmark.TestNexmark.test_nexmark_query_4 --backend duckdb --path_suffix _10000000",
      "mean": 2.23292571182,
      "stddev": 0.031422266666844605,
      "median": 2.23554180182,
      "user": 5.0328,
      "system": 1.7909866599999997,
      "min": 2.20094741632,
      "max": 2.30296554532,
      "times": [
        2.24544812932,
        2.2018429863200004,
        2.2471081283200003,
        2.24363000732,
        2.22745359632,
        2.2094111513200003,
        2.30296554532,
        2.20094741632,
        2.20500266332,
        2.24544749432
      ],
      "exit_codes": [
        0,
        0,
        0,
        0,
        0,
        0,
        0,
        0,
        0,
        0
      ]
    }
  ]
}
