{
  "results": [
    {
      "command": "python ../ibis-renoir-compiler test.test_nexmark.TestNexmark.test_nexmark_query_4 --backend renoir --path_suffix _10000000",
      "mean": 15.398223112740002,
      "stddev": 0.37189849973567185,
      "median": 15.43484135174,
      "user": 77.62662718,
      "system": 4.6421196600000005,
      "min": 14.45992649724,
      "max": 15.83978580324,
      "times": [
        15.47085771924,
        15.52237613224,
        15.83978580324,
        15.319890447239999,
        15.39882498424,
        15.343044922239999,
        15.39116557424,
        15.47203561424,
        14.45992649724,
        15.76432343324
      ],
      "exit_codes": [
        0,
        0,
        0,
        0,
        0,
        0,
        0,
        0,
        0,
        0
      ]
    },
    {
      "command": "python ../ibis-renoir-compiler test.test_nexmark.TestNexmark.test_nexmark_query_4 --backend polars --path_suffix _10000000",
      "mean": 2.2868764420400005,
      "stddev": 0.013458443009790344,
      "median": 2.28319679674,
      "user": 5.09131148,
      "system": 1.7875846599999998,
      "min": 2.27210184524,
      "max": 2.31305157624,
      "times": [
        2.29073474824,
        2.27210184524,
        2.28788964624,
        2.28250359024,
        2.31305157624,
        2.28198731024,
        2.28389000324,
        2.30609799124,
        2.27835598624,
        2.27215172324
      ],
      "exit_codes": [
        0,
        0,
        0,
        0,
        0,
        0,
        0,
        0,
        0,
        0
      ]
    }
  ]
}
