{
  "results": [
    {
      "command": "python3 ../ibis-renoir-compiler test.test_operators.TestNullableOperators.test_nullable_filter_group_select --backend renoir --path_suffix _100000000",
      "mean": 5.663474363880001,
      "stddev": 0.25325869512651306,
      "median": 5.81149387198,
      "user": 46.31335065999999,
      "system": 1.4940482199999998,
      "min": 5.2893770599800005,
      "max": 5.86892546098,
      "times": [
        5.29938130798,
        5.2893770599800005,
        5.31940115998,
        5.70008442898,
        5.80523374798,
        5.81775399598,
        5.84373553898,
        5.86892546098,
        5.83527890398,
        5.855572033980001
      ],
      "exit_codes": [
        0,
        0,
        0,
        0,
        0,
        0,
        0,
        0,
        0,
        0
      ]
    },
    {
      "command": "python3 ../ibis-renoir-compiler test.test_operators.TestNullableOperators.test_nullable_filter_group_select --backend duckdb --path_suffix _100000000",
      "mean": 1.95895912148,
      "stddev": 0.012268753734281946,
      "median": 1.96130060698,
      "user": 13.359349660000001,
      "system": 1.36970912,
      "min": 1.93596329998,
      "max": 1.98111183698,
      "times": [
        1.94722462098,
        1.96052033098,
        1.9634528609800002,
        1.96208088298,
        1.9686659269800002,
        1.98111183698,
        1.95510608898,
        1.93596329998,
        1.95258491398,
        1.96288045198
      ],
      "exit_codes": [
        0,
        0,
        0,
        0,
        0,
        0,
        0,
        0,
        0,
        0
      ]
    }
  ]
}
