{
  "results": [
    {
      "command": "python3 ../ibis-renoir-compiler test.test_operators.TestNullableOperators.test_nullable_filter_group_mutate --backend renoir --path_suffix _100000000",
      "mean": 5.58309411588,
      "stddev": 0.2371407090712833,
      "median": 5.72585721718,
      "user": 45.21903672,
      "system": 1.50507066,
      "min": 5.23502221718,
      "max": 5.7594490251799995,
      "times": [
        5.23502221718,
        5.2520016501799995,
        5.24592678018,
        5.625069604179999,
        5.74633265318,
        5.75806707518,
        5.740133097179999,
        5.711581337179999,
        5.75735771918,
        5.7594490251799995
      ],
      "exit_codes": [
        0,
        0,
        0,
        0,
        0,
        0,
        0,
        0,
        0,
        0
      ]
    },
    {
      "command": "python3 ../ibis-renoir-compiler test.test_operators.TestNullableOperators.test_nullable_filter_group_mutate --backend duckdb --path_suffix _100000000",
      "mean": 1.96271913038,
      "stddev": 0.02401266162718021,
      "median": 1.95962557768,
      "user": 13.36470602,
      "system": 1.3922753599999997,
      "min": 1.93532517518,
      "max": 2.00790266518,
      "times": [
        1.96067560918,
        1.9506926721800002,
        1.9843286631800001,
        1.9361561531800002,
        1.93839304218,
        1.93532517518,
        2.00790266518,
        1.98117907518,
        1.95857554618,
        1.9739627021800001
      ],
      "exit_codes": [
        0,
        0,
        0,
        0,
        0,
        0,
        0,
        0,
        0,
        0
      ]
    }
  ]
}
