{
  "results": [
    {
      "command": "python3 ../ibis-renoir-compiler test.test_operators.TestNullableOperators.test_nullable_filter_group_mutate_reduce --backend renoir --path_suffix _100000000",
      "mean": 24.09722513212,
      "stddev": 0.43334709471963967,
      "median": 23.97025361452,
      "user": 225.66105843999998,
      "system": 15.269657259999999,
      "min": 23.835534901520003,
      "max": 25.31959264952,
      "times": [
        23.96508193352,
        23.934616652520003,
        24.05402020152,
        23.97542529552,
        25.31959264952,
        23.835534901520003,
        23.928436950520002,
        24.01797729352,
        23.963964702520002,
        23.97760074052
      ],
      "exit_codes": [
        0,
        0,
        0,
        0,
        0,
        0,
        0,
        0,
        0,
        0
      ]
    },
    {
      "command": "python3 ../ibis-renoir-compiler test.test_operators.TestNullableOperators.test_nullable_filter_group_mutate_reduce --backend duckdb --path_suffix _100000000",
      "mean": 70.23259370731999,
      "stddev": 0.6066220472988906,
      "median": 70.21025087601998,
      "user": 105.93938674,
      "system": 13.458235859999998,
      "min": 69.27295050452,
      "max": 71.09239454751999,
      "times": [
        69.61728346951999,
        69.66731448751999,
        70.26676503051999,
        70.00231199452,
        70.70501502351999,
        70.15373672151999,
        70.56966308652,
        70.97850220752,
        69.27295050452,
        71.09239454751999
      ],
      "exit_codes": [
        0,
        0,
        0,
        0,
        0,
        0,
        0,
        0,
        0,
        0
      ]
    }
  ]
}
