{
  "results": [
    {
      "command": "python3 ../ibis-renoir-compiler test.test_operators.TestNullableOperators.test_nullable_filter_select --backend renoir --path_suffix _100000000",
      "mean": 5.157723453160001,
      "stddev": 0.025289519165344016,
      "median": 5.16034067816,
      "user": 43.09563096000001,
      "system": 1.425659,
      "min": 5.10224230266,
      "max": 5.19041868566,
      "times": [
        5.189141322659999,
        5.19041868566,
        5.16934335866,
        5.13953248466,
        5.15920022966,
        5.16148112666,
        5.15502425166,
        5.16322720366,
        5.10224230266,
        5.14762356566
      ],
      "exit_codes": [
        0,
        0,
        0,
        0,
        0,
        0,
        0,
        0,
        0,
        0
      ]
    },
    {
      "command": "python3 ../ibis-renoir-compiler test.test_operators.TestNullableOperators.test_nullable_filter_select --backend duckdb --path_suffix _100000000",
      "mean": 7.174777430160001,
      "stddev": 0.031571178191986855,
      "median": 7.16172616066,
      "user": 6.810231159999999,
      "system": 1.2864966,
      "min": 7.13861277866,
      "max": 7.217742932659999,
      "times": [
        7.217742932659999,
        7.160048477659999,
        7.205570434659999,
        7.20234716066,
        7.21367937666,
        7.16249535766,
        7.13885878266,
        7.1474620366599995,
        7.13861277866,
        7.1609569636599995
      ],
      "exit_codes": [
        0,
        0,
        0,
        0,
        0,
        0,
        0,
        0,
        0,
        0
      ]
    }
  ]
}
