{
  "results": [
    {
      "command": "python3 ../ibis-renoir-compiler test.test_operators.TestNullableOperators.test_nullable_filter_reduce --backend renoir --path_suffix _100000000",
      "mean": 5.6733695894,
      "stddev": 0.013979175114093252,
      "median": 5.6761700603000005,
      "user": 47.23071516,
      "system": 1.53653538,
      "min": 5.6509540103,
      "max": 5.6936380173000005,
      "times": [
        5.6510952853,
        5.6509540103,
        5.6936380173000005,
        5.6776265763,
        5.6877708993,
        5.6741537783,
        5.6788453133,
        5.6791472033,
        5.6657512663,
        5.6747135443
      ],
      "exit_codes": [
        0,
        0,
        0,
        0,
        0,
        0,
        0,
        0,
        0,
        0
      ]
    },
    {
      "command": "python3 ../ibis-renoir-compiler test.test_operators.TestNullableOperators.test_nullable_filter_reduce --backend duckdb --path_suffix _100000000",
      "mean": 1.9655166176,
      "stddev": 0.02334586854837923,
      "median": 1.9598937903000002,
      "user": 13.490677259999998,
      "system": 1.36601318,
      "min": 1.9468889173000001,
      "max": 2.0273582503000003,
      "times": [
        1.9468889173000001,
        2.0273582503000003,
        1.9656082913000001,
        1.9603504053000003,
        1.9686753303,
        1.9574298793000002,
        1.9594371753000002,
        1.9716820023000001,
        1.9477522873000002,
        1.9499836373000001
      ],
      "exit_codes": [
        0,
        0,
        0,
        0,
        0,
        0,
        0,
        0,
        0,
        0
      ]
    }
  ]
}
