{
  "results": [
    {
      "command": "python3 ../ibis-renoir-compiler test.test_nexmark.TestNexmark.test_nexmark_query_3 --backend renoir --path_suffix _10000000",
      "mean": 3.7720325727399997,
      "stddev": 0.0290631564426091,
      "median": 3.76799785154,
      "user": 18.6653127,
      "system": 1.6314858,
      "min": 3.71451467604,
      "max": 3.83133511204,
      "times": [
        3.78886112304,
        3.7844174020400003,
        3.76354468604,
        3.76546522204,
        3.75928269904,
        3.7662304030400002,
        3.76976530004,
        3.77690910404,
        3.83133511204,
        3.71451467604
      ],
      "exit_codes": [
        0,
        0,
        0,
        0,
        0,
        0,
        0,
        0,
        0,
        0
      ]
    },
    {
      "command": "python3 ../ibis-renoir-compiler test.test_nexmark.TestNexmark.test_nexmark_query_3 --backend duckdb --path_suffix _10000000",
      "mean": 1.09324088974,
      "stddev": 0.011016797606176068,
      "median": 1.09214863504,
      "user": 1.3216880999999998,
      "system": 0.7721835999999997,
      "min": 1.08210432004,
      "max": 1.11935991504,
      "times": [
        1.08737316904,
        1.09474466004,
        1.09546665604,
        1.09726336804,
        1.08376409604,
        1.11935991504,
        1.08370852404,
        1.08955261004,
        1.08210432004,
        1.09907157904
      ],
      "exit_codes": [
        0,
        0,
        0,
        0,
        0,
        0,
        0,
        0,
        0,
        0
      ]
    }
  ]
}
