{
  "results": [
    {
      "command": "python3 ../ibis-renoir-compiler test.test_nexmark.TestNexmark.test_nexmark_query_2 --backend renoir --path_suffix _10000000",
      "mean": 2.4362577372,
      "stddev": 0.01070462266170122,
      "median": 2.4360452679,
      "user": 10.68220534,
      "system": 1.1363146800000001,
      "min": 2.4205411829,
      "max": 2.4523370839,
      "times": [
        2.4351321129,
        2.4397855698999997,
        2.4313818439,
        2.4410986589,
        2.4511268959,
        2.4523370839,
        2.4205411829,
        2.4369584229,
        2.4209515829,
        2.4332640179
      ],
      "exit_codes": [
        0,
        0,
        0,
        0,
        0,
        0,
        0,
        0,
        0,
        0
      ]
    },
    {
      "command": "python3 ../ibis-renoir-compiler test.test_nexmark.TestNexmark.test_nexmark_query_2 --backend duckdb --path_suffix _10000000",
      "mean": 2.7996063218000002,
      "stddev": 0.014578959584816704,
      "median": 2.7991931849,
      "user": 2.749793640000001,
      "system": 0.97307148,
      "min": 2.7793841679,
      "max": 2.8242221169,
      "times": [
        2.8013652129,
        2.8242221169,
        2.8050623929,
        2.8076242229,
        2.7859649709,
        2.7793841679,
        2.7970211569,
        2.7819696349,
        2.8166173069,
        2.7968320349
      ],
      "exit_codes": [
        0,
        0,
        0,
        0,
        0,
        0,
        0,
        0,
        0,
        0
      ]
    }
  ]
}
