{
  "results": [
    {
      "command": "python3 ../ibis-renoir-compiler test.test_nexmark.TestNexmark.test_nexmark_query_4 --backend renoir --path_suffix _10000000",
      "mean": 9.6948727311,
      "stddev": 0.05894737578890253,
      "median": 9.694574043500001,
      "user": 72.9384495,
      "system": 4.34476358,
      "min": 9.5737161345,
      "max": 9.7740007025,
      "times": [
        9.7235414515,
        9.6648676695,
        9.6829037395,
        9.7740007025,
        9.6963171915,
        9.7321088285,
        9.5737161345,
        9.6928308955,
        9.6454837045,
        9.7629569935
      ],
      "exit_codes": [
        0,
        0,
        0,
        0,
        0,
        0,
        0,
        0,
        0,
        0
      ]
    },
    {
      "command": "python3 ../ibis-renoir-compiler test.test_nexmark.TestNexmark.test_nexmark_query_4 --backend polars --path_suffix _10000000",
      "mean": 1.6229137681999997,
      "stddev": 0.011798529028194218,
      "median": 1.6205941309999998,
      "user": 5.584203,
      "system": 1.1672010799999997,
      "min": 1.6047212505,
      "max": 1.6484039445,
      "times": [
        1.6146555944999998,
        1.6235110325,
        1.6226210655,
        1.6166031185,
        1.6047212505,
        1.6184727755,
        1.6300999594999999,
        1.6314817444999998,
        1.6484039445,
        1.6185671965
      ],
      "exit_codes": [
        0,
        0,
        0,
        0,
        0,
        0,
        0,
        0,
        0,
        0
      ]
    }
  ]
}
