{
  "results": [
    {
      "command": "/usr/bin/time -a -o log/7zeros_all_sola1_wmemo/memo_log.csv -f 'test_nullable_group_reduce_join_mutate,flink,%e,%M,%U,%S,%x'         python3 ../ibis-renoir-compiler test.test_operators.TestNullableOperators.test_nullable_group_reduce_join_mutate --backend flink --path_suffix _10000000",
      "mean": 4.25284118188,
      "stddev": 0.07251147764568185,
      "median": 4.24740138748,
      "user": 10.443987960000001,
      "system": 1.46346802,
      "min": 4.165241486979999,
      "max": 4.393971447979999,
      "times": [
        4.165241486979999,
        4.16667718098,
        4.27967614498,
        4.26614735398,
        4.30566615498,
        4.1902021199799995,
        4.22865542098,
        4.22273769398,
        4.393971447979999,
        4.30943681398
      ],
      "exit_codes": [
        0,
        0,
        0,
        0,
        0,
        0,
        0,
        0,
        0,
        0
      ]
    }
  ]
}
