{
  "results": [
    {
      "command": "/usr/bin/time -a -o log/7zeros_all_sola1_wmemo/memo_log.csv -f 'test_nullable_filter_select,flink,%e,%M,%U,%S,%x'         python3 ../ibis-renoir-compiler test.test_operators.TestNullableOperators.test_nullable_filter_select --backend flink --path_suffix _10000000",
      "mean": 3.4350917105999996,
      "stddev": 0.028867909083662723,
      "median": 3.4353215612000003,
      "user": 2.4667358,
      "system": 0.91089606,
      "min": 3.3932181342,
      "max": 3.4913935952,
      "times": [
        3.3932181342,
        3.4913935952,
        3.3987906772,
        3.4531460612,
        3.4315823792,
        3.4465434942,
        3.4390607432,
        3.4141658992,
        3.4302443652,
        3.4527717572000003
      ],
      "exit_codes": [
        0,
        0,
        0,
        0,
        0,
        0,
        0,
        0,
        0,
        0
      ]
    }
  ]
}
