{
  "results": [
    {
      "command": "/usr/bin/time -a -o log/7zeros_all_sola1_wmemo/memo_log.csv -f 'test_nullable_filter_filter_select_select,renoir,%e,%M,%U,%S,%x'         python3 ../ibis-renoir-compiler test.test_operators.TestNullableOperators.test_nullable_filter_filter_select_select --backend renoir --path_suffix _10000000",
      "mean": 1.94969654848,
      "stddev": 0.010836191204212002,
      "median": 1.95272271238,
      "user": 6.75892958,
      "system": 1.0301525599999999,
      "min": 1.92909739238,
      "max": 1.9650022993800003,
      "times": [
        1.93897734238,
        1.9650022993800003,
        1.95239423238,
        1.92909739238,
        1.9393357103800002,
        1.9543996123800003,
        1.9492068073800002,
        1.95305119238,
        1.95938559138,
        1.9561153043800001
      ],
      "exit_codes": [
        0,
        0,
        0,
        0,
        0,
        0,
        0,
        0,
        0,
        0
      ]
    }
  ]
}
