{
  "results": [
    {
      "command": "/usr/bin/time -a -o log/7zeros_all_sola1_wmemo/memo_log.csv -f 'test_nullable_windowing_explicit,flink,%e,%M,%U,%S,%x'         python3 ../ibis-renoir-compiler test.test_operators.TestNullableOperators.test_nullable_windowing_explicit --backend flink --path_suffix _10000000",
      "mean": 6.890668850360001,
      "stddev": 0.034044691511391466,
      "median": 6.89721633866,
      "user": 7.107178859999999,
      "system": 4.2323419399999995,
      "min": 6.84568786916,
      "max": 6.94708768716,
      "times": [
        6.93399522416,
        6.94708768716,
        6.89951767216,
        6.8519666701599995,
        6.86167460116,
        6.89491500516,
        6.86615226516,
        6.90561586616,
        6.90007564316,
        6.84568786916
      ],
      "exit_codes": [
        0,
        0,
        0,
        0,
        0,
        0,
        0,
        0,
        0,
        0
      ]
    }
  ]
}
