{
  "results": [
    {
      "command": "/usr/bin/time -a -o log/7zeros_all_sola1_wmemo/memo_log.csv -f 'test_nullable_filter_group_select,flink,%e,%M,%U,%S,%x'         python3 ../ibis-renoir-compiler test.test_operators.TestNullableOperators.test_nullable_filter_group_select --backend flink --path_suffix _10000000",
      "mean": 2.7307474371200002,
      "stddev": 0.034405531482811225,
      "median": 2.7165890607200005,
      "user": 3.05226862,
      "system": 0.93427088,
      "min": 2.6887422667200003,
      "max": 2.7983192147200002,
      "times": [
        2.77199908172,
        2.71111578972,
        2.7050561337200003,
        2.7133198487200003,
        2.7183511347200002,
        2.6887422667200003,
        2.75977292172,
        2.7983192147200002,
        2.7148269867200003,
        2.72597099272
      ],
      "exit_codes": [
        0,
        0,
        0,
        0,
        0,
        0,
        0,
        0,
        0,
        0
      ]
    }
  ]
}
