{
  "results": [
    {
      "command": "/usr/bin/time -a -o log/7zeros_all_sola1_wmemo/memo_log.csv -f 'test_nexmark_query_2,flink,%e,%M,%U,%S,%x'         python3 ../ibis-renoir-compiler test.test_nexmark.TestNexmark.test_nexmark_query_2 --backend flink --path_suffix _10000000",
      "mean": 4.6875131433,
      "stddev": 0.027509629606051203,
      "median": 4.680236302999999,
      "user": 3.3283392800000002,
      "system": 1.1249520199999998,
      "min": 4.6461316675,
      "max": 4.7300700575,
      "times": [
        4.6862152575,
        4.7300700575,
        4.6716600695,
        4.674257348499999,
        4.7025812555,
        4.7128702515,
        4.7193227795,
        4.6461316675,
        4.671122307499999,
        4.6609004385
      ],
      "exit_codes": [
        0,
        0,
        0,
        0,
        0,
        0,
        0,
        0,
        0,
        0
      ]
    }
  ]
}
