{
  "results": [
    {
      "command": "/usr/bin/time -a -o log/7zeros_all_sola1_wmemo/memo_log.csv -f 'test_nullable_windowing_explicit_group,duckdb,%e,%M,%U,%S,%x'         python3 ../ibis-renoir-compiler test.test_operators.TestNullableOperators.test_nullable_windowing_explicit_group --backend duckdb --path_suffix _10000000",
      "mean": 8.3299429962,
      "stddev": 0.09629589225020542,
      "median": 8.2937014311,
      "user": 15.32091384,
      "system": 2.4415532200000003,
      "min": 8.261253550100001,
      "max": 8.5810300871,
      "times": [
        8.3345284541,
        8.3686919931,
        8.2728997491,
        8.3048395501,
        8.2691203931,
        8.5810300871,
        8.2691452291,
        8.2825633121,
        8.3553576441,
        8.261253550100001
      ],
      "exit_codes": [
        0,
        0,
        0,
        0,
        0,
        0,
        0,
        0,
        0,
        0
      ]
    }
  ]
}
