{
  "results": [
    {
      "command": "/usr/bin/time -a -o log/7zeros_all_sola1_wmemo/memo_log.csv -f 'test_nullable_group_reduce_join_mutate,polars,%e,%M,%U,%S,%x'         python3 ../ibis-renoir-compiler test.test_operators.TestNullableOperators.test_nullable_group_reduce_join_mutate --backend polars --path_suffix _10000000",
      "mean": 2.53658830352,
      "stddev": 0.056916251838810036,
      "median": 2.5256065895199997,
      "user": 10.022207519999998,
      "system": 1.4111167599999999,
      "min": 2.45206109652,
      "max": 2.62693168652,
      "times": [
        2.55148039052,
        2.51974235552,
        2.53147082352,
        2.49958503052,
        2.49501888752,
        2.58178721552,
        2.45206109652,
        2.49235266852,
        2.61545288052,
        2.62693168652
      ],
      "exit_codes": [
        0,
        0,
        0,
        0,
        0,
        0,
        0,
        0,
        0,
        0
      ]
    }
  ]
}
