{
  "results": [
    {
      "command": "/usr/bin/time -a -o log/7zeros_all_sola1_wmemo/memo_log.csv -f 'test_nullable_windowing_explicit,polars,%e,%M,%U,%S,%x'         python3 ../ibis-renoir-compiler test.test_operators.TestNullableOperators.test_nullable_windowing_explicit --backend polars --path_suffix _10000000",
      "mean": 5.2022868319199995,
      "stddev": 0.03419116529713478,
      "median": 5.2000184231199995,
      "user": 6.6769165,
      "system": 4.26489258,
      "min": 5.16708104412,
      "max": 5.28021508312,
      "times": [
        5.19577393512,
        5.22689700512,
        5.17377469612,
        5.16708104412,
        5.18258967412,
        5.16821180812,
        5.20426291112,
        5.21363590912,
        5.21042625312,
        5.28021508312
      ],
      "exit_codes": [
        0,
        0,
        0,
        0,
        0,
        0,
        0,
        0,
        0,
        0
      ]
    }
  ]
}
