{
  "results": [
    {
      "command": "/usr/bin/time -a -o log/7zeros_all_sola1_wmemo/memo_log.csv -f 'test_nullable_windowing_explicit_group,renoir,%e,%M,%U,%S,%x'         python3 ../ibis-renoir-compiler test.test_operators.TestNullableOperators.test_nullable_windowing_explicit_group --backend renoir --path_suffix _10000000",
      "mean": 4.4478075830399995,
      "stddev": 0.019372590434522843,
      "median": 4.44262170064,
      "user": 29.91924088,
      "system": 2.9623139199999997,
      "min": 4.42745083264,
      "max": 4.488927455640001,
      "times": [
        4.43625317564,
        4.45325399664,
        4.434774866640001,
        4.465887883640001,
        4.43794126864,
        4.42745083264,
        4.447302132640001,
        4.488927455640001,
        4.45849438064,
        4.427789837640001
      ],
      "exit_codes": [
        0,
        0,
        0,
        0,
        0,
        0,
        0,
        0,
        0,
        0
      ]
    }
  ]
}
