{
  "results": [
    {
      "command": "/usr/bin/time -a -o log/7zeros_all_sola1_wmemo/memo_log.csv -f 'test_nullable_outer_join,duckdb,%e,%M,%U,%S,%x'         python3 ../ibis-renoir-compiler test.test_operators.TestNullableOperators.test_nullable_outer_join --backend duckdb --path_suffix _10000000",
      "mean": 43.1803500113,
      "stddev": 0.6910273155585502,
      "median": 43.0695745543,
      "user": 47.64771124000001,
      "system": 2.4718799799999998,
      "min": 42.3465053563,
      "max": 44.621130138299996,
      "times": [
        43.4306365283,
        42.3465053563,
        42.7450379723,
        42.8045749453,
        43.8570095963,
        44.621130138299996,
        42.4921322073,
        42.8030558423,
        43.3688433633,
        43.3345741633
      ],
      "exit_codes": [
        0,
        0,
        0,
        0,
        0,
        0,
        0,
        0,
        0,
        0
      ]
    }
  ]
}
