{
  "results": [
    {
      "command": "/usr/bin/time -a -o log/7zeros_all_sola1_wmemo/memo_log.csv -f 'test_nexmark_query_4,polars,%e,%M,%U,%S,%x'         python3 ../ibis-renoir-compiler test.test_nexmark.TestNexmark.test_nexmark_query_4 --backend polars --path_suffix _10000000",
      "mean": 1.7281692958600001,
      "stddev": 0.014036337637192196,
      "median": 1.72386724376,
      "user": 5.71352736,
      "system": 1.26627162,
      "min": 1.70894778226,
      "max": 1.74696278326,
      "times": [
        1.72119676626,
        1.71927602226,
        1.70894778226,
        1.7139097942600001,
        1.73601498926,
        1.7461564492600001,
        1.72653772126,
        1.74382607826,
        1.74696278326,
        1.71886457226
      ],
      "exit_codes": [
        0,
        0,
        0,
        0,
        0,
        0,
        0,
        0,
        0,
        0
      ]
    }
  ]
}
