{
  "results": [
    {
      "command": "/usr/bin/time -a -o log/7zeros_all_sola1_wmemo/memo_log.csv -f 'test_nullable_group_reduce_group_reduce_join,flink,%e,%M,%U,%S,%x'         python3 ../ibis-renoir-compiler test.test_operators.TestNullableOperators.test_nullable_group_reduce_group_reduce_join --backend flink --path_suffix _10000000",
      "mean": 4.560504914520001,
      "stddev": 0.055555679773359797,
      "median": 4.54162748772,
      "user": 14.18154376,
      "system": 1.71287078,
      "min": 4.49984966622,
      "max": 4.675391100220001,
      "times": [
        4.62483711522,
        4.49984966622,
        4.51446497522,
        4.51904569722,
        4.534265914220001,
        4.59905023522,
        4.675391100220001,
        4.554889466220001,
        4.54015137822,
        4.54310359722
      ],
      "exit_codes": [
        0,
        0,
        0,
        0,
        0,
        0,
        0,
        0,
        0,
        0
      ]
    }
  ]
}
