{
  "results": [
    {
      "command": "/usr/bin/time -a -o log/7zeros_all_sola1_wmemo/memo_log.csv -f 'test_nullable_filter_group_mutate_reduce,renoir,%e,%M,%U,%S,%x'         python3 ../ibis-renoir-compiler test.test_operators.TestNullableOperators.test_nullable_filter_group_mutate_reduce --backend renoir --path_suffix _10000000",
      "mean": 3.81416346742,
      "stddev": 0.02134213218231607,
      "median": 3.81414479452,
      "user": 24.130191659999998,
      "system": 2.03666832,
      "min": 3.7834524375200003,
      "max": 3.8557868065200003,
      "times": [
        3.81889821452,
        3.8028078455200003,
        3.82288541352,
        3.83343460052,
        3.81016230152,
        3.80972816252,
        3.7834524375200003,
        3.78635160452,
        3.8181272875200003,
        3.8557868065200003
      ],
      "exit_codes": [
        0,
        0,
        0,
        0,
        0,
        0,
        0,
        0,
        0,
        0
      ]
    }
  ]
}
