{
  "results": [
    {
      "command": "/usr/bin/time -a -o log/7zeros_all_sola1_wmemo/memo_log.csv -f 'test_nullable_inner_join_select,polars,%e,%M,%U,%S,%x'         python3 ../ibis-renoir-compiler test.test_operators.TestNullableOperators.test_nullable_inner_join_select --backend polars --path_suffix _10000000",
      "mean": 1.2739961160200002,
      "stddev": 0.005855346281957378,
      "median": 1.2734783311200002,
      "user": 4.296121340000001,
      "system": 0.9618497799999999,
      "min": 1.2659957746200001,
      "max": 1.28185955162,
      "times": [
        1.26923077562,
        1.2778896436200002,
        1.26951320562,
        1.28112550962,
        1.27414776862,
        1.2797083396200002,
        1.28185955162,
        1.2728088936200002,
        1.26768169762,
        1.2659957746200001
      ],
      "exit_codes": [
        0,
        0,
        0,
        0,
        0,
        0,
        0,
        0,
        0,
        0
      ]
    }
  ]
}
