{
  "results": [
    {
      "command": "/usr/bin/time -a -o log/7zeros_all_sola1_wmemo/memo_log.csv -f 'test_nexmark_query_2,renoir,%e,%M,%U,%S,%x'         python3 ../ibis-renoir-compiler test.test_nexmark.TestNexmark.test_nexmark_query_2 --backend renoir --path_suffix _10000000",
      "mean": 2.44227440928,
      "stddev": 0.01092044317037329,
      "median": 2.44674741808,
      "user": 10.95691292,
      "system": 1.2054703399999998,
      "min": 2.42184386608,
      "max": 2.45794037608,
      "times": [
        2.42607853908,
        2.43827786408,
        2.44669483608,
        2.44711121708,
        2.42184386608,
        2.44185781508,
        2.44722295908,
        2.44680000008,
        2.44891662008,
        2.45794037608
      ],
      "exit_codes": [
        0,
        0,
        0,
        0,
        0,
        0,
        0,
        0,
        0,
        0
      ]
    }
  ]
}
