{
  "results": [
    {
      "command": "/usr/bin/time -a -o log/7zeros_all_sola1_wmemo/memo_log.csv -f 'test_nullable_filter_filter_select_select,duckdb,%e,%M,%U,%S,%x'         python3 ../ibis-renoir-compiler test.test_operators.TestNullableOperators.test_nullable_filter_filter_select_select --backend duckdb --path_suffix _10000000",
      "mean": 1.6997299910800003,
      "stddev": 0.00892495980706241,
      "median": 1.69763392578,
      "user": 1.9500985400000002,
      "system": 0.8563536599999999,
      "min": 1.68862642578,
      "max": 1.7117006897800002,
      "times": [
        1.70073237078,
        1.68862642578,
        1.7117006897800002,
        1.7097457897800001,
        1.71085307078,
        1.6897287367800002,
        1.7043257017800002,
        1.69380103578,
        1.69325060878,
        1.69453548078
      ],
      "exit_codes": [
        0,
        0,
        0,
        0,
        0,
        0,
        0,
        0,
        0,
        0
      ]
    }
  ]
}
