{
  "results": [
    {
      "command": "/usr/bin/time -a -o log/7zeros_all_sola1_wmemo/memo_log.csv -f 'test_nullable_windowing_implicit_mean,flink,%e,%M,%U,%S,%x'         python3 ../ibis-renoir-compiler test.test_operators.TestNullableOperators.test_nullable_windowing_implicit_mean --backend flink --path_suffix _10000000",
      "mean": 6.711558793939998,
      "stddev": 0.03756305808139297,
      "median": 6.70052255274,
      "user": 5.864375659999999,
      "system": 2.4643637400000005,
      "min": 6.6660991547399995,
      "max": 6.77940989474,
      "times": [
        6.70291986474,
        6.69812524074,
        6.77074097174,
        6.677913289739999,
        6.6660991547399995,
        6.71022916774,
        6.77940989474,
        6.728210433739999,
        6.6885191827399995,
        6.6934207387399995
      ],
      "exit_codes": [
        0,
        0,
        0,
        0,
        0,
        0,
        0,
        0,
        0,
        0
      ]
    }
  ]
}
