{
  "results": [
    {
      "command": "python3 ../ibis-renoir-compiler test.test_operators.TestNullableOperators.test_nullable_filter_select --backend renoir --path_suffix _100000000",
      "mean": 7.32235839314,
      "stddev": 0.25280764449251614,
      "median": 7.355560281640001,
      "user": 39.37685607999999,
      "system": 1.6743822599999998,
      "min": 6.91365742714,
      "max": 7.65275457114,
      "times": [
        7.65275457114,
        7.54811502514,
        7.41245989414,
        7.19762057614,
        7.386768416140001,
        6.91365742714,
        7.32435214714,
        6.93366028414,
        7.27350117914,
        7.5806944111400005
      ],
      "exit_codes": [
        0,
        0,
        0,
        0,
        0,
        0,
        0,
        0,
        0,
        0
      ]
    },
    {
      "command": "python3 ../ibis-renoir-compiler test.test_operators.TestNullableOperators.test_nullable_filter_select --backend duckdb --path_suffix _100000000",
      "mean": 8.49072927014,
      "stddev": 0.2374733148079155,
      "median": 8.43206361664,
      "user": 8.793465780000002,
      "system": 2.02896876,
      "min": 8.20948876814,
      "max": 9.052972522140001,
      "times": [
        8.31710618514,
        8.48082681514,
        9.052972522140001,
        8.56859432714,
        8.20948876814,
        8.57140193114,
        8.34230702714,
        8.62470754414,
        8.383300418140001,
        8.35658716314
      ],
      "exit_codes": [
        0,
        0,
        0,
        0,
        0,
        0,
        0,
        0,
        0,
        0
      ]
    }
  ]
}
