{
  "results": [
    {
      "command": "python ../ibis-renoir-compiler test.test_nexmark.TestNexmark.test_nexmark_query_4 --backend renoir --path_suffix _10000000",
      "mean": 15.660396994420001,
      "stddev": 0.29014998912039025,
      "median": 15.62079234072,
      "user": 78.38422586000002,
      "system": 4.844325339999999,
      "min": 15.26410045772,
      "max": 16.307612634719998,
      "times": [
        15.62432133672,
        15.515639864719999,
        15.61726334472,
        15.453257149719999,
        15.69885364772,
        15.49080340272,
        15.26410045772,
        15.95025733072,
        16.307612634719998,
        15.681860774719999
      ],
      "exit_codes": [
        0,
        0,
        0,
        0,
        0,
        0,
        0,
        0,
        0,
        0
      ]
    },
    {
      "command": "python ../ibis-renoir-compiler test.test_nexmark.TestNexmark.test_nexmark_query_4 --backend duckdb --path_suffix _10000000",
      "mean": 2.28964916352,
      "stddev": 0.03806150801488258,
      "median": 2.28402518422,
      "user": 5.11538186,
      "system": 1.73032684,
      "min": 2.23578038972,
      "max": 2.3565909597199997,
      "times": [
        2.3565909597199997,
        2.29539346772,
        2.27265690072,
        2.2672059397199997,
        2.3039337177199997,
        2.25420850472,
        2.23578038972,
        2.2606497637199996,
        2.32156363472,
        2.32850835672
      ],
      "exit_codes": [
        0,
        0,
        0,
        0,
        0,
        0,
        0,
        0,
        0,
        0
      ]
    }
  ]
}
