{
  "results": [
    {
      "command": "python ../ibis-renoir-compiler test.test_nexmark.TestNexmark.test_nexmark_query_2 --backend renoir --path_suffix _10000000",
      "mean": 3.10845165848,
      "stddev": 0.0960475551628596,
      "median": 3.07639688258,
      "user": 10.471772320000001,
      "system": 1.2928572600000001,
      "min": 3.0262212115800002,
      "max": 3.35401087358,
      "times": [
        3.02713123058,
        3.07516311258,
        3.35401087358,
        3.15804047258,
        3.0262212115800002,
        3.06976226558,
        3.14361977858,
        3.08173088458,
        3.07120610258,
        3.07763065258
      ],
      "exit_codes": [
        0,
        0,
        0,
        0,
        0,
        0,
        0,
        0,
        0,
        0
      ]
    },
    {
      "command": "python ../ibis-renoir-compiler test.test_nexmark.TestNexmark.test_nexmark_query_2 --backend duckdb --path_suffix _10000000",
      "mean": 3.4042769923800003,
      "stddev": 0.026455565641397227,
      "median": 3.40245930458,
      "user": 2.71530052,
      "system": 1.41941546,
      "min": 3.3706151005800002,
      "max": 3.44823981958,
      "times": [
        3.39933241258,
        3.41637992258,
        3.38446485258,
        3.3769962705800003,
        3.40558619658,
        3.38648052858,
        3.3706151005800002,
        3.4108520055800002,
        3.44823981958,
        3.44382281458
      ],
      "exit_codes": [
        0,
        0,
        0,
        0,
        0,
        0,
        0,
        0,
        0,
        0
      ]
    }
  ]
}
