{
  "results": [
    {
      "command": "python ../ibis-renoir-compiler test.test_nexmark.TestNexmark.test_nexmark_query_6 --backend renoir --path_suffix _10000000",
      "mean": 18.50783878112,
      "stddev": 0.29144642211652116,
      "median": 18.42970490442,
      "user": 95.39934292000001,
      "system": 5.62339904,
      "min": 18.10322515392,
      "max": 19.169114915919998,
      "times": [
        18.241651644919997,
        18.67816547392,
        18.43154455392,
        18.42786525492,
        18.41303881392,
        18.39280646592,
        18.54687017792,
        18.10322515392,
        18.67410535592,
        19.169114915919998
      ],
      "exit_codes": [
        0,
        0,
        0,
        0,
        0,
        0,
        0,
        0,
        0,
        0
      ]
    },
    {
      "command": "python ../ibis-renoir-compiler test.test_nexmark.TestNexmark.test_nexmark_query_6 --backend duckdb --path_suffix _10000000",
      "mean": 2.9256579355200003,
      "stddev": 0.08268289630472786,
      "median": 2.90001034392,
      "user": 7.925555519999999,
      "system": 2.7991439399999996,
      "min": 2.85238485792,
      "max": 3.1402720689200003,
      "times": [
        2.95481949892,
        2.91215289392,
        3.1402720689200003,
        2.8784060999200003,
        2.90026599192,
        2.8912748239200003,
        2.95860706992,
        2.86864135392,
        2.89975469592,
        2.85238485792
      ],
      "exit_codes": [
        0,
        0,
        0,
        0,
        0,
        0,
        0,
        0,
        0,
        0
      ]
    }
  ]
}
