{
  "results": [
    {
      "command": "python ../ibis-renoir-compiler test.test_nexmark.TestNexmark.test_nexmark_query_1 --backend renoir --path_suffix _10000000",
      "mean": 3.03517195548,
      "stddev": 0.08089467314085001,
      "median": 3.0187038489799995,
      "user": 10.927846679999998,
      "system": 1.32994776,
      "min": 2.9628538924799996,
      "max": 3.22473315748,
      "times": [
        3.22473315748,
        3.12855494448,
        3.01532223148,
        2.97572523748,
        2.9820345094799996,
        2.9628538924799996,
        3.0220854664799996,
        2.9923457494799997,
        3.02219398548,
        3.02587038048
      ],
      "exit_codes": [
        0,
        0,
        0,
        0,
        0,
        0,
        0,
        0,
        0,
        0
      ]
    },
    {
      "command": "python ../ibis-renoir-compiler test.test_nexmark.TestNexmark.test_nexmark_query_1 --backend duckdb --path_suffix _10000000",
      "mean": 4.08515279868,
      "stddev": 0.044169501687182366,
      "median": 4.08503053948,
      "user": 3.4665318799999993,
      "system": 1.77202496,
      "min": 4.0115015854800005,
      "max": 4.14916415348,
      "times": [
        4.09498151148,
        4.0115015854800005,
        4.14916415348,
        4.07980914048,
        4.0565496344800005,
        4.134760781480001,
        4.02986572048,
        4.12483438048,
        4.0857302114800005,
        4.08433086748
      ],
      "exit_codes": [
        0,
        0,
        0,
        0,
        0,
        0,
        0,
        0,
        0,
        0
      ]
    }
  ]
}
