{
  "results": [
    {
      "command": "python3 ../ibis-renoir-compiler test.test_operators.TestNullableOperators.test_nullable_left_join --backend duckdb --path_suffix _10000000 --table_origin backend",
      "mean": 12.71353068788,
      "stddev": 0.3659394775088347,
      "median": 12.582882149980001,
      "user": 14.622829359999997,
      "system": 1.78458218,
      "min": 12.40371036598,
      "max": 13.549626892980001,
      "times": [
        12.59905852398,
        12.48465300698,
        12.40371036598,
        12.523596124980001,
        13.20257928298,
        12.57245247198,
        13.549626892980001,
        12.676329904980001,
        12.593311827980001,
        12.52998847598
      ],
      "exit_codes": [
        0,
        0,
        0,
        0,
        0,
        0,
        0,
        0,
        0,
        0
      ]
    }
  ]
}
