{
  "results": [
    {
      "command": "python3 ../ibis-renoir-compiler test.test_nexmark.TestNexmark.test_nexmark_query_1 --backend duckdb --path_suffix _10000000 --table_origin backend",
      "mean": 1.2346754838199998,
      "stddev": 0.00833963375121874,
      "median": 1.23815533832,
      "user": 1.33157372,
      "system": 0.9781179200000001,
      "min": 1.2217857443200002,
      "max": 1.2449101773200002,
      "times": [
        1.23964002432,
        1.22826446432,
        1.23738372632,
        1.24416316532,
        1.23892695032,
        1.22617495532,
        1.22588894932,
        1.23961668132,
        1.2217857443200002,
        1.2449101773200002
      ],
      "exit_codes": [
        0,
        0,
        0,
        0,
        0,
        0,
        0,
        0,
        0,
        0
      ]
    }
  ]
}
