{
  "results": [
    {
      "command": "python3 ../ibis-renoir-compiler test.test_nexmark.TestNexmark.test_nexmark_query_2 --backend duckdb --path_suffix _10000000 --table_origin backend",
      "mean": 0.7984576505600001,
      "stddev": 0.00589423884456932,
      "median": 0.7969475875600001,
      "user": 0.9628835600000001,
      "system": 0.7624966599999999,
      "min": 0.79132822156,
      "max": 0.81232166056,
      "times": [
        0.79859430756,
        0.79665679756,
        0.79603370356,
        0.79539001056,
        0.79723837756,
        0.81232166056,
        0.79132822156,
        0.80386722356,
        0.79914585256,
        0.79400035056
      ],
      "exit_codes": [
        0,
        0,
        0,
        0,
        0,
        0,
        0,
        0,
        0,
        0
      ]
    }
  ]
}
