{
  "results": [
    {
      "command": "python3 ../ibis-renoir-compiler test.test_operators.TestNullableOperators.test_nullable_windowing_explicit --backend renoir --path_suffix _100000000",
      "mean": 22.59478893372,
      "stddev": 0.43826564521545447,
      "median": 22.47775086952,
      "user": 62.27662779999999,
      "system": 2.21914614,
      "min": 22.30979409752,
      "max": 23.82138934752,
      "times": [
        23.82138934752,
        22.52355653652,
        22.47579649052,
        22.592593441520002,
        22.46885796752,
        22.30979409752,
        22.47970524852,
        22.38419554252,
        22.50056102852,
        22.39143963652
      ],
      "exit_codes": [
        0,
        0,
        0,
        0,
        0,
        0,
        0,
        0,
        0,
        0
      ]
    }
  ]
}
