{
  "results": [
    {
      "command": "python3 ../ibis-renoir-compiler test.test_operators.TestNullableOperators.test_nullable_filter_filter_select_select --backend renoir --path_suffix _100000000",
      "mean": 6.493466982759999,
      "stddev": 0.3394400923495818,
      "median": 6.41409985716,
      "user": 33.11154524,
      "system": 1.72486762,
      "min": 6.108231044659999,
      "max": 7.164195096659999,
      "times": [
        6.190061044659999,
        6.108231044659999,
        6.257134317659999,
        6.29447131266,
        6.23603505966,
        6.5337284016599995,
        6.5720568866599995,
        6.75783404066,
        6.8209226226599995,
        7.164195096659999
      ],
      "exit_codes": [
        0,
        0,
        0,
        0,
        0,
        0,
        0,
        0,
        0,
        0
      ]
    },
    {
      "command": "python3 ../ibis-renoir-compiler test.test_operators.TestNullableOperators.test_nullable_filter_filter_select_select --backend duckdb --path_suffix _100000000",
      "mean": 8.663910070460002,
      "stddev": 0.296085512604648,
      "median": 8.651942865159999,
      "user": 9.80999984,
      "system": 1.9782259199999994,
      "min": 8.26258113966,
      "max": 9.28206632066,
      "times": [
        8.29377643866,
        8.54015303766,
        8.26258113966,
        8.51526560066,
        8.76935807566,
        8.65439051466,
        8.64949521566,
        8.816575155659999,
        9.28206632066,
        8.85543920566
      ],
      "exit_codes": [
        0,
        0,
        0,
        0,
        0,
        0,
        0,
        0,
        0,
        0
      ]
    }
  ]
}
