{
  "results": [
    {
      "command": "python3 ../ibis-renoir-compiler test.test_operators.TestNullableOperators.test_nullable_inner_join_select --backend renoir --path_suffix _100000000",
      "mean": 21.015715647260002,
      "stddev": 0.5379511587415766,
      "median": 21.133444792859997,
      "user": 111.69869259999999,
      "system": 9.444857839999997,
      "min": 19.76343942436,
      "max": 21.60030033836,
      "times": [
        20.65781970336,
        21.60030033836,
        20.73154875736,
        20.95656956036,
        21.02934598936,
        19.76343942436,
        21.44001094136,
        21.39660347036,
        21.23754359636,
        21.34397469136
      ],
      "exit_codes": [
        0,
        0,
        0,
        0,
        0,
        0,
        0,
        0,
        0,
        0
      ]
    },
    {
      "command": "python3 ../ibis-renoir-compiler test.test_operators.TestNullableOperators.test_nullable_inner_join_select --backend duckdb --path_suffix _100000000",
      "mean": 8.158899477959999,
      "stddev": 0.2350709719756348,
      "median": 8.23628840486,
      "user": 26.581798599999996,
      "system": 5.66818114,
      "min": 7.656500257359999,
      "max": 8.39924230236,
      "times": [
        8.024484852359999,
        8.39924230236,
        8.26692518636,
        8.11176677236,
        8.34211832736,
        8.294658090359999,
        8.20565162336,
        8.36805280736,
        7.919594560359999,
        7.656500257359999
      ],
      "exit_codes": [
        0,
        0,
        0,
        0,
        0,
        0,
        0,
        0,
        0,
        0
      ]
    }
  ]
}
