{
  "results": [
    {
      "command": "python3 ../ibis-renoir-compiler test.test_operators.TestNullableOperators.test_nullable_filter_group_mutate --backend renoir --path_suffix _100000000",
      "mean": 9.6544371312,
      "stddev": 0.5158282085575194,
      "median": 9.7807068095,
      "user": 51.43889894,
      "system": 1.8160908800000002,
      "min": 8.432379456,
      "max": 10.155336292,
      "times": [
        8.432379456,
        9.216388991999999,
        10.155336292,
        9.842428760999999,
        9.579924554,
        9.718984857999999,
        10.090982368999999,
        9.990827079999999,
        9.548767542,
        9.968351408
      ],
      "exit_codes": [
        0,
        0,
        0,
        0,
        0,
        0,
        0,
        0,
        0,
        0
      ]
    },
    {
      "command": "python3 ../ibis-renoir-compiler test.test_operators.TestNullableOperators.test_nullable_filter_group_mutate --backend duckdb --path_suffix _100000000",
      "mean": 3.2134211309,
      "stddev": 0.11197615717429205,
      "median": 3.1941135895000006,
      "user": 12.94007324,
      "system": 2.4638555799999997,
      "min": 3.0841638870000003,
      "max": 3.434126806,
      "times": [
        3.2010218480000003,
        3.3381853980000002,
        3.2911810530000003,
        3.1872053310000004,
        3.1329879270000003,
        3.0848065030000003,
        3.434126806,
        3.169144578,
        3.2113879780000003,
        3.0841638870000003
      ],
      "exit_codes": [
        0,
        0,
        0,
        0,
        0,
        0,
        0,
        0,
        0,
        0
      ]
    }
  ]
}
