{
  "results": [
    {
      "command": "python ../ibis-quickstart test.test_nexmark.TestNexmark.test_nexmark_query_2 --backend renoir --path_suffix _1000000",
      "mean": 3.9199567517400005,
      "stddev": 0.18007919315638202,
      "median": 3.8848247556400004,
      "user": 12.703013239999995,
      "system": 0.9993479000000001,
      "min": 3.71305722614,
      "max": 4.30078227114,
      "times": [
        3.8372190601400002,
        3.71305722614,
        3.9671899931400003,
        3.7684274971400002,
        3.75551422814,
        4.30078227114,
        3.93243045114,
        4.0974427241399995,
        3.9950180421400003,
        3.83248602414
      ],
      "exit_codes": [
        0,
        0,
        0,
        0,
        0,
        0,
        0,
        0,
        0,
        0
      ]
    },
    {
      "command": "python ../ibis-quickstart test.test_nexmark.TestNexmark.test_nexmark_query_2 --backend duckdb --path_suffix _1000000",
      "mean": 1.28146285244,
      "stddev": 0.054439505651134514,
      "median": 1.2824334031399998,
      "user": 1.21360664,
      "system": 0.7613829,
      "min": 1.2196704571399999,
      "max": 1.39256558614,
      "times": [
        1.39256558614,
        1.28054659814,
        1.23061568014,
        1.2330621631399998,
        1.2196704571399999,
        1.30061535814,
        1.33277051814,
        1.30430552614,
        1.2843202081399998,
        1.23615642914
      ],
      "exit_codes": [
        0,
        0,
        0,
        0,
        0,
        0,
        0,
        0,
        0,
        0
      ]
    }
  ]
}
